{"type": "FeatureCollection", "features": [{"type": "Feature", "geometry": {"type": "LineString", "coordinates": [[-0.0985527, 51.5152689], [-0.0985444, 51.515194], [-0.0985408, 51.5151608], [-0.0984702, 51.5146643]]}, "properties": {"osm_id": 4084015, "category": "pedestrian", "cycleway:both": "no", "highway": "pedestrian", "lit": "yes", "name": "Queens Head Passage", "surface": "paving_stones"}}, {"type": "Feature", "geometry": {"type": "LineString", "coordinates": [[-0.0996233, 51.5148857], [-0.0996415, 51.51498], [-0.0996476, 51.5151289], [-0.0996537, 51.5152246], [-0.0996397, 51.5152983], [-0.0996175, 51.5153491], [-0.0995699, 51.5154167], [-0.099492, 51.5155132], [-0.0994834, 51.5155245], [-0.0994683, 51.5155486]]}, "properties": {"osm_id": 4084617, "category": "pedestrian", "highway": "pedestrian", "lit": "yes", "name": "Rose Steet", "surface": "paving_stones"}}, {"type": "Feature", "geometry": {"type": "LineString", "coordinates": [[-0.0944592, 51.520202], [-0.0943798, 51.5201714], [-0.0943629, 51.5201931], [-0.0942793, 51.5203342], [-0.0942195, 51.520394], [-0.0940777, 51.5204751], [-0.0939419, 51.5205164], [-0.0938049, 51.5205324], [-0.0937, 51.5205265], [-0.0935922, 51.5205118], [-0.0935055, 51.5204727], [-0.0934114, 51.520432], [-0.0933515, 51.5203815], [-0.0932894, 51.5203145], [-0.0932549, 51.5202478], [-0.0932502, 51.5202051], [-0.0932503, 51.520171], [-0.0932712, 51.5201088], [-0.0933, 51.5200605], [-0.093363, 51.5199577]]}, "properties": {"osm_id": 4255470, "category": "footway", "bicycle": "no", "highway": "footway", "layer": "1", "name": "Frobisher Crescent", "name:etymology:wikidata": "Q80288", "note": "Path at podium level, within building", "surface": "paving_stones"}}, {"type": "Feature", "geometry": {"type": "LineString", "coordinates": [[-0.0980382, 51.5197676], [-0.0980879, 51.5197547], [-0.0985589, 51.5196095], [-0.0986738, 51.5195744], [-0.0990783, 51.5194453], [-0.0992559, 51.5193753], [-0.0992678, 51.5193882]]}, "properties": {"osm_id": 4255736, "category": "footway", "highway": "footway", "name": "East Passage", "surface": "paving_stones"}}, {"type": "Feature", "geometry": {"type": "LineString", "coordinates": [[-0.0989512, 51.5193513], [-0.0989812, 51.5193665], [-0.0989911, 51.5193772], [-0.0990439, 51.5194342], [-0.0990783, 51.5194453], [-0.0990938, 51.5194566]]}, "properties": {"osm_id": 4255737, "category": "footway", "highway": "footway", "surface": "paving_stones"}}, {"type": "Feature", "geometry": {"type": "LineString", "coordinates": [[-0.0967424, 51.5177115], [-0.09655, 51.5180413]]}, "properties": {"osm_id": 4259648, "category": "footway", "highway": "footway", "layer": "1", "level": "1", "name": "John Wesley Highwalk", "surface": "paved", "tunnel": "building_passage"}}, {"type": "Feature", "geometry": {"type": "LineString", "coordinates": [[-0.0977254, 51.5194194], [-0.0976756, 51.5194237], [-0.0973497, 51.5194464]]}, "properties": {"osm_id": 4268633, "category": "footway", "highway": "footway", "name": "Braidwood Passage", "name:etymology:wikidata": "Q6130162", "surface": "paved", "tunnel": "building_passage"}}, {"type": "Feature", "geometry": {"type": "LineString", "coordinates": [[-0.0953972, 51.5172207], [-0.095395, 51.5172282], [-0.0953922, 51.51724], [-0.0953986, 51.5173054]]}, "properties": {"osm_id": 4268687, "category": "pedestrian", "bicycle": "yes", "foot": "yes", "highway": "pedestrian", "name": "Noble Street", "oneway": "no", "surface": "asphalt"}}, {"type": "Feature", "geometry": {"type": "LineString", "coordinates": [[-0.0961167, 51.5176408], [-0.0957583, 51.5176388], [-0.0955196, 51.5176373], [-0.0954912, 51.517637]]}, "properties": {"osm_id": 6246401, "category": "footway", "highway": "footway", "layer": "1", "level": "1", "name": "Bastion Highwalk", "surface": "paving_stones", "tunnel": "building_passage"}}, {"type": "Feature", "geometry": {"type": "LineString", "coordinates": [[-0.0964178, 51.5185359], [-0.0964073, 51.518554], [-0.0968437, 51.518654], [-0.0967918, 51.5187417], [-0.0966077, 51.5190529]]}, "properties": {"osm_id": 6246403, "category": "footway", "bridge": "yes", "highway": "footway", "layer": "1", "level": "1", "name": "John Wesley Highwalk", "tunnel": "building_passage"}}, {"type": "Feature", "geometry": {"type": "LineString", "coordinates": [[-0.0967918, 51.5187417], [-0.0968212, 51.5187485], [-0.0968662, 51.5187588], [-0.0968556, 51.5187772]]}, "properties": {"osm_id": 6246405, "category": "footway", "covered": "yes", "highway": "footway", "layer": "1", "level": "1", "lit": "yes", "tunnel": "building_passage"}}, {"type": "Feature", "geometry": {"type": "LineString", "coordinates": [[-0.093233, 51.520964], [-0.0932242, 51.5209306], [-0.0932181, 51.5209072], [-0.093168, 51.5208644], [-0.0931404, 51.5208166], [-0.0931316, 51.5208015], [-0.0931495, 51.5207292], [-0.0931166, 51.520684], [-0.0930259, 51.5206547], [-0.0929069, 51.5204092], [-0.0927817, 51.5201537], [-0.0927634, 51.5200957], [-0.092779, 51.5200637], [-0.0926165, 51.5199554]]}, "properties": {"osm_id": 6246407, "category": "footway", "bicycle": "no", "highway": "footway", "layer": "1"}}, {"type": "Feature", "geometry": {"type": "LineString", "coordinates": [[-0.0990027, 51.5176929], [-0.0989906, 51.5177034], [-0.098955, 51.5177342], [-0.0986846, 51.5178879]]}, "properties": {"osm_id": 6246731, "category": "footway", "highway": "footway", "surface": "paving_stones"}}, {"type": "Feature", "geometry": {"type": "LineString", "coordinates": [[-0.0920533, 51.5153853], [-0.0920678, 51.5153168], [-0.092104, 51.5151461]]}, "properties": {"osm_id": 8431662, "category": "pedestrian", "foot": "yes", "highway": "pedestrian", "name": "Guildhall Yard", "name:etymology:wikidata": "Q81279", "surface": "asphalt"}}, {"type": "Feature", "geometry": {"type": "LineString", "coordinates": [[-0.0920533, 51.5153853], [-0.0918094, 51.5154032], [-0.0918024, 51.5154037]]}, "properties": {"osm_id": 8431663, "category": "pedestrian", "foot": "yes", "highway": "pedestrian", "name": "Guildhall Yard", "name:etymology:wikidata": "Q81279", "surface": "paving_stones"}}, {"type": "Feature", "geometry": {"type": "LineString", "coordinates": [[-0.093885, 51.5171297], [-0.0938396, 51.5171203], [-0.093725, 51.5170921], [-0.0936606, 51.5170763]]}, "properties": {"osm_id": 22751854, "category": "footway", "highway": "footway"}}, {"type": "Feature", "geometry": {"type": "LineString", "coordinates": [[-0.0901917, 51.5157456], [-0.0903965, 51.5157655], [-0.090462, 51.5157693], [-0.0906184, 51.5157713]]}, "properties": {"osm_id": 23172873, "category": "footway", "highway": "footway", "name": "Masons Avenue", "surface": "paved"}}, {"type": "Feature", "geometry": {"type": "LineString", "coordinates": [[-0.0967829, 51.5176395], [-0.0966668, 51.5176127], [-0.0966319, 51.5176005], [-0.096614, 51.5175775], [-0.0966181, 51.5175469], [-0.0966465, 51.5175159], [-0.0966917, 51.5174926], [-0.0968317, 51.5174486]]}, "properties": {"osm_id": 23712372, "category": "footway", "bridge": "yes", "highway": "footway", "layer": "1", "level": "1", "name": "Nettleton Court", "surface": "paved"}}, {"type": "Feature", "geometry": {"type": "LineString", "coordinates": [[-0.0968317, 51.5174486], [-0.0968131, 51.5174201], [-0.0966949, 51.5172193]]}, "properties": {"osm_id": 23712373, "category": "footway", "bridge": "yes", "highway": "footway", "layer": "1", "level": "1"}}, {"type": "Feature", "geometry": {"type": "LineString", "coordinates": [[-0.0922442, 51.5221848], [-0.0922119, 51.5220389], [-0.0921975, 51.5219734]]}, "properties": {"osm_id": 26617768, "category": "footway", "highway": "footway", "lit": "yes", "name": "Cherry Tree Walk", "source": "survey", "surface": "concrete:plates"}}, {"type": "Feature", "geometry": {"type": "LineString", "coordinates": [[-0.0954435, 51.5155315], [-0.095299, 51.5155255], [-0.0952469, 51.5158055], [-0.0952085, 51.5158394]]}, "properties": {"osm_id": 28811331, "category": "footway", "highway": "footway"}}, {"type": "Feature", "geometry": {"type": "LineString", "coordinates": [[-0.0954528, 51.5150408], [-0.0955924, 51.5150413]]}, "properties": {"osm_id": 28811333, "category": "footway", "highway": "footway", "name": "Priest's Court"}}, {"type": "Feature", "geometry": {"type": "LineString", "coordinates": [[-0.0959713, 51.5150861], [-0.095971, 51.5151339], [-0.0961149, 51.5151374]]}, "properties": {"osm_id": 28811334, "category": "footway", "highway": "footway", "name": "Rose and Crown Court"}}, {"type": "Feature", "geometry": {"type": "LineString", "coordinates": [[-0.1000308, 51.5188521], [-0.1000535, 51.5188732], [-0.1000604, 51.5188796], [-0.10021, 51.5190226], [-0.1001973, 51.5190461], [-0.0999615, 51.5191335]]}, "properties": {"osm_id": 31755874, "category": "footway", "highway": "footway", "name": "Cloth Court", "surface": "paving_stones"}}, {"type": "Feature", "geometry": {"type": "LineString", "coordinates": [[-0.0991012, 51.5192916], [-0.0990812, 51.519275], [-0.0988061, 51.5190458], [-0.0988133, 51.5190271], [-0.098824, 51.5189989], [-0.0988668, 51.5189286]]}, "properties": {"osm_id": 31755875, "category": "footway", "highway": "footway", "name": "Bartholomew Passage"}}, {"type": "Feature", "geometry": {"type": "LineString", "coordinates": [[-0.0972512, 51.5203714], [-0.0972743, 51.5203655], [-0.0975659, 51.520213]]}, "properties": {"osm_id": 34039997, "category": "footway", "bridge": "yes", "highway": "footway", "layer": "1", "lit": "yes", "surface": "asphalt"}}, {"type": "Feature", "geometry": {"type": "LineString", "coordinates": [[-0.0971729, 51.5215774], [-0.0971524, 51.521535], [-0.0970774, 51.5213464], [-0.0969219, 51.5210208], [-0.0968967, 51.5209715]]}, "properties": {"osm_id": 34039998, "category": "footway", "highway": "footway", "layer": "1", "name": "White Lyon Court"}}, {"type": "Feature", "geometry": {"type": "LineString", "coordinates": [[-0.0942388, 51.5197711], [-0.0944885, 51.5198327]]}, "properties": {"osm_id": 34040003, "category": "steps", "handrail": "yes", "highway": "steps", "incline": "up", "layer": "1", "level": "0;1", "lit": "24/7", "ramp": "no", "step_count": "48", "surface": "paving_stones", "tactile_paving": "no"}}, {"type": "Feature", "geometry": {"type": "LineString", "coordinates": [[-0.0931384, 51.5189507], [-0.0928142, 51.5194953]]}, "properties": {"osm_id": 34040007, "category": "footway", "bridge": "yes", "highway": "footway", "layer": "1", "lit": "yes", "name": "Gilbert Bridge", "surface": "tiles", "tunnel": "building_passage"}}, {"type": "Feature", "geometry": {"type": "LineString", "coordinates": [[-0.0928142, 51.5194953], [-0.0928238, 51.5196024]]}, "properties": {"osm_id": 34040008, "category": "footway", "bridge": "yes", "highway": "footway", "layer": "1"}}, {"type": "Feature", "geometry": {"type": "LineString", "coordinates": [[-0.0933744, 51.518234], [-0.0931328, 51.518642]]}, "properties": {"osm_id": 34040010, "category": "footway", "highway": "footway", "layer": "1", "level": "2", "name": "The Postern", "postal_code": "EC2", "surface": "tiles", "tunnel": "building_passage"}}, {"type": "Feature", "geometry": {"type": "LineString", "coordinates": [[-0.0942131, 51.5186684], [-0.0942395, 51.5186241]]}, "properties": {"osm_id": 34040014, "category": "steps", "highway": "steps"}}, {"type": "Feature", "geometry": {"type": "LineString", "coordinates": [[-0.0942395, 51.5186241], [-0.0942926, 51.5185343]]}, "properties": {"osm_id": 34040016, "category": "footway", "access": "private", "bridge": "yes", "highway": "footway", "layer": "1"}}, {"type": "Feature", "geometry": {"type": "LineString", "coordinates": [[-0.0942926, 51.5185343], [-0.0942961, 51.5185282]]}, "properties": {"osm_id": 34040017, "category": "footway", "access": "private", "highway": "footway", "layer": "1"}}, {"type": "Feature", "geometry": {"type": "LineString", "coordinates": [[-0.0967181, 51.5171843], [-0.096749, 51.5171874], [-0.0967782, 51.5171903], [-0.0968295, 51.5171955]]}, "properties": {"osm_id": 49776813, "category": "footway", "highway": "footway", "surface": "paved"}}, {"type": "Feature", "geometry": {"type": "LineString", "coordinates": [[-0.0968317, 51.5174486], [-0.096891, 51.5174409], [-0.0969436, 51.5174421], [-0.0969961, 51.5174498], [-0.0970533, 51.5174736]]}, "properties": {"osm_id": 49776815, "category": "footway", "bridge": "yes", "highway": "footway", "layer": "1", "level": "1", "name": "Nettleton Court", "surface": "paved"}}, {"type": "Feature", "geometry": {"type": "LineString", "coordinates": [[-0.0904742, 51.5194952], [-0.0908224, 51.5195756], [-0.0916649, 51.5197703], [-0.0917557, 51.5197838], [-0.0917981, 51.5197901], [-0.0926165, 51.5199554]]}, "properties": {"osm_id": 49776817, "category": "footway", "highway": "footway", "layer": "1", "name": "Speed Highwalk", "name:etymology:wikidata": "Q1245028"}}, {"type": "Feature", "geometry": {"type": "LineString", "coordinates": [[-0.0914292, 51.5185567], [-0.0913841, 51.5186325], [-0.0913432, 51.5187012], [-0.0913374, 51.5187109], [-0.0913111, 51.5187551], [-0.0912744, 51.5188168], [-0.0912406, 51.5188735], [-0.0912013, 51.5189395], [-0.0911676, 51.5189961], [-0.091134, 51.5190526], [-0.0910945, 51.519119], [-0.0910618, 51.5191738], [-0.0910218, 51.5192411], [-0.0909901, 51.5192942], [-0.0909315, 51.5193927]]}, "properties": {"osm_id": 49776818, "category": "footway", "highway": "footway", "layer": "1", "name": "Brandon Mews", "note": "Fairly wide path, the west side is in the open air, the east side is covered"}}, {"type": "Feature", "geometry": {"type": "LineString", "coordinates": [[-0.0933894, 51.5199404], [-0.0934792, 51.5199598], [-0.0935468, 51.5199923], [-0.0936749, 51.520022], [-0.0940868, 51.5201179], [-0.0941887, 51.520138], [-0.0942209, 51.5201361], [-0.0942621, 51.5200712]]}, "properties": {"osm_id": 49776819, "category": "footway", "bicycle": "no", "highway": "footway", "layer": "2"}}, {"type": "Feature", "geometry": {"type": "LineString", "coordinates": [[-0.0973853, 51.5151562], [-0.0973748, 51.5151492], [-0.0973227, 51.5151144], [-0.0973971, 51.5150184], [-0.0974039, 51.5150084]]}, "properties": {"osm_id": 49780446, "category": "footway", "footway": "traffic_island", "highway": "footway", "lit": "yes", "surface": "paved"}}, {"type": "Feature", "geometry": {"type": "LineString", "coordinates": [[-0.0972459, 51.5172734], [-0.0971916, 51.5172377], [-0.0971757, 51.5172466], [-0.097205, 51.5172667]]}, "properties": {"osm_id": 49780460, "category": "steps", "highway": "steps", "incline": "down", "indoor": "yes", "surface": "paved"}}, {"type": "Feature", "geometry": {"type": "LineString", "coordinates": [[-0.0970533, 51.5174736], [-0.0970998, 51.5174968], [-0.0971402, 51.517553], [-0.0971432, 51.5175994], [-0.0971293, 51.5176434], [-0.0970902, 51.5176762], [-0.0970558, 51.5176897], [-0.097022, 51.517692], [-0.0967829, 51.5176395]]}, "properties": {"osm_id": 49780461, "category": "footway", "bridge": "yes", "highway": "footway", "layer": "1", "level": "1", "name": "Nettleton Court", "surface": "paved"}}, {"type": "Feature", "geometry": {"type": "LineString", "coordinates": [[-0.0937084, 51.5176258], [-0.093506, 51.5179682], [-0.0934665, 51.5180346]]}, "properties": {"osm_id": 49780464, "category": "footway", "highway": "footway", "layer": "1", "level": "1", "name": "Alban Highwalk", "name:etymology:wikidata": "Q7592245", "postal_code": "EC2"}}, {"type": "Feature", "geometry": {"type": "LineString", "coordinates": [[-0.0970533, 51.5174736], [-0.09708, 51.5174479], [-0.0972091, 51.5173035]]}, "properties": {"osm_id": 49780465, "category": "footway", "bridge": "yes", "highway": "footway", "layer": "1", "level": "1"}}, {"type": "Feature", "geometry": {"type": "LineString", "coordinates": [[-0.0971805, 51.5172832], [-0.0971464, 51.5172967]]}, "properties": {"osm_id": 49780466, "category": "footway", "highway": "footway"}}, {"type": "Feature", "geometry": {"type": "LineString", "coordinates": [[-0.1001118, 51.5193099], [-0.100106, 51.5193027], [-0.1000634, 51.5192531], [-0.1000281, 51.5192109], [-0.0999615, 51.5191335], [-0.0998293, 51.5190209], [-0.09981, 51.5190044]]}, "properties": {"osm_id": 60258520, "category": "footway", "highway": "footway", "name": "Rising Sun Court", "surface": "paving_stones"}}, {"type": "Feature", "geometry": {"type": "LineString", "coordinates": [[-0.0924684, 51.5171091], [-0.0924631, 51.5171181], [-0.0923924, 51.5172356], [-0.0923756, 51.5172657], [-0.0923536, 51.5173052], [-0.0923038, 51.5173943], [-0.0922852, 51.5174276]]}, "properties": {"osm_id": 73833284, "category": "footway", "highway": "footway", "name": "Brewers' Hall Garden", "surface": "paved"}}, {"type": "Feature", "geometry": {"type": "LineString", "coordinates": [[-0.0937084, 51.5176258], [-0.0936619, 51.5176081], [-0.0935225, 51.5176008], [-0.0932738, 51.5175878], [-0.0932548, 51.5175868], [-0.0932537, 51.5176471], [-0.0933944, 51.5176816]]}, "properties": {"osm_id": 98663253, "category": "footway", "highway": "footway", "layer": "1", "level": "1", "lit": "yes", "name": "Alban Highwalk", "name:etymology:wikidata": "Q7592245", "surface": "paving_stones"}}, {"type": "Feature", "geometry": {"type": "LineString", "coordinates": [[-0.090655, 51.5185166], [-0.09097, 51.518598]]}, "properties": {"osm_id": 98663266, "category": "footway", "bridge": "yes", "highway": "footway", "layer": "1", "name": "Moorfields Highwalk"}}, {"type": "Feature", "geometry": {"type": "LineString", "coordinates": [[-0.0910031, 51.5186057], [-0.0913432, 51.5187012]]}, "properties": {"osm_id": 98663271, "category": "footway", "highway": "footway", "layer": "1", "name": "Moorfields Highwalk"}}, {"type": "Feature", "geometry": {"type": "LineString", "coordinates": [[-0.0957583, 51.5176388], [-0.0957433, 51.5176155], [-0.0956084, 51.5173971]]}, "properties": {"osm_id": 98668511, "category": "footway", "bridge": "yes", "highway": "footway", "layer": "1", "level": "1", "surface": "paved"}}, {"type": "Feature", "geometry": {"type": "LineString", "coordinates": [[-0.0997008, 51.5174492], [-0.0997159, 51.5174177], [-0.0998348, 51.5173369], [-0.0999554, 51.517255], [-0.1000071, 51.5172458], [-0.100062, 51.5172501], [-0.1004483, 51.5174703], [-0.1004742, 51.5175002], [-0.1004589, 51.517534], [-0.1003352, 51.5176181], [-0.1002275, 51.5176913], [-0.1001551, 51.5177134]]}, "properties": {"osm_id": 98981180, "category": "pedestrian", "emergency": "yes", "highway": "pedestrian", "motor_vehicle": "private", "source": "survey"}}, {"type": "Feature", "geometry": {"type": "LineString", "coordinates": [[-0.0899886, 51.5177597], [-0.090032, 51.5176866]]}, "properties": {"osm_id": 99430321, "category": "footway", "bridge": "yes", "covered": "yes", "highway": "footway", "layer": "1"}}, {"type": "Feature", "geometry": {"type": "LineString", "coordinates": [[-0.0936619, 51.5176081], [-0.0936757, 51.517361]]}, "properties": {"osm_id": 99430330, "category": "footway", "bridge": "yes", "highway": "footway", "layer": "1"}}, {"type": "Feature", "geometry": {"type": "LineString", "coordinates": [[-0.0918663, 51.5180063], [-0.0918999, 51.5180118]]}, "properties": {"osm_id": 99430336, "category": "steps", "handrail": "yes", "highway": "steps", "incline": "down"}}, {"type": "Feature", "geometry": {"type": "LineString", "coordinates": [[-0.0933944, 51.5176816], [-0.0934061, 51.5176674], [-0.0934351, 51.5176313]]}, "properties": {"osm_id": 99430340, "category": "steps", "access": "no", "highway": "steps", "note": "Closed during long term construction work - paths may be removed/rerouted after completion"}}, {"type": "Feature", "geometry": {"type": "LineString", "coordinates": [[-0.0899282, 51.5178621], [-0.0899499, 51.5178668], [-0.0900354, 51.517721]]}, "properties": {"osm_id": 99430345, "category": "steps", "bridge": "yes", "handrail": "yes", "highway": "steps", "incline": "down", "layer": "1"}}, {"type": "Feature", "geometry": {"type": "LineString", "coordinates": [[-0.0947109, 51.5176258], [-0.0947119, 51.5176463], [-0.0948097, 51.5176469]]}, "properties": {"osm_id": 99430347, "category": "steps", "highway": "steps", "incline": "down", "level": "0;1", "tunnel": "building_passage"}}, {"type": "Feature", "geometry": {"type": "LineString", "coordinates": [[-0.095769, 51.5165626], [-0.0957956, 51.5165969]]}, "properties": {"osm_id": 99430355, "category": "footway", "highway": "footway"}}, {"type": "Feature", "geometry": {"type": "LineString", "coordinates": [[-0.0941908, 51.517621], [-0.0941828, 51.5176319], [-0.0941553, 51.517664], [-0.0940875, 51.517745], [-0.0940833, 51.5177675], [-0.0940607, 51.5178093]]}, "properties": {"osm_id": 100691383, "category": "footway", "covered": "yes", "highway": "footway"}}, {"type": "Feature", "geometry": {"type": "LineString", "coordinates": [[-0.0972457, 51.5151283], [-0.0971956, 51.5151255], [-0.0971614, 51.5151236], [-0.0971497, 51.515123]]}, "properties": {"osm_id": 105557632, "category": "footway", "crossing": "marked", "crossing:markings": "dots", "footway": "crossing", "highway": "footway", "lit": "yes", "surface": "asphalt"}}, {"type": "Feature", "geometry": {"type": "LineString", "coordinates": [[-0.0941822, 51.5212917], [-0.0942405, 51.5212802], [-0.0943266, 51.5212631], [-0.0944357, 51.5212419], [-0.0944598, 51.5211612], [-0.0945037, 51.5211507], [-0.0947063, 51.5211556], [-0.0949813, 51.521114]]}, "properties": {"osm_id": 115999164, "category": "footway", "highway": "footway", "name:etymology:wikidata": "Q1619586", "ref:GB:usrn": "8100158", "street:name": "Cripplegate Street", "surface": "paved"}}, {"type": "Feature", "geometry": {"type": "LineString", "coordinates": [[-0.0957956, 51.5165969], [-0.0958684, 51.5166082], [-0.0959363, 51.5166032]]}, "properties": {"osm_id": 126469167, "category": "footway", "highway": "footway", "surface": "paving_stones"}}, {"type": "Feature", "geometry": {"type": "LineString", "coordinates": [[-0.0931046, 51.5153966], [-0.0929995, 51.5153974], [-0.0926708, 51.5153997], [-0.0926096, 51.5154557]]}, "properties": {"osm_id": 126469808, "category": "footway", "highway": "footway", "surface": "paving_stones"}}, {"type": "Feature", "geometry": {"type": "LineString", "coordinates": [[-0.0978741, 51.5167331], [-0.098171, 51.5167512], [-0.0982594, 51.5167434], [-0.0983541, 51.5167319], [-0.0984016, 51.5167052], [-0.098409, 51.516669], [-0.0984288, 51.5166681], [-0.0984724, 51.5166665], [-0.0985562, 51.5166633]]}, "properties": {"osm_id": 146392408, "category": "footway", "highway": "footway", "surface": "paving_stones"}}, {"type": "Feature", "geometry": {"type": "LineString", "coordinates": [[-0.0969693, 51.5168545], [-0.0969991, 51.5168566], [-0.0971845, 51.5168537], [-0.0972034, 51.5168786], [-0.0972248, 51.5168885], [-0.0972968, 51.5168877], [-0.0973169, 51.5168792], [-0.0973339, 51.5168543], [-0.0974091, 51.5168552], [-0.0974826, 51.5168544], [-0.0975927, 51.5168532]]}, "properties": {"osm_id": 146392409, "category": "footway", "highway": "footway", "surface": "paving_stones"}}, {"type": "Feature", "geometry": {"type": "LineString", "coordinates": [[-0.098409, 51.516669], [-0.0983372, 51.5166408], [-0.0982685, 51.5166249], [-0.0981429, 51.516631], [-0.0980188, 51.516638], [-0.0978781, 51.5166786]]}, "properties": {"osm_id": 146392410, "category": "footway", "highway": "footway", "lit": "no", "surface": "paving_stones"}}, {"type": "Feature", "geometry": {"type": "LineString", "coordinates": [[-0.100038, 51.5157833], [-0.1000148, 51.5159276], [-0.1000064, 51.5160112], [-0.0993951, 51.5159799], [-0.0992286, 51.5159713], [-0.099172, 51.5159671], [-0.0991717, 51.5159716], [-0.098776, 51.5159543], [-0.0987393, 51.5159518]]}, "properties": {"osm_id": 147850629, "category": "footway", "bicycle": "no", "foot": "yes", "highway": "footway", "motor_vehicle": "no", "surface": "paving_stones"}}, {"type": "Feature", "geometry": {"type": "LineString", "coordinates": [[-0.099406, 51.5159023], [-0.0999427, 51.5159232], [-0.1000148, 51.5159276]]}, "properties": {"osm_id": 147850630, "category": "footway", "highway": "footway", "surface": "paving_stones"}}, {"type": "Feature", "geometry": {"type": "LineString", "coordinates": [[-0.0979884, 51.5152587], [-0.0980357, 51.5152874], [-0.097984, 51.5152821], [-0.0979673, 51.5152738]]}, "properties": {"osm_id": 152107550, "category": "footway", "highway": "footway", "indoor": "yes", "layer": "-4", "level": "-4", "tunnel": "yes"}}, {"type": "Feature", "geometry": {"type": "LineString", "coordinates": [[-0.0979673, 51.5152738], [-0.0976132, 51.5150816]]}, "properties": {"osm_id": 152107561, "category": "steps", "conveying": "yes", "highway": "steps", "incline": "up", "indoor": "yes", "layer": "-4", "level": "-4;-1", "tunnel": "yes"}}, {"type": "Feature", "geometry": {"type": "LineString", "coordinates": [[-0.0970955, 51.5149649], [-0.0971118, 51.51501]]}, "properties": {"osm_id": 152107562, "category": "steps", "handrail": "yes", "highway": "steps", "incline": "down", "level": "-0.5;0", "lit": "yes", "ramp": "no", "step_count": "17"}}, {"type": "Feature", "geometry": {"type": "LineString", "coordinates": [[-0.0980095, 51.5152437], [-0.0980271, 51.5152532], [-0.0980357, 51.5152874], [-0.0981318, 51.5153468], [-0.0982687, 51.5153859], [-0.0983255, 51.5154021]]}, "properties": {"osm_id": 152107567, "category": "footway", "highway": "footway", "indoor": "yes", "layer": "-4", "level": "-4", "tunnel": "yes"}}, {"type": "Feature", "geometry": {"type": "LineString", "coordinates": [[-0.0976132, 51.5150816], [-0.0975825, 51.5150484], [-0.0974599, 51.5150017]]}, "properties": {"osm_id": 152107569, "category": "footway", "highway": "footway", "indoor": "yes", "layer": "-1", "level": "-1", "tunnel": "yes"}}, {"type": "Feature", "geometry": {"type": "LineString", "coordinates": [[-0.0975267, 51.5149292], [-0.0975232, 51.5149402], [-0.0974599, 51.5150017], [-0.0973971, 51.5150184], [-0.0972303, 51.5150227], [-0.0971656, 51.5150235]]}, "properties": {"osm_id": 152107571, "category": "footway", "highway": "footway", "indoor": "yes", "layer": "-1", "level": "-1", "tunnel": "yes"}}, {"type": "Feature", "geometry": {"type": "LineString", "coordinates": [[-0.0989366, 51.5184791], [-0.0988357, 51.5185383], [-0.0990737, 51.5186918], [-0.0988614, 51.5188116], [-0.098862, 51.5188256], [-0.0988662, 51.5189152], [-0.0988668, 51.5189286]]}, "properties": {"osm_id": 153808924, "category": "footway", "foot": "yes", "highway": "footway", "motor_vehicle": "no", "name": "Middlesex Passage", "surface": "paving_stones"}}, {"type": "Feature", "geometry": {"type": "LineString", "coordinates": [[-0.0999499, 51.5189056], [-0.0999196, 51.5188831], [-0.0999127, 51.518878], [-0.0998793, 51.5188519], [-0.0998762, 51.5188406], [-0.0998519, 51.5188134], [-0.0998237, 51.5187758], [-0.099817, 51.5187572], [-0.0998425, 51.5187314], [-0.0999095, 51.518693], [-0.0999132, 51.5186925], [-0.0999454, 51.5186754], [-0.099962, 51.5186679]]}, "properties": {"osm_id": 153817627, "category": "footway", "access": "permissive", "bicycle": "dismount", "highway": "footway", "horse": "no", "motor_vehicle": "no", "name": "Churchyard Path"}}, {"type": "Feature", "geometry": {"type": "LineString", "coordinates": [[-0.0967331, 51.5192624], [-0.0965518, 51.5195661], [-0.0970846, 51.5196893]]}, "properties": {"osm_id": 154416963, "category": "footway", "bridge": "yes", "highway": "footway", "level": "1", "lit": "yes", "name": "Seddon Highwalk", "surface": "paving_stones"}}, {"type": "Feature", "geometry": {"type": "LineString", "coordinates": [[-0.0922096, 51.5153936], [-0.0922422, 51.5153229], [-0.0921622, 51.5153087], [-0.0922282, 51.5151648], [-0.092104, 51.5151461], [-0.0920216, 51.5151365], [-0.0920361, 51.5151469], [-0.0920389, 51.5151563], [-0.0920188, 51.5152586], [-0.0920006, 51.5153219], [-0.0919414, 51.5153183], [-0.091945, 51.5153089], [-0.0919104, 51.5153074], [-0.0919025, 51.5153833], [-0.0920533, 51.5153853], [-0.0922096, 51.5153936]]}, "properties": {"osm_id": 156172969, "category": "pedestrian", "area": "yes", "highway": "pedestrian", "source": "Bing;photographic_survey", "surface": "paving_stones"}}, {"type": "Feature", "geometry": {"type": "LineString", "coordinates": [[-0.094831, 51.5176276], [-0.0947785, 51.5176255], [-0.0947109, 51.5176258], [-0.0943023, 51.5176292], [-0.0942052, 51.5176314], [-0.0941828, 51.5176319], [-0.0939675, 51.5176307], [-0.0937084, 51.5176258]]}, "properties": {"osm_id": 156190517, "category": "footway", "highway": "footway", "level": "1", "name": "Bastion Highwalk", "surface": "paved", "tunnel": "building_passage"}}, {"type": "Feature", "geometry": {"type": "LineString", "coordinates": [[-0.0936384, 51.5172719], [-0.0936266, 51.517289], [-0.093616, 51.5173056]]}, "properties": {"osm_id": 156190530, "category": "footway", "footway": "sidewalk", "highway": "footway"}}, {"type": "Feature", "geometry": {"type": "LineString", "coordinates": [[-0.0936384, 51.5172719], [-0.0935642, 51.5172527], [-0.0935432, 51.5172855], [-0.0936019, 51.5172997]]}, "properties": {"osm_id": 156190532, "category": "steps", "bridge": "yes", "handrail": "yes", "highway": "steps", "incline": "up", "layer": "1"}}, {"type": "Feature", "geometry": {"type": "LineString", "coordinates": [[-0.0934467, 51.5181115], [-0.093397, 51.5181954]]}, "properties": {"osm_id": 156197587, "category": "footway", "highway": "footway", "level": "2", "name": "Alban Highwalk", "name:etymology:wikidata": "Q7592245", "postal_code": "EC2", "surface": "tiles", "tunnel": "building_passage"}}, {"type": "Feature", "geometry": {"type": "LineString", "coordinates": [[-0.0934665, 51.5180346], [-0.0934486, 51.5180665], [-0.0934472, 51.5181005], [-0.0934467, 51.5181115]]}, "properties": {"osm_id": 156197588, "category": "footway", "bridge": "yes", "highway": "footway", "layer": "1", "name": "Alban Highwalk", "name:etymology:wikidata": "Q7592245", "postal_code": "EC2"}}, {"type": "Feature", "geometry": {"type": "LineString", "coordinates": [[-0.0933832, 51.5182188], [-0.0934051, 51.5182294], [-0.0933787, 51.5182273]]}, "properties": {"osm_id": 156197593, "category": "steps", "handrail": "yes", "highway": "steps", "incline": "down", "level": "1;2", "surface": "paving_stones"}}, {"type": "Feature", "geometry": {"type": "LineString", "coordinates": [[-0.0933383, 51.5182183], [-0.0934142, 51.5180928], [-0.0934472, 51.5181005]]}, "properties": {"osm_id": 156197601, "category": "footway", "footway": "sidewalk", "highway": "footway", "street:name": "Wood Street"}}, {"type": "Feature", "geometry": {"type": "LineString", "coordinates": [[-0.0914177, 51.5182155], [-0.0913356, 51.5183529]]}, "properties": {"osm_id": 156208055, "category": "footway", "bridge": "yes", "highway": "footway", "layer": "1", "level": "2", "tunnel": "building_passage"}}, {"type": "Feature", "geometry": {"type": "LineString", "coordinates": [[-0.0913356, 51.5183529], [-0.0913247, 51.518371]]}, "properties": {"osm_id": 156208064, "category": "footway", "highway": "footway", "layer": "1", "level": "2", "tunnel": "building_passage"}}, {"type": "Feature", "geometry": {"type": "LineString", "coordinates": [[-0.0913841, 51.5186325], [-0.0914345, 51.5186435]]}, "properties": {"osm_id": 156268366, "category": "footway", "highway": "footway", "source": "Bing;photographic_survey"}}, {"type": "Feature", "geometry": {"type": "LineString", "coordinates": [[-0.0912406, 51.5188735], [-0.0912904, 51.5188866]]}, "properties": {"osm_id": 156268367, "category": "footway", "highway": "footway", "source": "Bing;photographic_survey"}}, {"type": "Feature", "geometry": {"type": "LineString", "coordinates": [[-0.0913619, 51.518766], [-0.091423, 51.5187801]]}, "properties": {"osm_id": 156268368, "category": "steps", "bridge": "yes", "highway": "steps", "source": "Bing;photographic_survey"}}, {"type": "Feature", "geometry": {"type": "LineString", "coordinates": [[-0.0913138, 51.5189645], [-0.0912525, 51.5189504]]}, "properties": {"osm_id": 156268370, "category": "footway", "bridge": "yes", "highway": "footway", "layer": "1", "source": "Bing;photographic_survey"}}, {"type": "Feature", "geometry": {"type": "LineString", "coordinates": [[-0.0917159, 51.5186425], [-0.0915723, 51.5186096]]}, "properties": {"osm_id": 156268372, "category": "steps", "highway": "steps", "incline": "up", "note": "Access to Barbican Playgroup and Barbican Art Club", "source": "photograph"}}, {"type": "Feature", "geometry": {"type": "LineString", "coordinates": [[-0.0913432, 51.5187012], [-0.0913933, 51.518713]]}, "properties": {"osm_id": 156268373, "category": "footway", "highway": "footway", "source": "Bing;photographic_survey"}}, {"type": "Feature", "geometry": {"type": "LineString", "coordinates": [[-0.0912904, 51.5188866], [-0.0913516, 51.5189007]]}, "properties": {"osm_id": 156268374, "category": "steps", "bridge": "yes", "highway": "steps", "source": "Bing;photographic_survey"}}, {"type": "Feature", "geometry": {"type": "LineString", "coordinates": [[-0.0910618, 51.5191738], [-0.0911133, 51.5191851]]}, "properties": {"osm_id": 156268380, "category": "footway", "highway": "footway", "source": "Bing;photographic_survey"}}, {"type": "Feature", "geometry": {"type": "LineString", "coordinates": [[-0.0911676, 51.5189961], [-0.0912187, 51.5190074]]}, "properties": {"osm_id": 156268381, "category": "footway", "highway": "footway", "source": "Bing;photographic_survey"}}, {"type": "Feature", "geometry": {"type": "LineString", "coordinates": [[-0.0911847, 51.5190648], [-0.091134, 51.5190526]]}, "properties": {"osm_id": 156268383, "category": "footway", "highway": "footway", "source": "Bing;photographic_survey"}}, {"type": "Feature", "geometry": {"type": "LineString", "coordinates": [[-0.0913933, 51.518713], [-0.0914544, 51.518727]]}, "properties": {"osm_id": 156268384, "category": "footway", "bridge": "yes", "highway": "footway", "layer": "1", "source": "Bing;photographic_survey"}}, {"type": "Feature", "geometry": {"type": "LineString", "coordinates": [[-0.0913258, 51.5188268], [-0.0912744, 51.5188168]]}, "properties": {"osm_id": 156268386, "category": "footway", "highway": "footway", "source": "Bing;photographic_survey"}}, {"type": "Feature", "geometry": {"type": "LineString", "coordinates": [[-0.0913111, 51.5187551], [-0.0913619, 51.518766]]}, "properties": {"osm_id": 156268388, "category": "footway", "highway": "footway", "source": "Bing;photographic_survey"}}, {"type": "Feature", "geometry": {"type": "LineString", "coordinates": [[-0.0912525, 51.5189504], [-0.0912013, 51.5189395]]}, "properties": {"osm_id": 156268389, "category": "footway", "highway": "footway", "source": "Bing;photographic_survey"}}, {"type": "Feature", "geometry": {"type": "LineString", "coordinates": [[-0.0912461, 51.5190788], [-0.0911847, 51.5190648]]}, "properties": {"osm_id": 156268390, "category": "steps", "bridge": "yes", "highway": "steps", "layer": "1", "source": "Bing;photographic_survey"}}, {"type": "Feature", "geometry": {"type": "LineString", "coordinates": [[-0.091387, 51.5188409], [-0.0913258, 51.5188268]]}, "properties": {"osm_id": 156268394, "category": "footway", "bridge": "yes", "highway": "footway", "layer": "1", "source": "Bing;photographic_survey"}}, {"type": "Feature", "geometry": {"type": "LineString", "coordinates": [[-0.0911458, 51.5191304], [-0.0912072, 51.5191445]]}, "properties": {"osm_id": 156268395, "category": "footway", "bridge": "yes", "highway": "footway", "layer": "1", "source": "Bing;photographic_survey"}}, {"type": "Feature", "geometry": {"type": "LineString", "coordinates": [[-0.0910218, 51.5192411], [-0.0910739, 51.5192516]]}, "properties": {"osm_id": 156268396, "category": "footway", "highway": "footway", "source": "Bing;photographic_survey"}}, {"type": "Feature", "geometry": {"type": "LineString", "coordinates": [[-0.0910945, 51.519119], [-0.0911458, 51.5191304]]}, "properties": {"osm_id": 156268397, "category": "footway", "highway": "footway", "source": "Bing;photographic_survey"}}, {"type": "Feature", "geometry": {"type": "LineString", "coordinates": [[-0.0912187, 51.5190074], [-0.09128, 51.5190215]]}, "properties": {"osm_id": 156268398, "category": "footway", "bridge": "yes", "highway": "footway", "layer": "1", "source": "Bing;photographic_survey"}}, {"type": "Feature", "geometry": {"type": "LineString", "coordinates": [[-0.0910739, 51.5192516], [-0.0911354, 51.5192657]]}, "properties": {"osm_id": 156268399, "category": "footway", "bridge": "yes", "highway": "footway", "layer": "1", "source": "Bing;photographic_survey"}}, {"type": "Feature", "geometry": {"type": "LineString", "coordinates": [[-0.0910425, 51.5193045], [-0.091104, 51.5193186]]}, "properties": {"osm_id": 156268400, "category": "steps", "bridge": "yes", "highway": "steps", "layer": "1", "source": "Bing;photographic_survey"}}, {"type": "Feature", "geometry": {"type": "LineString", "coordinates": [[-0.0911133, 51.5191851], [-0.0911748, 51.5191993]]}, "properties": {"osm_id": 156268401, "category": "steps", "bridge": "yes", "handrail": "yes", "highway": "steps", "layer": "1", "source": "Bing;photographic_survey", "surface": "concrete", "tactile_paving": "no"}}, {"type": "Feature", "geometry": {"type": "LineString", "coordinates": [[-0.0914345, 51.5186435], [-0.0914956, 51.5186575]]}, "properties": {"osm_id": 156268402, "category": "steps", "bridge": "yes", "highway": "steps", "source": "Bing;photographic_survey"}}, {"type": "Feature", "geometry": {"type": "LineString", "coordinates": [[-0.0915938, 51.5185745], [-0.0915849, 51.5185907], [-0.0915723, 51.5186096]]}, "properties": {"osm_id": 156268404, "category": "footway", "highway": "footway"}}, {"type": "Feature", "geometry": {"type": "LineString", "coordinates": [[-0.0904742, 51.5194952], [-0.0904824, 51.5194813], [-0.0910031, 51.5186057]]}, "properties": {"osm_id": 156268405, "category": "footway", "highway": "footway", "layer": "1", "name": "Willoughby Highwalk", "name:etymology:wikidata": "Q5482808", "source": "Bing;photographic_survey", "surface": "paved"}}, {"type": "Feature", "geometry": {"type": "LineString", "coordinates": [[-0.0917582, 51.5189368], [-0.0918991, 51.5189703], [-0.0919512, 51.5188877], [-0.0918315, 51.5188613]]}, "properties": {"osm_id": 156268406, "category": "steps", "highway": "steps", "incline": "down", "source": "Bing;photographic_survey"}}, {"type": "Feature", "geometry": {"type": "LineString", "coordinates": [[-0.0931328, 51.518642], [-0.0931143, 51.5186733]]}, "properties": {"osm_id": 156402687, "category": "footway", "bridge": "yes", "highway": "footway", "layer": "1", "name": "The Postern", "postal_code": "EC2", "tunnel": "building_passage"}}, {"type": "Feature", "geometry": {"type": "LineString", "coordinates": [[-0.0932336, 51.5187906], [-0.0932016, 51.5188421]]}, "properties": {"osm_id": 156402690, "category": "footway", "highway": "footway", "layer": "-1", "level": "0", "surface": "paved", "tunnel": "yes"}}, {"type": "Feature", "geometry": {"type": "LineString", "coordinates": [[-0.0932016, 51.5188421], [-0.0931648, 51.518834], [-0.0931874, 51.5187995]]}, "properties": {"osm_id": 156402691, "category": "footway", "highway": "footway", "layer": "1", "level": "2", "surface": "paved"}}, {"type": "Feature", "geometry": {"type": "LineString", "coordinates": [[-0.0914292, 51.5185567], [-0.0914399, 51.5185391]]}, "properties": {"osm_id": 156402694, "category": "footway", "highway": "footway", "layer": "1", "level": "2", "name": "Brandon Mews", "surface": "paved", "tunnel": "building_passage"}}, {"type": "Feature", "geometry": {"type": "LineString", "coordinates": [[-0.0909901, 51.5192942], [-0.0910425, 51.5193045]]}, "properties": {"osm_id": 156402695, "category": "footway", "highway": "footway", "source": "Bing;photographic_survey"}}, {"type": "Feature", "geometry": {"type": "LineString", "coordinates": [[-0.0932002, 51.5187124], [-0.0931357, 51.5186975], [-0.0931409, 51.518686], [-0.0932194, 51.5187029]]}, "properties": {"osm_id": 156402703, "category": "steps", "handrail": "yes", "highway": "steps", "layer": "1", "source": "Bing;photographic_survey", "surface": "paved"}}, {"type": "Feature", "geometry": {"type": "LineString", "coordinates": [[-0.0916003, 51.5208252], [-0.0916257, 51.5207232]]}, "properties": {"osm_id": 160279492, "category": "footway", "highway": "footway", "lit": "yes", "surface": "sett"}}, {"type": "Feature", "geometry": {"type": "LineString", "coordinates": [[-0.0968378, 51.5201055], [-0.0969216, 51.5202807]]}, "properties": {"osm_id": 160284980, "category": "footway", "highway": "footway", "layer": "1", "lit": "yes", "surface": "paving_stones", "tunnel": "building_passage"}}, {"type": "Feature", "geometry": {"type": "LineString", "coordinates": [[-0.0970846, 51.5196893], [-0.0971374, 51.5199232], [-0.09714, 51.5199376], [-0.0971421, 51.5199528], [-0.0971426, 51.5199705], [-0.0971386, 51.519988], [-0.0971302, 51.5200049], [-0.0971176, 51.5200208], [-0.09711, 51.5200286], [-0.0971006, 51.5200355], [-0.0970815, 51.5200491], [-0.0970584, 51.5200591], [-0.0970333, 51.5200674], [-0.0970041, 51.520074], [-0.0969752, 51.5200799], [-0.096857, 51.5201019]]}, "properties": {"osm_id": 160284982, "category": "footway", "bridge": "yes", "covered": "yes", "highway": "footway", "layer": "1", "level": "1", "name": "Seddon Highwalk"}}, {"type": "Feature", "geometry": {"type": "LineString", "coordinates": [[-0.0962209, 51.5201335], [-0.0962956, 51.5201496]]}, "properties": {"osm_id": 160284988, "category": "steps", "covered": "yes", "handrail": "yes", "highway": "steps", "incline": "up", "ramp": "no"}}, {"type": "Feature", "geometry": {"type": "LineString", "coordinates": [[-0.096829, 51.5200873], [-0.0967801, 51.5199854]]}, "properties": {"osm_id": 160284992, "category": "footway", "bridge": "yes", "highway": "footway", "layer": "1", "level": "2", "lit": "yes", "surface": "paving_stones", "tunnel": "building_passage"}}, {"type": "Feature", "geometry": {"type": "LineString", "coordinates": [[-0.0964281, 51.5201819], [-0.0968378, 51.5201055], [-0.096857, 51.5201019]]}, "properties": {"osm_id": 160284994, "category": "footway", "highway": "footway", "layer": "1", "level": "2", "surface": "paving_stones", "tunnel": "building_passage"}}, {"type": "Feature", "geometry": {"type": "LineString", "coordinates": [[-0.0962726, 51.5200535], [-0.0962476, 51.5200918]]}, "properties": {"osm_id": 160284996, "category": "footway", "covered": "yes", "highway": "footway"}}, {"type": "Feature", "geometry": {"type": "LineString", "coordinates": [[-0.0971022, 51.519819], [-0.0970728, 51.5198232], [-0.0970586, 51.519826], [-0.0970557, 51.5198352], [-0.0970643, 51.5198437], [-0.0970786, 51.5198452]]}, "properties": {"osm_id": 160285000, "category": "steps", "bridge": "yes", "handrail": "yes", "highway": "steps", "incline": "down", "layer": "1", "lit": "yes", "ramp": "no", "surface": "paving_stones"}}, {"type": "Feature", "geometry": {"type": "LineString", "coordinates": [[-0.0915993, 51.5169118], [-0.0916059, 51.516884], [-0.0916278, 51.5167925]]}, "properties": {"osm_id": 164141069, "category": "footway", "bridge": "yes", "highway": "footway", "layer": "1"}}, {"type": "Feature", "geometry": {"type": "LineString", "coordinates": [[-0.0916278, 51.5167925], [-0.0916878, 51.5166993]]}, "properties": {"osm_id": 164201021, "category": "footway", "covered": "yes", "highway": "footway"}}, {"type": "Feature", "geometry": {"type": "LineString", "coordinates": [[-0.0930617, 51.5163742], [-0.0932011, 51.5163984]]}, "properties": {"osm_id": 164201022, "category": "footway", "highway": "footway"}}, {"type": "Feature", "geometry": {"type": "LineString", "coordinates": [[-0.0930463, 51.5169348], [-0.0930262, 51.51693], [-0.093019, 51.5169421], [-0.0930025, 51.5169687]]}, "properties": {"osm_id": 164201025, "category": "footway", "footway": "sidewalk", "highway": "footway", "lit": "yes", "surface": "paved"}}, {"type": "Feature", "geometry": {"type": "LineString", "coordinates": [[-0.0930032, 51.5163636], [-0.092938, 51.5163534]]}, "properties": {"osm_id": 164201026, "category": "steps", "highway": "steps", "incline": "down", "step_count": "6"}}, {"type": "Feature", "geometry": {"type": "LineString", "coordinates": [[-0.0927, 51.516485], [-0.0927695, 51.5165104], [-0.0928352, 51.5165245]]}, "properties": {"osm_id": 164201029, "category": "footway", "highway": "footway"}}, {"type": "Feature", "geometry": {"type": "LineString", "coordinates": [[-0.0930711, 51.5163534], [-0.0930617, 51.5163742], [-0.0930523, 51.516395], [-0.0929936, 51.5163848], [-0.0930032, 51.5163636], [-0.0930124, 51.5163432], [-0.0930711, 51.5163534]]}, "properties": {"osm_id": 164201030, "category": "footway", "highway": "footway"}}, {"type": "Feature", "geometry": {"type": "LineString", "coordinates": [[-0.0936606, 51.5170763], [-0.0934114, 51.5170202], [-0.0931949, 51.5169691], [-0.0931834, 51.5169665]]}, "properties": {"osm_id": 164296393, "category": "footway", "covered": "no", "highway": "footway", "tunnel": "building_passage"}}, {"type": "Feature", "geometry": {"type": "LineString", "coordinates": [[-0.0931834, 51.5169665], [-0.0931139, 51.5169504], [-0.0930863, 51.516944]]}, "properties": {"osm_id": 164296394, "category": "footway", "footway": "sidewalk", "highway": "footway", "lit": "yes", "surface": "paved"}}, {"type": "Feature", "geometry": {"type": "LineString", "coordinates": [[-0.0950453, 51.5165434], [-0.0950295, 51.5165405], [-0.0949574, 51.5165296], [-0.0948883, 51.516525], [-0.0948427, 51.516528], [-0.0947972, 51.5165397], [-0.0947565, 51.5165564], [-0.0947253, 51.5165816]]}, "properties": {"osm_id": 164296396, "category": "footway", "highway": "footway", "name": "Oat Lane", "source": "survey", "surface": "paving_stones"}}, {"type": "Feature", "geometry": {"type": "LineString", "coordinates": [[-0.0943352, 51.5164986], [-0.0942989, 51.5164908]]}, "properties": {"osm_id": 164296398, "category": "footway", "highway": "footway", "name": "St Alban's Court", "source": "survey", "surface": "paving_stones"}}, {"type": "Feature", "geometry": {"type": "LineString", "coordinates": [[-0.0946439, 51.5167291], [-0.0947253, 51.5165816], [-0.0946531, 51.5165658]]}, "properties": {"osm_id": 164296399, "category": "footway", "highway": "footway", "name": "St Alban's Court", "source": "survey"}}, {"type": "Feature", "geometry": {"type": "LineString", "coordinates": [[-0.0946531, 51.5165658], [-0.0943352, 51.5164986]]}, "properties": {"osm_id": 164296400, "category": "footway", "covered": "no", "highway": "footway", "name": "St Alban's Court", "source": "survey", "tunnel": "building_passage"}}, {"type": "Feature", "geometry": {"type": "LineString", "coordinates": [[-0.0939871, 51.5172451], [-0.0941476, 51.5172802]]}, "properties": {"osm_id": 164296408, "category": "steps", "bridge": "yes", "conveying": "forward", "highway": "steps", "incline": "up", "layer": "1"}}, {"type": "Feature", "geometry": {"type": "LineString", "coordinates": [[-0.0959906, 51.5165982], [-0.0960596, 51.5166751]]}, "properties": {"osm_id": 164296410, "category": "footway", "bridge": "yes", "highway": "footway", "layer": "1"}}, {"type": "Feature", "geometry": {"type": "LineString", "coordinates": [[-0.0964445, 51.5162438], [-0.0964185, 51.5162924], [-0.0963949, 51.5163364], [-0.0963628, 51.5163871], [-0.0961342, 51.5163641], [-0.0960826, 51.516569], [-0.0960499, 51.51657], [-0.0960199, 51.5165826], [-0.0959906, 51.5165982]]}, "properties": {"osm_id": 164296412, "category": "footway", "highway": "footway", "surface": "paving_stones"}}, {"type": "Feature", "geometry": {"type": "LineString", "coordinates": [[-0.0977671, 51.5167677], [-0.0977364, 51.516762], [-0.0977099, 51.5167508], [-0.0976901, 51.5167351], [-0.0976788, 51.5167164], [-0.0976772, 51.5166964], [-0.0976854, 51.5166771], [-0.0977026, 51.5166603], [-0.09773, 51.5166465], [-0.0977633, 51.5166391], [-0.0977986, 51.516639], [-0.0978319, 51.5166462], [-0.0978594, 51.51666], [-0.0978781, 51.5166786], [-0.0978854, 51.5166968], [-0.097884, 51.5167155], [-0.0978741, 51.5167331], [-0.0978551, 51.5167493], [-0.0978291, 51.5167611], [-0.0977986, 51.5167674], [-0.0977671, 51.5167677]]}, "properties": {"osm_id": 170205793, "category": "footway", "highway": "footway", "lit": "no", "surface": "paving_stones"}}, {"type": "Feature", "geometry": {"type": "LineString", "coordinates": [[-0.0974826, 51.5168544], [-0.0974691, 51.5169448]]}, "properties": {"osm_id": 170205794, "category": "footway", "highway": "footway", "lit": "no", "surface": "paving_stones"}}, {"type": "Feature", "geometry": {"type": "LineString", "coordinates": [[-0.0977986, 51.5167674], [-0.0978316, 51.516896], [-0.0978454, 51.5169664]]}, "properties": {"osm_id": 170205795, "category": "footway", "highway": "footway", "lit": "no", "surface": "paving_stones"}}, {"type": "Feature", "geometry": {"type": "LineString", "coordinates": [[-0.0977432, 51.5169004], [-0.0976985, 51.5168708]]}, "properties": {"osm_id": 170205796, "category": "footway", "highway": "footway", "lit": "no", "surface": "paving_stones"}}, {"type": "Feature", "geometry": {"type": "LineString", "coordinates": [[-0.0976675, 51.5168706], [-0.097618, 51.5169005]]}, "properties": {"osm_id": 170205797, "category": "footway", "highway": "footway", "lit": "no", "surface": "paving_stones"}}, {"type": "Feature", "geometry": {"type": "LineString", "coordinates": [[-0.0973339, 51.5168543], [-0.0973265, 51.5168242], [-0.0972878, 51.5168131], [-0.0972215, 51.5168166], [-0.0971913, 51.5168276], [-0.0971845, 51.5168537]]}, "properties": {"osm_id": 170205798, "category": "footway", "highway": "footway", "surface": "paving_stones"}}, {"type": "Feature", "geometry": {"type": "LineString", "coordinates": [[-0.0977283, 51.5168147], [-0.0977452, 51.5168235], [-0.0977606, 51.5168374], [-0.0977684, 51.5168537], [-0.097768, 51.5168706], [-0.0977593, 51.5168867], [-0.0977432, 51.5169004], [-0.0977208, 51.5169105], [-0.0976945, 51.5169158], [-0.0976668, 51.5169159], [-0.0976404, 51.5169106], [-0.097618, 51.5169005], [-0.0976051, 51.5168904], [-0.0975963, 51.5168787], [-0.0975921, 51.5168661], [-0.0975927, 51.5168532], [-0.0975986, 51.51684], [-0.0976095, 51.5168281], [-0.0976248, 51.5168183], [-0.0976505, 51.5168093], [-0.0976794, 51.516806], [-0.0977085, 51.5168089], [-0.0977283, 51.5168147]]}, "properties": {"osm_id": 170205799, "category": "footway", "highway": "footway", "lit": "no", "surface": "paving_stones"}}, {"type": "Feature", "geometry": {"type": "LineString", "coordinates": [[-0.0977026, 51.5166603], [-0.0975904, 51.5166416], [-0.0974945, 51.5166472], [-0.0974541, 51.5166639], [-0.097424, 51.5166873], [-0.0974091, 51.5167666], [-0.0974091, 51.5168552]]}, "properties": {"osm_id": 170205800, "category": "footway", "highway": "footway", "surface": "paving_stones"}}, {"type": "Feature", "geometry": {"type": "LineString", "coordinates": [[-0.1000026, 51.5182891], [-0.0999705, 51.5183062], [-0.0999439, 51.5183203]]}, "properties": {"osm_id": 170509690, "category": "steps", "highway": "steps"}}, {"type": "Feature", "geometry": {"type": "LineString", "coordinates": [[-0.0996672, 51.5181356], [-0.0998034, 51.5180496]]}, "properties": {"osm_id": 170509693, "category": "footway", "highway": "footway", "tunnel": "building_passage"}}, {"type": "Feature", "geometry": {"type": "LineString", "coordinates": [[-0.0996489, 51.5181463], [-0.0996672, 51.5181356]]}, "properties": {"osm_id": 170509694, "category": "footway", "highway": "footway", "surface": "paving_stones"}}, {"type": "Feature", "geometry": {"type": "LineString", "coordinates": [[-0.1001257, 51.5183721], [-0.1001237, 51.5183738], [-0.0999919, 51.5183072], [-0.0999827, 51.5183131], [-0.099961, 51.5183271]]}, "properties": {"osm_id": 170509705, "category": "footway", "highway": "footway"}}, {"type": "Feature", "geometry": {"type": "LineString", "coordinates": [[-0.0996514, 51.5179613], [-0.0996754, 51.5179537], [-0.0997251, 51.5179777], [-0.0998166, 51.5180412], [-0.1001054, 51.5182159], [-0.1000026, 51.5182891]]}, "properties": {"osm_id": 170509706, "category": "footway", "highway": "footway"}}, {"type": "Feature", "geometry": {"type": "LineString", "coordinates": [[-0.0997251, 51.5179777], [-0.0998168, 51.5179248], [-0.0999006, 51.5178775], [-0.0999588, 51.5178929], [-0.1000081, 51.5178933], [-0.1000269, 51.5179022], [-0.1000896, 51.5179381], [-0.1001768, 51.5179884], [-0.1002091, 51.5180069], [-0.1002384, 51.5180238], [-0.100264, 51.5180386], [-0.1003424, 51.5179828]]}, "properties": {"osm_id": 170509707, "category": "footway", "highway": "footway"}}, {"type": "Feature", "geometry": {"type": "LineString", "coordinates": [[-0.099902, 51.5175926], [-0.0998626, 51.517615]]}, "properties": {"osm_id": 170513762, "category": "footway", "highway": "footway"}}, {"type": "Feature", "geometry": {"type": "LineString", "coordinates": [[-0.0998762, 51.5188406], [-0.0999591, 51.5187948], [-0.1000275, 51.5187581], [-0.1000961, 51.5187195], [-0.1000042, 51.5186479], [-0.099962, 51.5186679]]}, "properties": {"osm_id": 180867980, "category": "footway", "access": "permissive", "bicycle": "dismount", "highway": "footway", "horse": "no", "motor_vehicle": "no", "name": "Churchyard Path"}}, {"type": "Feature", "geometry": {"type": "LineString", "coordinates": [[-0.0969452, 51.5220135], [-0.0969231, 51.52197], [-0.0968397, 51.5218214], [-0.0967781, 51.5217176], [-0.0967361, 51.5216472], [-0.0963436, 51.5216971], [-0.0962133, 51.5217136], [-0.0963655, 51.5219793], [-0.0960908, 51.5220351], [-0.0961692, 51.5221656], [-0.0961784, 51.5221808], [-0.0962892, 51.5221566], [-0.0964485, 51.5221217], [-0.0965256, 51.5221054], [-0.0966525, 51.5220778], [-0.0967742, 51.5220513], [-0.0968509, 51.5220346], [-0.0969032, 51.5220233], [-0.0969452, 51.5220135]]}, "properties": {"osm_id": 192818345, "category": "pedestrian", "area": "yes", "highway": "pedestrian", "lit": "no", "surface": "concrete"}}, {"type": "Feature", "geometry": {"type": "LineString", "coordinates": [[-0.09655, 51.5180413], [-0.0964367, 51.5180164], [-0.0962897, 51.5179826]]}, "properties": {"osm_id": 201846171, "category": "footway", "bridge": "yes", "highway": "footway", "layer": "1", "level": "1", "source": "local_knowledge", "surface": "paved"}}, {"type": "Feature", "geometry": {"type": "LineString", "coordinates": [[-0.0975129, 51.5202407], [-0.0974578, 51.5202449], [-0.0974064, 51.5202487]]}, "properties": {"osm_id": 203530063, "category": "footway", "crossing": "traffic_signals", "crossing:markings": "dots", "crossing:signals": "yes", "footway": "crossing", "highway": "footway", "lit": "yes", "surface": "asphalt"}}, {"type": "Feature", "geometry": {"type": "LineString", "coordinates": [[-0.0962878, 51.517549], [-0.0962951, 51.5174892]]}, "properties": {"osm_id": 224299506, "category": "footway", "footway": "traffic_island", "highway": "footway", "level": "0"}}, {"type": "Feature", "geometry": {"type": "LineString", "coordinates": [[-0.0972146, 51.5199011], [-0.0972645, 51.5198966], [-0.09731, 51.5198926]]}, "properties": {"osm_id": 224300392, "category": "footway", "crossing": "traffic_signals", "crossing:markings": "dots", "crossing:signals": "yes", "footway": "crossing", "highway": "footway", "lit": "yes", "surface": "asphalt"}}, {"type": "Feature", "geometry": {"type": "LineString", "coordinates": [[-0.097193, 51.5201283], [-0.0971841, 51.5201044], [-0.0971723, 51.5200743]]}, "properties": {"osm_id": 224300395, "category": "footway", "crossing": "traffic_signals", "crossing:markings": "dots", "crossing:signals": "yes", "footway": "crossing", "highway": "footway", "lit": "yes", "surface": "asphalt"}}, {"type": "Feature", "geometry": {"type": "LineString", "coordinates": [[-0.0925064, 51.5211627], [-0.092603, 51.5211474]]}, "properties": {"osm_id": 238977106, "category": "footway", "bicycle": "no", "bridge": "yes", "highway": "footway", "layer": "1", "surface": "paving_stones"}}, {"type": "Feature", "geometry": {"type": "LineString", "coordinates": [[-0.0926368, 51.5213355], [-0.0926046, 51.5213397], [-0.0925899, 51.5213288], [-0.0925064, 51.5211627]]}, "properties": {"osm_id": 238977109, "category": "footway", "bicycle": "no", "bridge": "yes", "highway": "footway", "layer": "1", "ramp:wheelchair": "yes", "surface": "paving_stones"}}, {"type": "Feature", "geometry": {"type": "LineString", "coordinates": [[-0.0925909, 51.520943], [-0.0926094, 51.5209803], [-0.0926269, 51.5210167]]}, "properties": {"osm_id": 238977112, "category": "footway", "crossing": "uncontrolled", "crossing:markings": "zebra", "crossing:signals": "no", "footway": "crossing", "highway": "footway", "lit": "yes", "source": "Bing", "surface": "asphalt"}}, {"type": "Feature", "geometry": {"type": "LineString", "coordinates": [[-0.0928238, 51.5196024], [-0.0929003, 51.5196188]]}, "properties": {"osm_id": 246108043, "category": "footway", "bridge": "yes", "highway": "footway", "layer": "1"}}, {"type": "Feature", "geometry": {"type": "LineString", "coordinates": [[-0.0936602, 51.5195433], [-0.0935679, 51.5196953]]}, "properties": {"osm_id": 246108044, "category": "footway", "highway": "footway"}}, {"type": "Feature", "geometry": {"type": "LineString", "coordinates": [[-0.0927307, 51.5197207], [-0.0926966, 51.5197857]]}, "properties": {"osm_id": 246108045, "category": "steps", "highway": "steps"}}, {"type": "Feature", "geometry": {"type": "LineString", "coordinates": [[-0.0966666, 51.5182194], [-0.0965704, 51.5182241]]}, "properties": {"osm_id": 252559942, "category": "footway", "highway": "footway", "layer": "0", "name": "Shaftesbury Place"}}, {"type": "Feature", "geometry": {"type": "LineString", "coordinates": [[-0.0969163, 51.519144], [-0.0965974, 51.5190704], [-0.0954588, 51.5188075], [-0.0953848, 51.5189323], [-0.0967436, 51.5192448], [-0.0968423, 51.5192675], [-0.0969163, 51.519144]]}, "properties": {"osm_id": 270439990, "category": "footway", "highway": "footway", "level": "1", "lit": "yes", "name": "Thomas More Highwalk", "name:etymology:wikidata": "Q42544", "surface": "tiles", "tunnel": "building_passage"}}, {"type": "Feature", "geometry": {"type": "LineString", "coordinates": [[-0.0967829, 51.5176395], [-0.09679, 51.5176267]]}, "properties": {"osm_id": 270499387, "category": "footway", "highway": "footway", "layer": "1", "level": "1"}}, {"type": "Feature", "geometry": {"type": "LineString", "coordinates": [[-0.0967995, 51.5174869], [-0.0967429, 51.5174927], [-0.0967148, 51.5175186], [-0.0967002, 51.5175495], [-0.096705, 51.5175723], [-0.0967285, 51.5175903], [-0.0967976, 51.5176144], [-0.09679, 51.5176267]]}, "properties": {"osm_id": 270499389, "category": "steps", "highway": "steps"}}, {"type": "Feature", "geometry": {"type": "LineString", "coordinates": [[-0.093125, 51.5165732], [-0.0931476, 51.5165768]]}, "properties": {"osm_id": 295105957, "category": "footway", "highway": "footway", "surface": "paving_stones"}}, {"type": "Feature", "geometry": {"type": "LineString", "coordinates": [[-0.0932292, 51.5169098], [-0.0932775, 51.5168267]]}, "properties": {"osm_id": 295105958, "category": "footway", "highway": "footway", "level": "0", "tunnel": "building_passage"}}, {"type": "Feature", "geometry": {"type": "LineString", "coordinates": [[-0.0931814, 51.5167206], [-0.0932748, 51.5167392], [-0.0932366, 51.5168068], [-0.0932833, 51.5168172], [-0.0934196, 51.5168478], [-0.0934002, 51.5168813]]}, "properties": {"osm_id": 295105959, "category": "footway", "highway": "footway"}}, {"type": "Feature", "geometry": {"type": "LineString", "coordinates": [[-0.0932135, 51.5165874], [-0.0931814, 51.5167206]]}, "properties": {"osm_id": 295105960, "category": "steps", "handrail": "yes", "highway": "steps", "incline": "up"}}, {"type": "Feature", "geometry": {"type": "LineString", "coordinates": [[-0.0928376, 51.5162488], [-0.0926527, 51.5164689], [-0.0925271, 51.5166268], [-0.092518, 51.5166383], [-0.0924494, 51.5166319], [-0.0921526, 51.5165785], [-0.0921131, 51.5166637], [-0.0920618, 51.5166545], [-0.0920124, 51.516731], [-0.0919735, 51.5167408], [-0.0919482, 51.5167373], [-0.0917266, 51.5166885], [-0.0917195, 51.5167063], [-0.0916878, 51.5166993], [-0.0916413, 51.516689], [-0.091663, 51.5166485], [-0.0916614, 51.5165946], [-0.0915155, 51.5165966], [-0.0915083, 51.5165463], [-0.0914835, 51.5164262], [-0.0914841, 51.5163972], [-0.0917197, 51.516399], [-0.0917207, 51.5163508], [-0.0922203, 51.5163541], [-0.0922213, 51.5164028], [-0.0924955, 51.5164049], [-0.0924963, 51.5163554], [-0.0925429, 51.5163557], [-0.0925887, 51.5163559], [-0.0925923, 51.5162532], [-0.0928021, 51.5162538], [-0.0928022, 51.5162429], [-0.0928376, 51.5162488]]}, "properties": {"osm_id": 295354202, "category": "pedestrian", "area": "yes", "highway": "pedestrian", "name": "Three Nun Court", "surface": "paved"}}, {"type": "Feature", "geometry": {"type": "LineString", "coordinates": [[-0.0917018, 51.5166714], [-0.0917374, 51.5166125], [-0.0917423, 51.5166043]]}, "properties": {"osm_id": 295354203, "category": "steps", "highway": "steps"}}, {"type": "Feature", "geometry": {"type": "LineString", "coordinates": [[-0.092562, 51.5166352], [-0.0925366, 51.5166291], [-0.0925271, 51.5166268], [-0.0924971, 51.516619], [-0.0924704, 51.5166146], [-0.0921388, 51.5165503], [-0.0920564, 51.5165266], [-0.0919489, 51.5164845], [-0.0918443, 51.5164536]]}, "properties": {"osm_id": 295354204, "category": "footway", "highway": "footway"}}, {"type": "Feature", "geometry": {"type": "LineString", "coordinates": [[-0.0917947, 51.5165285], [-0.0918078, 51.5165087], [-0.0918443, 51.5164536]]}, "properties": {"osm_id": 295354205, "category": "steps", "highway": "steps"}}, {"type": "Feature", "geometry": {"type": "LineString", "coordinates": [[-0.0918443, 51.5164536], [-0.0918464, 51.5164317]]}, "properties": {"osm_id": 295354206, "category": "pedestrian", "highway": "pedestrian"}}, {"type": "Feature", "geometry": {"type": "LineString", "coordinates": [[-0.0919563, 51.5166555], [-0.0919512, 51.5166627], [-0.0919098, 51.5167209], [-0.0917018, 51.5166714]]}, "properties": {"osm_id": 295354207, "category": "footway", "highway": "footway"}}, {"type": "Feature", "geometry": {"type": "LineString", "coordinates": [[-0.0919563, 51.5166555], [-0.0919693, 51.5166462]]}, "properties": {"osm_id": 295354208, "category": "steps", "highway": "steps"}}, {"type": "Feature", "geometry": {"type": "LineString", "coordinates": [[-0.0920216, 51.5165805], [-0.091903, 51.5165543], [-0.0917947, 51.5165285]]}, "properties": {"osm_id": 295354209, "category": "footway", "highway": "footway"}}, {"type": "Feature", "geometry": {"type": "LineString", "coordinates": [[-0.0920216, 51.5165805], [-0.0920327, 51.5165634], [-0.0920564, 51.5165266]]}, "properties": {"osm_id": 295354210, "category": "steps", "highway": "steps"}}, {"type": "Feature", "geometry": {"type": "LineString", "coordinates": [[-0.091903, 51.5165543], [-0.0919158, 51.5165349], [-0.0919489, 51.5164845]]}, "properties": {"osm_id": 295354211, "category": "steps", "highway": "steps"}}, {"type": "Feature", "geometry": {"type": "LineString", "coordinates": [[-0.0921388, 51.5165503], [-0.0920845, 51.5166018], [-0.0920327, 51.5166688]]}, "properties": {"osm_id": 295354212, "category": "footway", "highway": "footway"}}, {"type": "Feature", "geometry": {"type": "LineString", "coordinates": [[-0.0920327, 51.5166688], [-0.091989, 51.5166612], [-0.0919563, 51.5166555]]}, "properties": {"osm_id": 295354213, "category": "steps", "highway": "steps"}}, {"type": "Feature", "geometry": {"type": "LineString", "coordinates": [[-0.0917539, 51.5165873], [-0.0915507, 51.5165499], [-0.0915392, 51.5165477]]}, "properties": {"osm_id": 295354214, "category": "steps", "highway": "steps"}}, {"type": "Feature", "geometry": {"type": "LineString", "coordinates": [[-0.0915392, 51.5165477], [-0.0915083, 51.5165463], [-0.0914533, 51.5165437]]}, "properties": {"osm_id": 295354215, "category": "footway", "highway": "footway"}}, {"type": "Feature", "geometry": {"type": "LineString", "coordinates": [[-0.0925761, 51.5165162], [-0.0924565, 51.5164931], [-0.0924223, 51.5164544], [-0.0918464, 51.5164317], [-0.0914835, 51.5164262], [-0.0914768, 51.516426], [-0.0914192, 51.5164267]]}, "properties": {"osm_id": 295354216, "category": "pedestrian", "highway": "pedestrian"}}, {"type": "Feature", "geometry": {"type": "LineString", "coordinates": [[-0.0917423, 51.5166043], [-0.0917539, 51.5165873], [-0.0917947, 51.5165285]]}, "properties": {"osm_id": 295354226, "category": "footway", "highway": "footway"}}, {"type": "Feature", "geometry": {"type": "LineString", "coordinates": [[-0.0915155, 51.5165966], [-0.0915507, 51.5165499], [-0.0915583, 51.5165382], [-0.0916906, 51.5165692], [-0.0917322, 51.5164903], [-0.0918078, 51.5165087], [-0.0919158, 51.5165349], [-0.0919519, 51.5165437], [-0.0920327, 51.5165634], [-0.0920437, 51.5165661], [-0.091989, 51.5166612], [-0.0919837, 51.5166704], [-0.0919512, 51.5166627], [-0.0917374, 51.5166125], [-0.0916614, 51.5165946], [-0.0915155, 51.5165966]]}, "properties": {"osm_id": 295354227, "category": "pedestrian", "area": "yes", "highway": "pedestrian"}}, {"type": "Feature", "geometry": {"type": "LineString", "coordinates": [[-0.0919837, 51.5166704], [-0.0919482, 51.5167373], [-0.0917266, 51.5166885], [-0.0917195, 51.5167063], [-0.0916878, 51.5166993], [-0.0916413, 51.516689], [-0.091663, 51.5166485], [-0.0916614, 51.5165946], [-0.0917374, 51.5166125], [-0.0919512, 51.5166627], [-0.0919837, 51.5166704]]}, "properties": {"osm_id": 295354228, "category": "pedestrian", "area": "yes", "highway": "pedestrian"}}, {"type": "Feature", "geometry": {"type": "LineString", "coordinates": [[-0.0919693, 51.5166462], [-0.0920216, 51.5165805]]}, "properties": {"osm_id": 295358743, "category": "footway", "highway": "footway"}}, {"type": "Feature", "geometry": {"type": "LineString", "coordinates": [[-0.0928808, 51.5171708], [-0.0924852, 51.517079]]}, "properties": {"osm_id": 295363859, "category": "footway", "footway": "sidewalk", "highway": "footway", "lit": "yes", "surface": "paved"}}, {"type": "Feature", "geometry": {"type": "LineString", "coordinates": [[-0.0927299, 51.51742], [-0.0925832, 51.5174231], [-0.0923552, 51.517427], [-0.0923331, 51.5174271], [-0.0922852, 51.5174276], [-0.0921746, 51.517429], [-0.0906958, 51.5174386], [-0.0903504, 51.5174408], [-0.0901062, 51.5174308], [-0.089956, 51.5174233], [-0.089771, 51.5174058], [-0.0896028, 51.5173889]]}, "properties": {"osm_id": 295363860, "category": "footway", "footway": "sidewalk", "highway": "footway", "lit": "yes", "name": "London Wall", "street:name": "London Wall", "surface": "paving_stones"}}, {"type": "Feature", "geometry": {"type": "LineString", "coordinates": [[-0.092892, 51.5171519], [-0.0929228, 51.5171012], [-0.09296, 51.5170376]]}, "properties": {"osm_id": 295363863, "category": "footway", "crossing": "unmarked", "crossing:continuous": "no", "crossing:island": "no", "crossing:markings": "no", "footway": "crossing", "highway": "footway", "lit": "yes", "surface": "paving_stones"}}, {"type": "Feature", "geometry": {"type": "LineString", "coordinates": [[-0.0903242, 51.5170824], [-0.090421, 51.5169173]]}, "properties": {"osm_id": 295364965, "category": "footway", "highway": "footway", "surface": "paving_stones"}}, {"type": "Feature", "geometry": {"type": "LineString", "coordinates": [[-0.0903242, 51.5170824], [-0.0897556, 51.5169627]]}, "properties": {"osm_id": 295366499, "category": "footway", "highway": "footway", "surface": "paving_stones"}}, {"type": "Feature", "geometry": {"type": "LineString", "coordinates": [[-0.0931949, 51.5169691], [-0.0932233, 51.5169234]]}, "properties": {"osm_id": 295368301, "category": "footway", "highway": "footway", "level": "0", "tunnel": "building_passage"}}, {"type": "Feature", "geometry": {"type": "LineString", "coordinates": [[-0.0932233, 51.5169234], [-0.0932707, 51.5169348]]}, "properties": {"osm_id": 295368302, "category": "steps", "highway": "steps", "incline": "up", "level": "0;1", "tunnel": "building_passage"}}, {"type": "Feature", "geometry": {"type": "LineString", "coordinates": [[-0.098933, 51.5216034], [-0.0990509, 51.5216535], [-0.0990465, 51.5219792]]}, "properties": {"osm_id": 311266200, "category": "footway", "access": "private", "highway": "footway"}}, {"type": "Feature", "geometry": {"type": "LineString", "coordinates": [[-0.0927395, 51.5202171], [-0.0927029, 51.5202165], [-0.0926521, 51.5202183], [-0.092639, 51.5202172], [-0.0925926, 51.5202173]]}, "properties": {"osm_id": 318356638, "category": "footway", "highway": "footway", "lit": "yes", "surface": "paving_stones"}}, {"type": "Feature", "geometry": {"type": "LineString", "coordinates": [[-0.0941364, 51.5196517], [-0.0937669, 51.5195655], [-0.0936602, 51.5195433], [-0.0935984, 51.5195146], [-0.0935508, 51.5194445], [-0.0930347, 51.5193222]]}, "properties": {"osm_id": 318356986, "category": "footway", "highway": "footway", "level": "0", "surface": "paving_stones"}}, {"type": "Feature", "geometry": {"type": "LineString", "coordinates": [[-0.0931001, 51.5210369], [-0.093233, 51.520964], [-0.0933628, 51.5209427], [-0.0936607, 51.5208833], [-0.0937474, 51.5208672], [-0.0941237, 51.5208118], [-0.0942193, 51.5207947], [-0.0942629, 51.5207517], [-0.0946129, 51.5206854], [-0.0951131, 51.5205926], [-0.0951498, 51.5205711], [-0.0951606, 51.5205455], [-0.0951926, 51.5205378], [-0.0952762, 51.520524], [-0.0957137, 51.5204428], [-0.0958743, 51.5204313], [-0.0960126, 51.5204147], [-0.0965458, 51.5203506], [-0.0967494, 51.5203129], [-0.0969026, 51.5202843]]}, "properties": {"osm_id": 318379309, "category": "footway", "bicycle": "no", "highway": "footway", "layer": "2", "surface": "asphalt"}}, {"type": "Feature", "geometry": {"type": "LineString", "coordinates": [[-0.0925512, 51.5211308], [-0.092569, 51.5211659]]}, "properties": {"osm_id": 318379310, "category": "footway", "highway": "footway", "ramp:wheelchair": "yes", "surface": "paving_stones"}}, {"type": "Feature", "geometry": {"type": "LineString", "coordinates": [[-0.1000012, 51.5157952], [-0.1000091, 51.5157787], [-0.1000144, 51.5157677], [-0.0995093, 51.5156498], [-0.0994433, 51.5156378], [-0.0993683, 51.5156318], [-0.0992533, 51.515633], [-0.0989026, 51.5156525], [-0.098827, 51.515657], [-0.0987721, 51.5156616], [-0.098734, 51.5156735], [-0.0987116, 51.5156912], [-0.0986937, 51.5157214], [-0.0986751, 51.5159481], [-0.098674, 51.5159613], [-0.0986977, 51.5159666], [-0.0987354, 51.5159689], [-0.0987733, 51.5159712], [-0.098776, 51.5159543], [-0.0987933, 51.5158483], [-0.0988073, 51.5157463], [-0.0988092, 51.5157303], [-0.0992528, 51.515746], [-0.0992543, 51.5157259], [-0.0993604, 51.5157292], [-0.0993548, 51.5157706], [-0.099419, 51.5157718], [-0.0994641, 51.5157738], [-0.1000012, 51.5157952]]}, "properties": {"osm_id": 325206694, "category": "footway", "area": "yes", "highway": "footway", "lit": "yes", "surface": "paving_stones"}}, {"type": "Feature", "geometry": {"type": "LineString", "coordinates": [[-0.0958214, 51.5224112], [-0.0961541, 51.5223361], [-0.0961798, 51.5222963], [-0.0961901, 51.5222805], [-0.0961327, 51.5221882], [-0.0961692, 51.5221656], [-0.0962652, 51.5221061], [-0.0965345, 51.5220499], [-0.0963436, 51.5216971], [-0.0963283, 51.5216712]]}, "properties": {"osm_id": 352877959, "category": "footway", "highway": "footway"}}, {"type": "Feature", "geometry": {"type": "LineString", "coordinates": [[-0.0942186, 51.5209714], [-0.0941525, 51.5208398]]}, "properties": {"osm_id": 368735155, "category": "footway", "bicycle": "no", "covered": "yes", "highway": "footway", "layer": "1"}}, {"type": "Feature", "geometry": {"type": "LineString", "coordinates": [[-0.0942671, 51.5211761], [-0.0943936, 51.5211507], [-0.0947614, 51.5210878], [-0.0947772, 51.5210807], [-0.0947742, 51.5210688], [-0.094757, 51.5210641], [-0.0943508, 51.5211378]]}, "properties": {"osm_id": 368735156, "category": "footway", "bicycle": "no", "bridge": "yes", "highway": "footway", "incline": "up", "layer": "1", "surface": "concrete"}}, {"type": "Feature", "geometry": {"type": "LineString", "coordinates": [[-0.0927299, 51.51742], [-0.0929111, 51.5174178], [-0.0931794, 51.5173986], [-0.0933077, 51.51739]]}, "properties": {"osm_id": 370180765, "category": "footway", "footway": "sidewalk", "highway": "footway"}}, {"type": "Feature", "geometry": {"type": "LineString", "coordinates": [[-0.0941476, 51.5172802], [-0.0941385, 51.5173138]]}, "properties": {"osm_id": 370180766, "category": "footway", "bridge": "yes", "highway": "footway", "layer": "1", "level": "1", "surface": "paving_stones"}}, {"type": "Feature", "geometry": {"type": "LineString", "coordinates": [[-0.0941385, 51.5173138], [-0.0939094, 51.5173111]]}, "properties": {"osm_id": 370180767, "category": "steps", "bridge": "yes", "conveying": "forward", "highway": "steps", "incline": "up", "layer": "1"}}, {"type": "Feature", "geometry": {"type": "LineString", "coordinates": [[-0.0935392, 51.5178824], [-0.0935982, 51.5178966], [-0.0936124, 51.5179]]}, "properties": {"osm_id": 370180769, "category": "footway", "highway": "footway", "incline": "up", "layer": "-1", "tunnel": "yes"}}, {"type": "Feature", "geometry": {"type": "LineString", "coordinates": [[-0.093562, 51.5179825], [-0.0935479, 51.5179791], [-0.093506, 51.5179682]]}, "properties": {"osm_id": 370180770, "category": "footway", "highway": "footway", "layer": "1", "level": "1"}}, {"type": "Feature", "geometry": {"type": "LineString", "coordinates": [[-0.0932707, 51.5169348], [-0.0932785, 51.5169214]]}, "properties": {"osm_id": 370180771, "category": "footway", "highway": "footway", "level": "1", "tunnel": "building_passage"}}, {"type": "Feature", "geometry": {"type": "LineString", "coordinates": [[-0.0932785, 51.5169214], [-0.0932292, 51.5169098]]}, "properties": {"osm_id": 370180772, "category": "steps", "highway": "steps", "incline": "up", "level": "0;1", "tunnel": "building_passage"}}, {"type": "Feature", "geometry": {"type": "LineString", "coordinates": [[-0.0934713, 51.516926], [-0.0934585, 51.5169461], [-0.0934114, 51.5170202]]}, "properties": {"osm_id": 370180773, "category": "footway", "covered": "no", "highway": "footway", "name": "Alban Highwalk", "name:etymology:wikidata": "Q7592245", "tunnel": "building_passage"}}, {"type": "Feature", "geometry": {"type": "LineString", "coordinates": [[-0.0934713, 51.516926], [-0.0933853, 51.5169057]]}, "properties": {"osm_id": 370180774, "category": "footway", "covered": "no", "highway": "footway", "incline": "down", "name": "Alban Highwalk", "name:etymology:wikidata": "Q7592245", "ramp": "yes", "tunnel": "building_passage"}}, {"type": "Feature", "geometry": {"type": "LineString", "coordinates": [[-0.0936492, 51.5173705], [-0.09364, 51.5173704], [-0.0935067, 51.517369], [-0.0935096, 51.5173639], [-0.0935417, 51.5173079]]}, "properties": {"osm_id": 370180775, "category": "footway", "highway": "footway", "layer": "1", "level": "1"}}, {"type": "Feature", "geometry": {"type": "LineString", "coordinates": [[-0.0933529, 51.5173899], [-0.0933533, 51.5173837], [-0.0933534, 51.5173816]]}, "properties": {"osm_id": 370180776, "category": "footway", "highway": "footway", "level": "0;1", "tunnel": "building_passage"}}, {"type": "Feature", "geometry": {"type": "LineString", "coordinates": [[-0.0929463, 51.5173827], [-0.0929463, 51.5173789], [-0.0933534, 51.5173785]]}, "properties": {"osm_id": 370180777, "category": "footway", "highway": "footway", "incline": "up", "level": "1", "ramp": "yes", "tunnel": "building_passage"}}, {"type": "Feature", "geometry": {"type": "LineString", "coordinates": [[-0.0933534, 51.5173816], [-0.0929463, 51.5173827]]}, "properties": {"osm_id": 370180778, "category": "footway", "highway": "footway", "incline": "up", "level": "0;1", "ramp": "yes", "tunnel": "building_passage"}}, {"type": "Feature", "geometry": {"type": "LineString", "coordinates": [[-0.0933534, 51.5173785], [-0.0933534, 51.517375]]}, "properties": {"osm_id": 370180779, "category": "footway", "highway": "footway", "level": "1;2", "tunnel": "building_passage"}}, {"type": "Feature", "geometry": {"type": "LineString", "coordinates": [[-0.0933534, 51.517375], [-0.0929463, 51.5173752]]}, "properties": {"osm_id": 370180780, "category": "footway", "highway": "footway", "incline": "up", "level": "2", "ramp": "yes", "tunnel": "building_passage"}}, {"type": "Feature", "geometry": {"type": "LineString", "coordinates": [[-0.0929463, 51.5173752], [-0.0929463, 51.5173714]]}, "properties": {"osm_id": 370180781, "category": "footway", "highway": "footway", "level": "2;3", "tunnel": "building_passage"}}, {"type": "Feature", "geometry": {"type": "LineString", "coordinates": [[-0.0929463, 51.5173714], [-0.0933537, 51.517371]]}, "properties": {"osm_id": 370180782, "category": "footway", "highway": "footway", "level": "3", "ramp": "yes", "tunnel": "building_passage"}}, {"type": "Feature", "geometry": {"type": "LineString", "coordinates": [[-0.0933537, 51.517371], [-0.0934266, 51.51737], [-0.0935067, 51.517369]]}, "properties": {"osm_id": 370180783, "category": "footway", "highway": "footway", "level": "3", "tunnel": "building_passage"}}, {"type": "Feature", "geometry": {"type": "LineString", "coordinates": [[-0.0960199, 51.5165826], [-0.0959929, 51.5163784], [-0.0959623, 51.5163123], [-0.0959116, 51.5162998]]}, "properties": {"osm_id": 370180788, "category": "footway", "highway": "footway"}}, {"type": "Feature", "geometry": {"type": "LineString", "coordinates": [[-0.0959623, 51.5163123], [-0.0957956, 51.5165969]]}, "properties": {"osm_id": 370180789, "category": "footway", "footway": "sidewalk", "highway": "footway", "street:name": "Noble Street"}}, {"type": "Feature", "geometry": {"type": "LineString", "coordinates": [[-0.0959363, 51.5166032], [-0.0959906, 51.5165982]]}, "properties": {"osm_id": 370180790, "category": "steps", "handrail": "yes", "highway": "steps", "incline": "up", "surface": "paving_stones"}}, {"type": "Feature", "geometry": {"type": "LineString", "coordinates": [[-0.0986846, 51.5178879], [-0.098903, 51.5180612], [-0.0988876, 51.5181251], [-0.0988794, 51.5181592]]}, "properties": {"osm_id": 372791075, "category": "footway", "highway": "footway", "surface": "paving_stones"}}, {"type": "Feature", "geometry": {"type": "LineString", "coordinates": [[-0.0975626, 51.520174], [-0.0975017, 51.520177], [-0.0975129, 51.5202407]]}, "properties": {"osm_id": 383958502, "category": "footway", "footway": "sidewalk", "highway": "footway", "lit": "yes", "street:name": "Aldersgate Street", "surface": "asphalt"}}, {"type": "Feature", "geometry": {"type": "LineString", "coordinates": [[-0.0998348, 51.5173369], [-0.0997587, 51.5172895]]}, "properties": {"osm_id": 414695892, "category": "footway", "highway": "footway"}}, {"type": "Feature", "geometry": {"type": "LineString", "coordinates": [[-0.0900354, 51.517721], [-0.0900678, 51.5177018], [-0.0900728, 51.5176882], [-0.0900711, 51.5176706], [-0.0900579, 51.5176574], [-0.0900307, 51.517649], [-0.0899904, 51.5176424], [-0.0898504, 51.5176192], [-0.0896332, 51.5176018], [-0.0893549, 51.5175733]]}, "properties": {"osm_id": 419452555, "category": "footway", "footway": "sidewalk", "highway": "footway", "lit": "yes", "surface": "paving_stones"}}, {"type": "Feature", "geometry": {"type": "LineString", "coordinates": [[-0.0992678, 51.5193882], [-0.0993191, 51.5194451]]}, "properties": {"osm_id": 430425943, "category": "footway", "covered": "yes", "highway": "footway", "name": "East Passage"}}, {"type": "Feature", "geometry": {"type": "LineString", "coordinates": [[-0.0993191, 51.5194451], [-0.0993303, 51.5194561]]}, "properties": {"osm_id": 430425944, "category": "footway", "highway": "footway", "name": "East Passage"}}, {"type": "Feature", "geometry": {"type": "LineString", "coordinates": [[-0.0990938, 51.5194566], [-0.0991404, 51.51951]]}, "properties": {"osm_id": 430425956, "category": "footway", "covered": "yes", "highway": "footway", "surface": "paving_stones"}}, {"type": "Feature", "geometry": {"type": "LineString", "coordinates": [[-0.0991404, 51.51951], [-0.0991501, 51.51952]]}, "properties": {"osm_id": 430425958, "category": "footway", "highway": "footway", "surface": "paving_stones"}}, {"type": "Feature", "geometry": {"type": "LineString", "coordinates": [[-0.0979819, 51.5171904], [-0.0980113, 51.5171742], [-0.0980007, 51.5171599], [-0.0979837, 51.5171354], [-0.0978911, 51.5171472], [-0.0977399, 51.517179], [-0.0977243, 51.5171827], [-0.0977011, 51.5171862], [-0.0977058, 51.5171983], [-0.0976441, 51.5172091], [-0.09756, 51.5172222], [-0.0975546, 51.5172076], [-0.0975268, 51.5172099], [-0.0976374, 51.5172867], [-0.0976656, 51.5172723], [-0.0976937, 51.5172923], [-0.0977575, 51.5172587], [-0.0978134, 51.5172981], [-0.0978477, 51.5172816], [-0.0979112, 51.5173304], [-0.0979362, 51.5173182], [-0.0979925, 51.5173603], [-0.0980413, 51.5173341], [-0.0981254, 51.5172898], [-0.0979819, 51.5171904]]}, "properties": {"osm_id": 435783047, "category": "pedestrian", "access": "private", "area": "yes", "highway": "pedestrian", "name": "Cross Key Square"}}, {"type": "Feature", "geometry": {"type": "LineString", "coordinates": [[-0.0977243, 51.5171827], [-0.097696, 51.5171034]]}, "properties": {"osm_id": 439335536, "category": "footway", "access": "private", "highway": "footway", "tunnel": "building_passage"}}, {"type": "Feature", "geometry": {"type": "LineString", "coordinates": [[-0.097696, 51.5171034], [-0.0976933, 51.517095], [-0.0976901, 51.5170853], [-0.0976862, 51.5170676]]}, "properties": {"osm_id": 439335539, "category": "footway", "access": "private", "highway": "footway"}}, {"type": "Feature", "geometry": {"type": "LineString", "coordinates": [[-0.0987933, 51.5158483], [-0.099185, 51.5158673]]}, "properties": {"osm_id": 439420456, "category": "footway", "highway": "footway", "surface": "paved"}}, {"type": "Feature", "geometry": {"type": "LineString", "coordinates": [[-0.099172, 51.5159671], [-0.099185, 51.5158673], [-0.0991951, 51.5157655], [-0.0988073, 51.5157463]]}, "properties": {"osm_id": 439420457, "category": "footway", "highway": "footway", "surface": "paved"}}, {"type": "Feature", "geometry": {"type": "LineString", "coordinates": [[-0.0943912, 51.5219876], [-0.0943792, 51.5219898], [-0.0942211, 51.5220092], [-0.0939923, 51.5220165], [-0.093783, 51.5220307], [-0.0935604, 51.5220755], [-0.0934291, 51.5221324], [-0.0933287, 51.522184], [-0.0932393, 51.5222467]]}, "properties": {"osm_id": 440539958, "category": "footway", "foot": "yes", "highway": "footway", "lit": "no", "surface": "asphalt"}}, {"type": "Feature", "geometry": {"type": "LineString", "coordinates": [[-0.0915421, 51.5174291], [-0.0917073, 51.5175932], [-0.0917314, 51.5176162]]}, "properties": {"osm_id": 443364508, "category": "footway", "access": "no", "bicycle": "no", "bridge": "yes", "foot:conditional": "no @ (2022 Jun 06-2025 Jun)", "highway": "footway", "horse": "no", "layer": "2", "motor_vehicle": "no", "name": "Bassishaw Highwalk"}}, {"type": "Feature", "geometry": {"type": "LineString", "coordinates": [[-0.0969549, 51.5187572], [-0.0970153, 51.5187526], [-0.0970541, 51.5187507]]}, "properties": {"osm_id": 456768562, "category": "footway", "crossing": "uncontrolled", "crossing:markings": "zebra", "crossing:signals": "no", "footway": "crossing", "highway": "footway", "lit": "yes"}}, {"type": "Feature", "geometry": {"type": "LineString", "coordinates": [[-0.0956511, 51.5174191], [-0.0962957, 51.5174011], [-0.0963042, 51.5174009], [-0.09648, 51.5173771]]}, "properties": {"osm_id": 474261736, "category": "footway", "footway": "sidewalk", "highway": "footway", "street:name": "London Wall", "surface": "paving_stones"}}, {"type": "Feature", "geometry": {"type": "LineString", "coordinates": [[-0.0925418, 51.5206355], [-0.0926957, 51.5206718]]}, "properties": {"osm_id": 490143184, "category": "steps", "fixme": "Are these steps part of/signed as Cromwell Place?", "handrail": "yes", "highway": "steps", "incline": "up", "lit": "yes", "ramp": "no", "step_count": "7", "surface": "paving_stones", "tactile_paving": "no"}}, {"type": "Feature", "geometry": {"type": "LineString", "coordinates": [[-0.0925418, 51.5206355], [-0.092531, 51.5206159]]}, "properties": {"osm_id": 490143185, "category": "footway", "fixme": "Are these steps part of/signed as Cromwell Place?", "highway": "footway", "lit": "yes", "surface": "paving_stones"}}, {"type": "Feature", "geometry": {"type": "LineString", "coordinates": [[-0.0919584, 51.5177183], [-0.0920074, 51.5177302], [-0.0920282, 51.5177376], [-0.092049, 51.5177483], [-0.0920702, 51.5177601], [-0.0920978, 51.5177706], [-0.0921298, 51.5177782], [-0.0921674, 51.5177822], [-0.0922077, 51.5177823], [-0.0922415, 51.5177803], [-0.0922726, 51.51778], [-0.0922955, 51.5177815], [-0.0923152, 51.5177862], [-0.092333, 51.5177927], [-0.0923523, 51.5178013], [-0.0923737, 51.5178099], [-0.0923964, 51.5178165]]}, "properties": {"osm_id": 490143555, "category": "footway", "bridge": "yes", "highway": "footway", "layer": "2", "lit": "yes", "name": "St. Alphage Highwalk"}}, {"type": "Feature", "geometry": {"type": "LineString", "coordinates": [[-0.0976342, 51.5150666], [-0.0979884, 51.5152587]]}, "properties": {"osm_id": 494867009, "category": "steps", "conveying": "yes", "highway": "steps", "incline": "down", "indoor": "yes", "layer": "-4", "level": "-4;-1", "tunnel": "yes"}}, {"type": "Feature", "geometry": {"type": "LineString", "coordinates": [[-0.0925947, 51.5184989], [-0.0925921, 51.5185072], [-0.0925336, 51.5184943], [-0.0925274, 51.5185053], [-0.0925852, 51.5185187], [-0.0925822, 51.5185258]]}, "properties": {"osm_id": 504743583, "category": "steps", "access": "private", "highway": "steps"}}, {"type": "Feature", "geometry": {"type": "LineString", "coordinates": [[-0.0925947, 51.5184989], [-0.0926069, 51.5184769], [-0.0926288, 51.5184381]]}, "properties": {"osm_id": 504743584, "category": "footway", "footway": "sidewalk", "highway": "footway"}}, {"type": "Feature", "geometry": {"type": "LineString", "coordinates": [[-0.0925822, 51.5185258], [-0.0925704, 51.5185506]]}, "properties": {"osm_id": 504743585, "category": "footway", "footway": "sidewalk", "highway": "footway"}}, {"type": "Feature", "geometry": {"type": "LineString", "coordinates": [[-0.0962209, 51.5201335], [-0.0961939, 51.5201765]]}, "properties": {"osm_id": 511990964, "category": "steps", "handrail": "yes", "highway": "steps", "incline": "down", "indoor": "yes", "ramp": "no"}}, {"type": "Feature", "geometry": {"type": "LineString", "coordinates": [[-0.0936019, 51.5172997], [-0.0936178, 51.5172754], [-0.093569, 51.5172628], [-0.0935627, 51.5172733]]}, "properties": {"osm_id": 515751665, "category": "steps", "bridge": "yes", "handrail": "yes", "highway": "steps", "incline": "up", "layer": "2"}}, {"type": "Feature", "geometry": {"type": "LineString", "coordinates": [[-0.0926123, 51.5168767], [-0.0925506, 51.5169754]]}, "properties": {"osm_id": 516268542, "category": "footway", "footway": "sidewalk", "highway": "footway", "lit": "yes", "surface": "paved"}}, {"type": "Feature", "geometry": {"type": "LineString", "coordinates": [[-0.0931143, 51.5186733], [-0.0932097, 51.5186932]]}, "properties": {"osm_id": 516292980, "category": "steps", "bridge": "yes", "handrail": "yes", "highway": "steps", "layer": "1", "source": "Bing;photographic_survey", "surface": "paved"}}, {"type": "Feature", "geometry": {"type": "LineString", "coordinates": [[-0.0966949, 51.5172193], [-0.0966759, 51.5172059]]}, "properties": {"osm_id": 516476414, "category": "footway", "bridge": "yes", "highway": "footway", "indoor": "yes", "layer": "1", "level": "1"}}, {"type": "Feature", "geometry": {"type": "LineString", "coordinates": [[-0.0966759, 51.5172059], [-0.0966163, 51.5171819], [-0.0966181, 51.5171653]]}, "properties": {"osm_id": 516476415, "category": "footway", "bridge": "yes", "highway": "footway", "indoor": "yes", "layer": "1", "level": "1"}}, {"type": "Feature", "geometry": {"type": "LineString", "coordinates": [[-0.0966759, 51.5172059], [-0.0966443, 51.5172039]]}, "properties": {"osm_id": 516476416, "category": "footway", "bridge": "yes", "highway": "footway", "indoor": "yes", "layer": "1", "level": "1", "surface": "paved"}}, {"type": "Feature", "geometry": {"type": "LineString", "coordinates": [[-0.0966759, 51.5172059], [-0.0966804, 51.5171815]]}, "properties": {"osm_id": 516476419, "category": "footway", "bridge": "yes", "highway": "footway", "indoor": "yes", "layer": "1", "level": "1", "surface": "paved"}}, {"type": "Feature", "geometry": {"type": "LineString", "coordinates": [[-0.0967181, 51.5171843], [-0.0966983, 51.5171757], [-0.0966886, 51.5171703]]}, "properties": {"osm_id": 516476420, "category": "footway", "highway": "footway", "indoor": "yes", "surface": "paved"}}, {"type": "Feature", "geometry": {"type": "LineString", "coordinates": [[-0.0966443, 51.5172039], [-0.0965999, 51.5172013]]}, "properties": {"osm_id": 516476421, "category": "steps", "conveying": "forward", "highway": "steps", "incline": "down", "indoor": "yes"}}, {"type": "Feature", "geometry": {"type": "LineString", "coordinates": [[-0.0966886, 51.5171703], [-0.0966181, 51.5171653]]}, "properties": {"osm_id": 516476422, "category": "steps", "conveying": "forward", "highway": "steps", "incline": "up", "indoor": "yes"}}, {"type": "Feature", "geometry": {"type": "LineString", "coordinates": [[-0.0899933, 51.5157166], [-0.0901917, 51.5157456]]}, "properties": {"osm_id": 516502202, "category": "footway", "covered": "yes", "highway": "footway", "name": "Masons Avenue", "surface": "paved"}}, {"type": "Feature", "geometry": {"type": "LineString", "coordinates": [[-0.0924325, 51.5150534], [-0.0924191, 51.515088]]}, "properties": {"osm_id": 516984460, "category": "pedestrian", "highway": "pedestrian", "name": "Lawrence Lane", "name:etymology:wikidata": "Q11704046"}}, {"type": "Feature", "geometry": {"type": "LineString", "coordinates": [[-0.0924722, 51.5149682], [-0.0924325, 51.5150534]]}, "properties": {"osm_id": 516984461, "category": "pedestrian", "highway": "pedestrian", "name": "Lawrence Lane", "name:etymology:wikidata": "Q11704046", "tunnel": "building_passage"}}, {"type": "Feature", "geometry": {"type": "LineString", "coordinates": [[-0.0950295, 51.5165405], [-0.0949937, 51.5166057], [-0.0949877, 51.5166166], [-0.0949159, 51.5167452], [-0.0947428, 51.5167092], [-0.0947219, 51.5167451], [-0.0946439, 51.5167291]]}, "properties": {"osm_id": 518853019, "category": "footway", "highway": "footway"}}, {"type": "Feature", "geometry": {"type": "LineString", "coordinates": [[-0.0947565, 51.5165564], [-0.0948107, 51.5165677]]}, "properties": {"osm_id": 518853022, "category": "steps", "handrail": "yes", "highway": "steps", "incline": "up"}}, {"type": "Feature", "geometry": {"type": "LineString", "coordinates": [[-0.0948107, 51.5165677], [-0.0949937, 51.5166057]]}, "properties": {"osm_id": 518853023, "category": "footway", "highway": "footway"}}, {"type": "Feature", "geometry": {"type": "LineString", "coordinates": [[-0.0955204, 51.5176615], [-0.0955138, 51.5176708], [-0.0954963, 51.5176967]]}, "properties": {"osm_id": 518855391, "category": "footway", "covered": "yes", "highway": "footway", "layer": "0"}}, {"type": "Feature", "geometry": {"type": "LineString", "coordinates": [[-0.0954963, 51.5176967], [-0.0954596, 51.5176873]]}, "properties": {"osm_id": 518855392, "category": "steps", "covered": "yes", "highway": "steps", "incline": "down"}}, {"type": "Feature", "geometry": {"type": "LineString", "coordinates": [[-0.0954181, 51.5176763], [-0.0952767, 51.5176764]]}, "properties": {"osm_id": 518855394, "category": "footway", "highway": "footway"}}, {"type": "Feature", "geometry": {"type": "LineString", "coordinates": [[-0.0955204, 51.5176615], [-0.0954856, 51.5176544]]}, "properties": {"osm_id": 518855395, "category": "footway", "covered": "yes", "highway": "footway", "layer": "0", "level": "0"}}, {"type": "Feature", "geometry": {"type": "LineString", "coordinates": [[-0.0954929, 51.5176754], [-0.0955023, 51.5176626], [-0.0955196, 51.5176373]]}, "properties": {"osm_id": 518855396, "category": "footway", "highway": "footway", "layer": "1", "level": "1"}}, {"type": "Feature", "geometry": {"type": "LineString", "coordinates": [[-0.0954856, 51.5176544], [-0.0954611, 51.5176493], [-0.0954517, 51.5176668], [-0.0954929, 51.5176754]]}, "properties": {"osm_id": 518855397, "category": "steps", "bridge": "yes", "highway": "steps", "incline": "up", "layer": "1"}}, {"type": "Feature", "geometry": {"type": "LineString", "coordinates": [[-0.0964653, 51.5182697], [-0.0963984, 51.5183911]]}, "properties": {"osm_id": 518855399, "category": "steps", "highway": "steps"}}, {"type": "Feature", "geometry": {"type": "LineString", "coordinates": [[-0.0964945, 51.518409], [-0.0963984, 51.5183911]]}, "properties": {"osm_id": 518855400, "category": "steps", "bridge": "yes", "highway": "steps", "layer": "1", "level": "1"}}, {"type": "Feature", "geometry": {"type": "LineString", "coordinates": [[-0.0965071, 51.518256], [-0.0964951, 51.5182757], [-0.0963951, 51.5184424], [-0.096373, 51.5184791]]}, "properties": {"osm_id": 518855401, "category": "footway", "highway": "footway", "level": "0"}}, {"type": "Feature", "geometry": {"type": "LineString", "coordinates": [[-0.0969238, 51.5187595], [-0.0969549, 51.5187572]]}, "properties": {"osm_id": 518855402, "category": "footway", "highway": "footway", "layer": "1", "lit": "yes", "name": "Barbican Highwalks"}}, {"type": "Feature", "geometry": {"type": "LineString", "coordinates": [[-0.0968556, 51.5187772], [-0.0968428, 51.5187984], [-0.096842, 51.5188066], [-0.0968455, 51.5188145], [-0.0968527, 51.5188213], [-0.0968632, 51.5188263], [-0.0968756, 51.518829], [-0.0968888, 51.5188291], [-0.0969013, 51.5188265], [-0.0969122, 51.5188214], [-0.0969197, 51.5188143], [-0.0969231, 51.5188061], [-0.0969219, 51.5187976], [-0.0969167, 51.5187762]]}, "properties": {"osm_id": 518855403, "category": "steps", "covered": "yes", "handrail": "yes", "highway": "steps", "incline": "down", "tunnel": "building_passage"}}, {"type": "Feature", "geometry": {"type": "LineString", "coordinates": [[-0.0970731, 51.5198111], [-0.0970051, 51.5198189], [-0.0970471, 51.5199316], [-0.0969439, 51.5199897]]}, "properties": {"osm_id": 518855404, "category": "footway", "highway": "footway", "level": "0"}}, {"type": "Feature", "geometry": {"type": "LineString", "coordinates": [[-0.0957956, 51.5165969], [-0.0957292, 51.5167386], [-0.095533, 51.5170855], [-0.0954807, 51.5171711], [-0.0954463, 51.5172512], [-0.0954504, 51.5172884]]}, "properties": {"osm_id": 519695960, "category": "footway", "footway": "sidewalk", "highway": "footway", "name": "Noble Street Viewing Walkway", "street:name": "Noble Street"}}, {"type": "Feature", "geometry": {"type": "LineString", "coordinates": [[-0.0949012, 51.517361], [-0.0949836, 51.517243], [-0.0950659, 51.5172439], [-0.0951543, 51.5171856], [-0.0953232, 51.5172283], [-0.0953415, 51.5172295]]}, "properties": {"osm_id": 519695965, "category": "footway", "highway": "footway", "surface": "paving_stones"}}, {"type": "Feature", "geometry": {"type": "LineString", "coordinates": [[-0.093839, 51.5173228], [-0.093833, 51.5173362], [-0.0938332, 51.5173593], [-0.0938334, 51.5173627], [-0.0938332, 51.517391], [-0.0938564, 51.5173908], [-0.0939368, 51.5173903]]}, "properties": {"osm_id": 519695967, "category": "footway", "covered": "yes", "footway": "sidewalk", "highway": "footway"}}, {"type": "Feature", "geometry": {"type": "LineString", "coordinates": [[-0.0938937, 51.5172256], [-0.0939871, 51.5172451]]}, "properties": {"osm_id": 519695969, "category": "footway", "highway": "footway", "layer": "1"}}, {"type": "Feature", "geometry": {"type": "LineString", "coordinates": [[-0.0936384, 51.5172719], [-0.0936486, 51.5172745], [-0.0937466, 51.5173007]]}, "properties": {"osm_id": 519695973, "category": "footway", "footway": "sidewalk", "highway": "footway"}}, {"type": "Feature", "geometry": {"type": "LineString", "coordinates": [[-0.0939368, 51.5173903], [-0.0939375, 51.5174512], [-0.093938, 51.5174878]]}, "properties": {"osm_id": 519695977, "category": "footway", "covered": "yes", "crossing": "traffic_signals", "crossing:markings": "dots", "crossing:signals": "yes", "footway": "crossing", "highway": "footway"}}, {"type": "Feature", "geometry": {"type": "LineString", "coordinates": [[-0.0942429, 51.5175875], [-0.0942022, 51.5175871], [-0.0939385, 51.5175837], [-0.0938074, 51.5175829], [-0.093758, 51.5175826], [-0.0937337, 51.5175824], [-0.0937028, 51.5176095]]}, "properties": {"osm_id": 519695980, "category": "footway", "covered": "yes", "footway": "sidewalk", "highway": "footway", "layer": "-1", "street:name": "London Wall", "tunnel": "yes"}}, {"type": "Feature", "geometry": {"type": "LineString", "coordinates": [[-0.093588, 51.5172793], [-0.0935627, 51.5172733]]}, "properties": {"osm_id": 519695982, "category": "footway", "bridge": "yes", "fixme": "Crosses steps with same layer value but no junction node. Presumbly not on same level?", "highway": "footway", "incline": "up", "layer": "2", "level": "1"}}, {"type": "Feature", "geometry": {"type": "LineString", "coordinates": [[-0.099965, 51.5208465], [-0.0999045, 51.5208213], [-0.0995356, 51.5207647], [-0.098988, 51.5206712], [-0.0988187, 51.5206333], [-0.0987402, 51.5206119], [-0.0986951, 51.5205941]]}, "properties": {"osm_id": 529474433, "category": "footway", "highway": "footway", "lit": "yes", "surface": "compacted"}}, {"type": "Feature", "geometry": {"type": "LineString", "coordinates": [[-0.0920533, 51.5153853], [-0.0922096, 51.5153936], [-0.0925853, 51.5154519], [-0.0926096, 51.5154557], [-0.0927126, 51.5154539], [-0.0927126, 51.5154614], [-0.0927128, 51.5154643], [-0.0927132, 51.515476], [-0.0927129, 51.5154986], [-0.0927137, 51.5155197], [-0.0927136, 51.5156118], [-0.0926881, 51.515612], [-0.0926558, 51.5155929], [-0.0925759, 51.5155935], [-0.092545, 51.515615], [-0.0925456, 51.5156564], [-0.0925741, 51.5156795], [-0.0926585, 51.5156792], [-0.0926891, 51.5156573], [-0.0927136, 51.5156571], [-0.0927135, 51.5157159], [-0.0921105, 51.5157157], [-0.0921103, 51.5157388], [-0.0919915, 51.5157378], [-0.0918659, 51.5157367], [-0.0917522, 51.5157357], [-0.0917489, 51.515703], [-0.0917495, 51.515565], [-0.0917469, 51.5154577], [-0.0917623, 51.5154066], [-0.0917676, 51.5153893], [-0.0917699, 51.5153816], [-0.0919025, 51.5153833], [-0.0920533, 51.5153853]]}, "properties": {"osm_id": 539320023, "category": "pedestrian", "area": "yes", "foot": "yes", "highway": "pedestrian", "name": "Guildhall Yard", "name:etymology:wikidata": "Q81279", "surface": "paving_stones", "wikidata": "Q65926195"}}, {"type": "Feature", "geometry": {"type": "LineString", "coordinates": [[-0.0917623, 51.5154066], [-0.0910629, 51.5153892], [-0.0910496, 51.515389], [-0.0910218, 51.5153882]]}, "properties": {"osm_id": 539322453, "category": "pedestrian", "foot": "yes", "highway": "pedestrian", "name": "Guildhall Buildings", "name:etymology:wikidata": "Q81279", "surface": "paving_stones"}}, {"type": "Feature", "geometry": {"type": "LineString", "coordinates": [[-0.0957872, 51.5150429], [-0.0959713, 51.5150443], [-0.0959713, 51.5150861], [-0.0961252, 51.5150905]]}, "properties": {"osm_id": 539982781, "category": "footway", "highway": "footway", "name": "Priest's Court"}}, {"type": "Feature", "geometry": {"type": "LineString", "coordinates": [[-0.0955924, 51.5150413], [-0.0957872, 51.5150429]]}, "properties": {"osm_id": 539982786, "category": "footway", "highway": "footway", "name": "Priest's Court", "tunnel": "building_passage"}}, {"type": "Feature", "geometry": {"type": "LineString", "coordinates": [[-0.0961252, 51.5150905], [-0.0962989, 51.5150864]]}, "properties": {"osm_id": 539989768, "category": "footway", "highway": "footway", "name": "Priest's Court", "tunnel": "building_passage"}}, {"type": "Feature", "geometry": {"type": "LineString", "coordinates": [[-0.0962989, 51.5150864], [-0.0963102, 51.515086]]}, "properties": {"osm_id": 539989771, "category": "footway", "highway": "footway", "name": "Priest's Court"}}, {"type": "Feature", "geometry": {"type": "LineString", "coordinates": [[-0.0962995, 51.5151455], [-0.0963078, 51.5151457]]}, "properties": {"osm_id": 539989781, "category": "footway", "highway": "footway", "name": "Rose and Crown Court"}}, {"type": "Feature", "geometry": {"type": "LineString", "coordinates": [[-0.0961149, 51.5151374], [-0.0962995, 51.5151455]]}, "properties": {"osm_id": 539989790, "category": "footway", "highway": "footway", "name": "Rose and Crown Court", "tunnel": "building_passage"}}, {"type": "Feature", "geometry": {"type": "LineString", "coordinates": [[-0.0995356, 51.5207647], [-0.0994389, 51.5203931]]}, "properties": {"osm_id": 540443564, "category": "footway", "highway": "footway", "lit": "yes", "surface": "compacted"}}, {"type": "Feature", "geometry": {"type": "LineString", "coordinates": [[-0.100181, 51.5206774], [-0.1000891, 51.5206787], [-0.1000067, 51.5206798], [-0.099787, 51.5206958], [-0.0995356, 51.5207647]]}, "properties": {"osm_id": 540443566, "category": "footway", "highway": "footway", "lit": "yes", "surface": "compacted"}}, {"type": "Feature", "geometry": {"type": "LineString", "coordinates": [[-0.0985122, 51.5170988], [-0.0985072, 51.5171001], [-0.0983079, 51.5171596]]}, "properties": {"osm_id": 541772501, "category": "footway", "access": "permissive", "bicycle": "dismount", "highway": "footway", "horse": "no", "motor_vehicle": "no", "tunnel": "building_passage"}}, {"type": "Feature", "geometry": {"type": "LineString", "coordinates": [[-0.0986225, 51.51709], [-0.0985586, 51.5170946], [-0.0985205, 51.5170981], [-0.0985122, 51.5170988]]}, "properties": {"osm_id": 541773070, "category": "footway", "highway": "footway", "surface": "asphalt"}}, {"type": "Feature", "geometry": {"type": "LineString", "coordinates": [[-0.0980971, 51.517145], [-0.0980007, 51.5171599]]}, "properties": {"osm_id": 541785158, "category": "footway", "bicycle": "dismount", "highway": "footway", "horse": "no", "tunnel": "building_passage"}}, {"type": "Feature", "geometry": {"type": "LineString", "coordinates": [[-0.0921839, 51.5219119], [-0.0921412, 51.5217182]]}, "properties": {"osm_id": 566469895, "category": "footway", "highway": "footway", "lit": "yes", "name": "Cherry Tree Walk", "source": "survey"}}, {"type": "Feature", "geometry": {"type": "LineString", "coordinates": [[-0.0921975, 51.5219734], [-0.0921839, 51.5219119]]}, "properties": {"osm_id": 566469897, "category": "footway", "highway": "footway", "lit": "yes", "name": "Cherry Tree Walk", "source": "survey", "tunnel": "building_passage"}}, {"type": "Feature", "geometry": {"type": "LineString", "coordinates": [[-0.0996984, 51.521366], [-0.0996501, 51.5213668], [-0.0996535, 51.5212095], [-0.0996213, 51.5212086], [-0.0996219, 51.5211653]]}, "properties": {"osm_id": 567991076, "category": "footway", "access": "private", "foot:conditional": "permissive @ (Tu-Su 11:00-16:45)", "highway": "footway", "surface": "paving_stones"}}, {"type": "Feature", "geometry": {"type": "LineString", "coordinates": [[-0.0989863, 51.5214569], [-0.0989849, 51.5214865]]}, "properties": {"osm_id": 567991091, "category": "footway", "access": "private", "highway": "footway", "tunnel": "building_passage"}}, {"type": "Feature", "geometry": {"type": "LineString", "coordinates": [[-0.0984864, 51.5154276], [-0.0985031, 51.5154325], [-0.0985107, 51.5154564], [-0.0984699, 51.5154676], [-0.0984586, 51.5154643]]}, "properties": {"osm_id": 569355890, "category": "footway", "highway": "footway", "indoor": "yes", "layer": "-5", "level": "-5", "tunnel": "yes"}}, {"type": "Feature", "geometry": {"type": "LineString", "coordinates": [[-0.0984591, 51.5154413], [-0.0985107, 51.5154564], [-0.0985774, 51.515476], [-0.0986052, 51.5154394], [-0.0986258, 51.5154122]]}, "properties": {"osm_id": 569355891, "category": "footway", "highway": "footway", "indoor": "yes", "layer": "-5", "level": "-5", "tunnel": "yes"}}, {"type": "Feature", "geometry": {"type": "LineString", "coordinates": [[-0.0984586, 51.5154643], [-0.098303, 51.5154186]]}, "properties": {"osm_id": 569355892, "category": "steps", "conveying": "yes", "highway": "steps", "incline": "up", "indoor": "yes", "layer": "-5", "level": "-5;-4", "tunnel": "yes"}}, {"type": "Feature", "geometry": {"type": "LineString", "coordinates": [[-0.0983308, 51.5153819], [-0.0984864, 51.5154276]]}, "properties": {"osm_id": 569355893, "category": "steps", "conveying": "yes", "highway": "steps", "incline": "down", "indoor": "yes", "layer": "-5", "level": "-5;-4", "tunnel": "yes"}}, {"type": "Feature", "geometry": {"type": "LineString", "coordinates": [[-0.0984201, 51.5154298], [-0.0984591, 51.5154413]]}, "properties": {"osm_id": 569355897, "category": "steps", "highway": "steps", "incline": "down", "indoor": "yes", "level": "-5;-4.7", "step_count": "11", "tunnel": "yes"}}, {"type": "Feature", "geometry": {"type": "LineString", "coordinates": [[-0.0984093, 51.5154267], [-0.0984201, 51.5154298]]}, "properties": {"osm_id": 569355898, "category": "footway", "highway": "footway", "indoor": "yes", "level": "-4.7;-4.2", "tunnel": "yes"}}, {"type": "Feature", "geometry": {"type": "LineString", "coordinates": [[-0.098347, 51.5154084], [-0.0984093, 51.5154267]]}, "properties": {"osm_id": 569355899, "category": "steps", "highway": "steps", "incline": "down", "indoor": "yes", "level": "-4.7;-4.2", "step_count": "17", "tunnel": "yes"}}, {"type": "Feature", "geometry": {"type": "LineString", "coordinates": [[-0.0983369, 51.5154054], [-0.098347, 51.5154084]]}, "properties": {"osm_id": 569355900, "category": "footway", "highway": "footway", "indoor": "yes", "level": "-4.2", "tunnel": "yes"}}, {"type": "Feature", "geometry": {"type": "LineString", "coordinates": [[-0.0983255, 51.5154021], [-0.0983369, 51.5154054]]}, "properties": {"osm_id": 569355901, "category": "steps", "highway": "steps", "incline": "down", "indoor": "yes", "level": "-4.2;-4", "step_count": "3", "tunnel": "yes"}}, {"type": "Feature", "geometry": {"type": "LineString", "coordinates": [[-0.0982687, 51.5153859], [-0.0983419, 51.5152894], [-0.0983615, 51.5152636]]}, "properties": {"osm_id": 569355902, "category": "footway", "highway": "footway", "indoor": "yes", "layer": "-4", "level": "-4", "tunnel": "yes"}}, {"type": "Feature", "geometry": {"type": "LineString", "coordinates": [[-0.098303, 51.5154186], [-0.0982792, 51.515412], [-0.0982687, 51.5153859], [-0.0983046, 51.5153751], [-0.0983308, 51.5153819]]}, "properties": {"osm_id": 569355903, "category": "footway", "highway": "footway", "indoor": "yes", "layer": "-4", "level": "-4", "tunnel": "yes"}}, {"type": "Feature", "geometry": {"type": "LineString", "coordinates": [[-0.0979772, 51.5152261], [-0.0980095, 51.5152437]]}, "properties": {"osm_id": 569355914, "category": "steps", "highway": "steps", "incline": "down", "indoor": "yes", "level": "-4;-3.5", "step_count": "11", "tunnel": "yes"}}, {"type": "Feature", "geometry": {"type": "LineString", "coordinates": [[-0.0979679, 51.5152211], [-0.0979772, 51.5152261]]}, "properties": {"osm_id": 569355915, "category": "footway", "highway": "footway", "indoor": "yes", "level": "-3.5", "tunnel": "yes"}}, {"type": "Feature", "geometry": {"type": "LineString", "coordinates": [[-0.097916, 51.5151929], [-0.0979679, 51.5152211]]}, "properties": {"osm_id": 569355916, "category": "steps", "highway": "steps", "incline": "down", "indoor": "yes", "level": "-3.5;-3", "step_count": "17", "tunnel": "yes"}}, {"type": "Feature", "geometry": {"type": "LineString", "coordinates": [[-0.0979077, 51.5151884], [-0.097916, 51.5151929]]}, "properties": {"osm_id": 569355917, "category": "footway", "highway": "footway", "indoor": "yes", "level": "-3", "tunnel": "yes"}}, {"type": "Feature", "geometry": {"type": "LineString", "coordinates": [[-0.0978554, 51.5151601], [-0.0979077, 51.5151884]]}, "properties": {"osm_id": 569355918, "category": "steps", "highway": "steps", "incline": "down", "indoor": "yes", "level": "-3;-2.5", "step_count": "17", "tunnel": "yes"}}, {"type": "Feature", "geometry": {"type": "LineString", "coordinates": [[-0.0978462, 51.5151551], [-0.0978554, 51.5151601]]}, "properties": {"osm_id": 569355919, "category": "footway", "highway": "footway", "indoor": "yes", "level": "-2.5", "tunnel": "yes"}}, {"type": "Feature", "geometry": {"type": "LineString", "coordinates": [[-0.0977938, 51.5151267], [-0.0978462, 51.5151551]]}, "properties": {"osm_id": 569355920, "category": "steps", "highway": "steps", "incline": "down", "indoor": "yes", "level": "-2.5;-2", "step_count": "17", "tunnel": "yes"}}, {"type": "Feature", "geometry": {"type": "LineString", "coordinates": [[-0.0977846, 51.5151217], [-0.0977938, 51.5151267]]}, "properties": {"osm_id": 569355921, "category": "footway", "highway": "footway", "indoor": "yes", "level": "-2", "tunnel": "yes"}}, {"type": "Feature", "geometry": {"type": "LineString", "coordinates": [[-0.0977322, 51.5150932], [-0.0977846, 51.5151217]]}, "properties": {"osm_id": 569355922, "category": "steps", "highway": "steps", "incline": "down", "indoor": "yes", "level": "-2;-1.6", "step_count": "17", "tunnel": "yes"}}, {"type": "Feature", "geometry": {"type": "LineString", "coordinates": [[-0.0977231, 51.5150883], [-0.0977322, 51.5150932]]}, "properties": {"osm_id": 569355923, "category": "footway", "highway": "footway", "indoor": "yes", "level": "-1.6", "tunnel": "yes"}}, {"type": "Feature", "geometry": {"type": "LineString", "coordinates": [[-0.0976709, 51.5150599], [-0.0977231, 51.5150883]]}, "properties": {"osm_id": 569355924, "category": "steps", "highway": "steps", "incline": "down", "indoor": "yes", "level": "-1.6;-1.2", "step_count": "17", "tunnel": "yes"}}, {"type": "Feature", "geometry": {"type": "LineString", "coordinates": [[-0.0976617, 51.515055], [-0.0976709, 51.5150599]]}, "properties": {"osm_id": 569355925, "category": "footway", "highway": "footway", "indoor": "yes", "level": "-1.2", "tunnel": "yes"}}, {"type": "Feature", "geometry": {"type": "LineString", "coordinates": [[-0.097652, 51.5150497], [-0.0976617, 51.515055]]}, "properties": {"osm_id": 569355926, "category": "steps", "highway": "steps", "incline": "down", "indoor": "yes", "level": "-1.2;-1", "step_count": "3", "tunnel": "yes"}}, {"type": "Feature", "geometry": {"type": "LineString", "coordinates": [[-0.0976342, 51.5150666], [-0.0975825, 51.5150484], [-0.097652, 51.5150497]]}, "properties": {"osm_id": 569355927, "category": "footway", "highway": "footway", "indoor": "yes", "layer": "-1", "level": "-1", "tunnel": "yes"}}, {"type": "Feature", "geometry": {"type": "LineString", "coordinates": [[-0.0971172, 51.5150246], [-0.0971355, 51.5150242]]}, "properties": {"osm_id": 569355946, "category": "footway", "highway": "footway", "indoor": "yes", "level": "-0.5", "tunnel": "yes"}}, {"type": "Feature", "geometry": {"type": "LineString", "coordinates": [[-0.0971236, 51.5150422], [-0.0971172, 51.5150246], [-0.0971118, 51.51501]]}, "properties": {"osm_id": 569355947, "category": "footway", "highway": "footway", "indoor": "yes", "level": "-0.5", "tunnel": "yes"}}, {"type": "Feature", "geometry": {"type": "LineString", "coordinates": [[-0.0971355, 51.5150242], [-0.0971656, 51.5150235]]}, "properties": {"osm_id": 569355949, "category": "steps", "highway": "steps", "incline": "down", "indoor": "yes", "layer": "-1", "level": "-1;-0.5", "step_count": "8", "tunnel": "yes"}}, {"type": "Feature", "geometry": {"type": "LineString", "coordinates": [[-0.0971399, 51.5150872], [-0.0971236, 51.5150422]]}, "properties": {"osm_id": 569355951, "category": "steps", "handrail": "yes", "highway": "steps", "incline": "down", "level": "-0.5;0", "lit": "yes", "ramp": "no", "step_count": "17"}}, {"type": "Feature", "geometry": {"type": "LineString", "coordinates": [[-0.0968202, 51.5147395], [-0.0967352, 51.5147706], [-0.0968198, 51.5148157], [-0.0969316, 51.5148782], [-0.0969887, 51.5149159], [-0.0970249, 51.5149492], [-0.0970672, 51.5150197], [-0.0970871, 51.5150686], [-0.0970995, 51.515122], [-0.0971304, 51.5151223]]}, "properties": {"osm_id": 569355955, "category": "footway", "footway": "sidewalk", "highway": "footway", "lit": "yes", "surface": "paving_stones"}}, {"type": "Feature", "geometry": {"type": "LineString", "coordinates": [[-0.0974358, 51.5198783], [-0.0974729, 51.5199035], [-0.0975051, 51.5199185], [-0.0975022, 51.5199353]]}, "properties": {"osm_id": 569863892, "category": "footway", "footway": "sidewalk", "highway": "footway", "lit": "yes", "street:name": "Aldersgate Street", "surface": "paved"}}, {"type": "Feature", "geometry": {"type": "LineString", "coordinates": [[-0.0991955, 51.5196248], [-0.0990054, 51.5196807], [-0.0988014, 51.5197468], [-0.0983046, 51.5198867], [-0.0978361, 51.5199894], [-0.0976293, 51.520033], [-0.0975652, 51.5200557], [-0.0975317, 51.5200693]]}, "properties": {"osm_id": 569863893, "category": "footway", "footway": "sidewalk", "highway": "footway", "lit": "yes", "street:name": "Long Lane", "surface": "paving_stones"}}, {"type": "Feature", "geometry": {"type": "LineString", "coordinates": [[-0.0975992, 51.52018], [-0.0976036, 51.5202241], [-0.0975814, 51.5202242], [-0.0975804, 51.5202125]]}, "properties": {"osm_id": 569863894, "category": "steps", "highway": "steps", "incline": "up", "indoor": "yes", "layer": "1", "level": "0;1"}}, {"type": "Feature", "geometry": {"type": "LineString", "coordinates": [[-0.0978677, 51.5202024], [-0.0976948, 51.5202089], [-0.0976771, 51.5202321]]}, "properties": {"osm_id": 569863895, "category": "footway", "highway": "footway", "indoor": "yes", "layer": "-1", "level": "-1", "tunnel": "yes"}}, {"type": "Feature", "geometry": {"type": "LineString", "coordinates": [[-0.0978762, 51.5202969], [-0.0978677, 51.5202024]]}, "properties": {"osm_id": 569863896, "category": "footway", "highway": "footway", "indoor": "yes", "layer": "-1", "level": "-1", "tunnel": "yes"}}, {"type": "Feature", "geometry": {"type": "LineString", "coordinates": [[-0.0980161, 51.5201971], [-0.0978677, 51.5202024], [-0.0978567, 51.5200998]]}, "properties": {"osm_id": 569863897, "category": "footway", "highway": "footway", "indoor": "yes", "level": "-1", "tunnel": "yes"}}, {"type": "Feature", "geometry": {"type": "LineString", "coordinates": [[-0.0977828, 51.5203003], [-0.0977736, 51.5202282], [-0.0976771, 51.5202321]]}, "properties": {"osm_id": 569863898, "category": "footway", "highway": "footway", "indoor": "yes", "level": "-1", "tunnel": "yes"}}, {"type": "Feature", "geometry": {"type": "LineString", "coordinates": [[-0.097689, 51.520242], [-0.0976771, 51.5202321], [-0.0976663, 51.5202428]]}, "properties": {"osm_id": 569863899, "category": "footway", "highway": "footway", "indoor": "yes", "level": "-1", "tunnel": "yes"}}, {"type": "Feature", "geometry": {"type": "LineString", "coordinates": [[-0.0976193, 51.5201999], [-0.0976167, 51.5201722], [-0.0975626, 51.520174]]}, "properties": {"osm_id": 569863900, "category": "footway", "highway": "footway", "indoor": "yes"}}, {"type": "Feature", "geometry": {"type": "LineString", "coordinates": [[-0.0976128, 51.5202351], [-0.0976193, 51.5201999], [-0.0976358, 51.5202346]]}, "properties": {"osm_id": 569863901, "category": "footway", "highway": "footway", "indoor": "yes"}}, {"type": "Feature", "geometry": {"type": "LineString", "coordinates": [[-0.0976921, 51.5202692], [-0.0976936, 51.5202853], [-0.0976184, 51.5202883], [-0.0976168, 51.5202718]]}, "properties": {"osm_id": 569863902, "category": "footway", "highway": "footway", "indoor": "yes", "level": "-0.5", "tunnel": "yes"}}, {"type": "Feature", "geometry": {"type": "LineString", "coordinates": [[-0.0976692, 51.5202701], [-0.09767, 51.5202775], [-0.09764, 51.5202786], [-0.0976393, 51.520271]]}, "properties": {"osm_id": 569863903, "category": "footway", "highway": "footway", "indoor": "yes", "level": "-0.5", "tunnel": "yes"}}, {"type": "Feature", "geometry": {"type": "LineString", "coordinates": [[-0.0976393, 51.520271], [-0.0976358, 51.5202346]]}, "properties": {"osm_id": 569863904, "category": "steps", "highway": "steps", "incline": "up", "indoor": "yes", "layer": "-1", "level": "-0.5;0", "step_count": "12", "tunnel": "yes"}}, {"type": "Feature", "geometry": {"type": "LineString", "coordinates": [[-0.0976168, 51.5202718], [-0.0976128, 51.5202351]]}, "properties": {"osm_id": 569863905, "category": "steps", "highway": "steps", "incline": "up", "indoor": "yes", "layer": "-1", "level": "-0.5;0", "step_count": "12", "tunnel": "yes"}}, {"type": "Feature", "geometry": {"type": "LineString", "coordinates": [[-0.0976663, 51.5202428], [-0.0976692, 51.5202701]]}, "properties": {"osm_id": 569863906, "category": "steps", "highway": "steps", "incline": "up", "indoor": "yes", "layer": "-1", "level": "-1;-0.5", "step_count": "11", "tunnel": "yes"}}, {"type": "Feature", "geometry": {"type": "LineString", "coordinates": [[-0.097689, 51.520242], [-0.0976921, 51.5202692]]}, "properties": {"osm_id": 569863907, "category": "steps", "highway": "steps", "incline": "up", "indoor": "yes", "layer": "-1", "level": "-1;-0.5", "step_count": "11", "tunnel": "yes"}}, {"type": "Feature", "geometry": {"type": "LineString", "coordinates": [[-0.0983265, 51.5201847], [-0.0982665, 51.5201869]]}, "properties": {"osm_id": 569863925, "category": "footway", "highway": "footway", "indoor": "yes", "layer": "-2", "level": "-1.5", "tunnel": "yes"}}, {"type": "Feature", "geometry": {"type": "LineString", "coordinates": [[-0.0982665, 51.5201869], [-0.0980161, 51.5201971]]}, "properties": {"osm_id": 569863927, "category": "steps", "highway": "steps", "incline": "up", "indoor": "yes", "layer": "-2", "level": "-1.5;-1", "step_count": "14", "tunnel": "yes"}}, {"type": "Feature", "geometry": {"type": "LineString", "coordinates": [[-0.0985781, 51.5201744], [-0.0983265, 51.5201847]]}, "properties": {"osm_id": 569863931, "category": "steps", "highway": "steps", "incline": "up", "indoor": "yes", "layer": "-3", "level": "-2;-1.5", "step_count": "14", "tunnel": "yes"}}, {"type": "Feature", "geometry": {"type": "LineString", "coordinates": [[-0.092569, 51.5211659], [-0.0926409, 51.521318], [-0.0926368, 51.5213355]]}, "properties": {"osm_id": 574796981, "category": "footway", "highway": "footway", "ramp:wheelchair": "yes", "surface": "paving_stones"}}, {"type": "Feature", "geometry": {"type": "LineString", "coordinates": [[-0.0906184, 51.5157713], [-0.0906587, 51.5157722]]}, "properties": {"osm_id": 581729097, "category": "footway", "covered": "yes", "highway": "footway", "name": "Mason's Avenue", "surface": "paved"}}, {"type": "Feature", "geometry": {"type": "LineString", "coordinates": [[-0.090801, 51.5157708], [-0.0909094, 51.515773]]}, "properties": {"osm_id": 581729098, "category": "footway", "covered": "yes", "highway": "footway", "name": "Masons Avenue", "surface": "paved"}}, {"type": "Feature", "geometry": {"type": "LineString", "coordinates": [[-0.0906587, 51.5157722], [-0.090801, 51.5157708]]}, "properties": {"osm_id": 581729103, "category": "footway", "highway": "footway", "name": "Masons Avenue", "surface": "paved"}}, {"type": "Feature", "geometry": {"type": "LineString", "coordinates": [[-0.0914512, 51.518082], [-0.0901568, 51.5177826], [-0.0899886, 51.5177597]]}, "properties": {"osm_id": 587267172, "category": "footway", "bridge": "yes", "highway": "footway", "layer": "2", "lit": "yes", "name": "St. Alphage Highwalk", "surface": "paving_stones", "tunnel": "building_passage"}}, {"type": "Feature", "geometry": {"type": "LineString", "coordinates": [[-0.0918999, 51.5180118], [-0.0919666, 51.5178906], [-0.0920133, 51.517901], [-0.0919349, 51.5180243], [-0.0919842, 51.5180354], [-0.0920611, 51.5179059], [-0.0921045, 51.517915], [-0.0920249, 51.5180446]]}, "properties": {"osm_id": 587267173, "category": "footway", "highway": "footway", "surface": "asphalt", "wheelchair": "yes"}}, {"type": "Feature", "geometry": {"type": "LineString", "coordinates": [[-0.0919349, 51.5180243], [-0.0918999, 51.5180118]]}, "properties": {"osm_id": 587267174, "category": "footway", "highway": "footway", "surface": "asphalt"}}, {"type": "Feature", "geometry": {"type": "LineString", "coordinates": [[-0.0919842, 51.5180354], [-0.0920249, 51.5180446]]}, "properties": {"osm_id": 587267175, "category": "steps", "handrail": "yes", "highway": "steps", "incline": "down", "surface": "paving_stones"}}, {"type": "Feature", "geometry": {"type": "LineString", "coordinates": [[-0.0921252, 51.5180525], [-0.0924733, 51.5181277], [-0.0925103, 51.5180617], [-0.0922801, 51.5179982], [-0.0921769, 51.5179684], [-0.0921252, 51.5180525]]}, "properties": {"osm_id": 587267176, "category": "footway", "highway": "footway", "surface": "asphalt"}}, {"type": "Feature", "geometry": {"type": "LineString", "coordinates": [[-0.0916894, 51.5177611], [-0.0917186, 51.5177677]]}, "properties": {"osm_id": 587267177, "category": "footway", "bridge": "yes", "highway": "footway", "layer": "1", "lit": "yes", "tunnel": "building_passage"}}, {"type": "Feature", "geometry": {"type": "LineString", "coordinates": [[-0.0916186, 51.5178794], [-0.0916623, 51.5178901], [-0.0916519, 51.5179053]]}, "properties": {"osm_id": 587267178, "category": "footway", "bridge": "yes", "highway": "footway", "layer": "2", "lit": "yes"}}, {"type": "Feature", "geometry": {"type": "LineString", "coordinates": [[-0.0916519, 51.5179053], [-0.0916331, 51.5179006]]}, "properties": {"osm_id": 587267179, "category": "steps", "highway": "steps", "level": "1;2", "lit": "yes"}}, {"type": "Feature", "geometry": {"type": "LineString", "coordinates": [[-0.0916331, 51.5179006], [-0.0916187, 51.5178971], [-0.0916343, 51.5178737]]}, "properties": {"osm_id": 587267180, "category": "footway", "bridge": "yes", "highway": "footway", "layer": "1", "lit": "yes"}}, {"type": "Feature", "geometry": {"type": "LineString", "coordinates": [[-0.0916343, 51.5178737], [-0.0916681, 51.5178818]]}, "properties": {"osm_id": 587267181, "category": "steps", "highway": "steps", "level": "0;1", "lit": "yes"}}, {"type": "Feature", "geometry": {"type": "LineString", "coordinates": [[-0.0918324, 51.5181702], [-0.0917501, 51.5181541], [-0.0918122, 51.5179934], [-0.0920345, 51.5175985], [-0.0921466, 51.5175949]]}, "properties": {"osm_id": 587267182, "category": "footway", "highway": "footway", "lit": "yes", "surface": "asphalt"}}, {"type": "Feature", "geometry": {"type": "LineString", "coordinates": [[-0.0921552, 51.5175566], [-0.0921466, 51.5175949], [-0.0921435, 51.5176299], [-0.0920904, 51.5177167], [-0.0920373, 51.5177807], [-0.0919842, 51.5178633], [-0.0919666, 51.5178906]]}, "properties": {"osm_id": 587267183, "category": "footway", "highway": "footway", "lit": "yes", "name": "London Wall Place", "surface": "asphalt"}}, {"type": "Feature", "geometry": {"type": "LineString", "coordinates": [[-0.0920904, 51.5177167], [-0.0922244, 51.5177506], [-0.0922518, 51.5177036], [-0.0922763, 51.517659], [-0.0921435, 51.5176299]]}, "properties": {"osm_id": 587267186, "category": "footway", "highway": "footway", "lit": "yes", "surface": "asphalt"}}, {"type": "Feature", "geometry": {"type": "LineString", "coordinates": [[-0.0922518, 51.5177036], [-0.0923394, 51.5177228]]}, "properties": {"osm_id": 587267187, "category": "steps", "handrail": "yes", "highway": "steps", "incline": "down"}}, {"type": "Feature", "geometry": {"type": "LineString", "coordinates": [[-0.0942131, 51.5186684], [-0.0942456, 51.5187344], [-0.0941398, 51.5188911], [-0.0939666, 51.5189128]]}, "properties": {"osm_id": 589967845, "category": "footway", "highway": "footway"}}, {"type": "Feature", "geometry": {"type": "LineString", "coordinates": [[-0.097648, 51.5203387], [-0.0975415, 51.5203456]]}, "properties": {"osm_id": 600773505, "category": "footway", "highway": "footway", "surface": "paved"}}, {"type": "Feature", "geometry": {"type": "LineString", "coordinates": [[-0.0951194, 51.5177354], [-0.0949951, 51.517943], [-0.0949796, 51.5179721], [-0.0949824, 51.5179926], [-0.0950113, 51.5180614], [-0.0950436, 51.5181343], [-0.0950462, 51.5181496], [-0.0950412, 51.5181701], [-0.094966, 51.5182889], [-0.0949511, 51.5183], [-0.0949352, 51.5183045], [-0.0949187, 51.5183073], [-0.0949011, 51.5183052], [-0.094884, 51.518306], [-0.0948671, 51.5183152], [-0.0948137, 51.5184008], [-0.0947983, 51.5184162], [-0.094777, 51.5184234], [-0.0947606, 51.5184257], [-0.0947203, 51.5184179], [-0.0947053, 51.518419], [-0.0946928, 51.5184263], [-0.0946685, 51.518458], [-0.09466, 51.5184685]]}, "properties": {"osm_id": 604245663, "category": "footway", "highway": "footway"}}, {"type": "Feature", "geometry": {"type": "LineString", "coordinates": [[-0.0965345, 51.5220499], [-0.0969231, 51.52197], [-0.0969327, 51.5219682]]}, "properties": {"osm_id": 632657512, "category": "footway", "highway": "footway"}}, {"type": "Feature", "geometry": {"type": "LineString", "coordinates": [[-0.0970038, 51.5219543], [-0.096976, 51.52196]]}, "properties": {"osm_id": 632657513, "category": "steps", "highway": "steps", "incline": "down", "tunnel": "yes"}}, {"type": "Feature", "geometry": {"type": "LineString", "coordinates": [[-0.0970038, 51.5219543], [-0.0972636, 51.5219004]]}, "properties": {"osm_id": 632657514, "category": "footway", "highway": "footway", "surface": "paving_stones", "tunnel": "yes"}}, {"type": "Feature", "geometry": {"type": "LineString", "coordinates": [[-0.0941908, 51.517621], [-0.0941976, 51.5176107], [-0.0942022, 51.5176037]]}, "properties": {"osm_id": 636800004, "category": "steps", "handrail": "yes", "highway": "steps"}}, {"type": "Feature", "geometry": {"type": "LineString", "coordinates": [[-0.0944813, 51.5179057], [-0.0945418, 51.5178965], [-0.0945956, 51.5178886], [-0.0946808, 51.5177539], [-0.0947317, 51.5177329]]}, "properties": {"osm_id": 636800006, "category": "footway", "highway": "footway"}}, {"type": "Feature", "geometry": {"type": "LineString", "coordinates": [[-0.0942296, 51.5179192], [-0.0942161, 51.5179445]]}, "properties": {"osm_id": 636800008, "category": "steps", "highway": "steps"}}, {"type": "Feature", "geometry": {"type": "LineString", "coordinates": [[-0.0942161, 51.5179445], [-0.0940957, 51.5181518]]}, "properties": {"osm_id": 636800009, "category": "footway", "highway": "footway"}}, {"type": "Feature", "geometry": {"type": "LineString", "coordinates": [[-0.0986846, 51.5178879], [-0.0984868, 51.5179989]]}, "properties": {"osm_id": 666412729, "category": "footway", "highway": "footway", "surface": "paving_stones"}}, {"type": "Feature", "geometry": {"type": "LineString", "coordinates": [[-0.098955, 51.5177342], [-0.0989738, 51.5177556], [-0.0988851, 51.517873], [-0.0990417, 51.5181028], [-0.0988876, 51.5181251], [-0.0987019, 51.5181519], [-0.0984868, 51.5179989], [-0.0984645, 51.5179811], [-0.0989399, 51.5177173], [-0.098955, 51.5177342]]}, "properties": {"osm_id": 669810404, "category": "pedestrian", "area": "yes", "highway": "pedestrian", "surface": "paving_stones"}}, {"type": "Feature", "geometry": {"type": "LineString", "coordinates": [[-0.0984868, 51.5179989], [-0.0983237, 51.5180855]]}, "properties": {"osm_id": 669830357, "category": "footway", "highway": "footway", "surface": "paving_stones", "tunnel": "building_passage"}}, {"type": "Feature", "geometry": {"type": "LineString", "coordinates": [[-0.0983237, 51.5180855], [-0.0983065, 51.518094], [-0.0982885, 51.5181029]]}, "properties": {"osm_id": 669830358, "category": "footway", "highway": "footway", "surface": "paving_stones"}}, {"type": "Feature", "geometry": {"type": "LineString", "coordinates": [[-0.0952958, 51.5186323], [-0.0954496, 51.5183745], [-0.0954777, 51.5183277]]}, "properties": {"osm_id": 680791416, "category": "footway", "bridge": "yes", "highway": "footway", "lit": "yes", "name": "Mountjoy Close", "surface": "tiles", "tunnel": "building_passage"}}, {"type": "Feature", "geometry": {"type": "LineString", "coordinates": [[-0.0972855, 51.5202585], [-0.0972951, 51.5203885], [-0.0973132, 51.5205763], [-0.0973229, 51.5206975], [-0.0973243, 51.5207776], [-0.0973205, 51.5208868], [-0.0973138, 51.5209837], [-0.0972981, 51.5211114], [-0.0972751, 51.5212366], [-0.0972573, 51.5213166], [-0.097221, 51.5215205]]}, "properties": {"osm_id": 680791417, "category": "footway", "footway": "sidewalk", "highway": "footway", "street:name": "Aldersgate Street"}}, {"type": "Feature", "geometry": {"type": "LineString", "coordinates": [[-0.0953097, 51.5194839], [-0.0955822, 51.5190234], [-0.096326, 51.5191954], [-0.0961844, 51.5194346], [-0.0958968, 51.5199203], [-0.0951533, 51.5197483], [-0.0953097, 51.5194839]]}, "properties": {"osm_id": 680791419, "category": "footway", "access": "private", "bicycle": "no", "highway": "footway"}}, {"type": "Feature", "geometry": {"type": "LineString", "coordinates": [[-0.0917159, 51.5186425], [-0.0915697, 51.5188916], [-0.0915187, 51.5189833], [-0.0921115, 51.5191213], [-0.0919703, 51.5193998], [-0.0918605, 51.5195729], [-0.0919658, 51.5195981], [-0.0917981, 51.5197901], [-0.0917909, 51.5198016]]}, "properties": {"osm_id": 680791420, "category": "footway", "access": "private", "bicycle": "no", "foot": "private", "highway": "footway", "horse": "no", "layer": "1"}}, {"type": "Feature", "geometry": {"type": "LineString", "coordinates": [[-0.0933894, 51.5199404], [-0.0933647, 51.5199854], [-0.0933102, 51.5201058], [-0.0932847, 51.5201963], [-0.0933131, 51.5202906], [-0.0933935, 51.5203844], [-0.0935055, 51.5204432], [-0.09363, 51.5204797], [-0.0937288, 51.5204969], [-0.0938887, 51.5204926], [-0.093982, 51.5204723], [-0.0940564, 51.5204552], [-0.0941047, 51.5204349], [-0.0941627, 51.5204043], [-0.0942269, 51.5203512], [-0.0943039, 51.5201788], [-0.0943146, 51.5201521], [-0.0942209, 51.5201361]]}, "properties": {"osm_id": 680791421, "category": "footway", "bicycle": "no", "dog": "leashed", "highway": "footway", "horse": "no", "level": "2", "name": "Upper Frobisher Crescent"}}, {"type": "Feature", "geometry": {"type": "LineString", "coordinates": [[-0.0938404, 51.5210434], [-0.0940627, 51.521494], [-0.0936778, 51.5215597], [-0.0934671, 51.5211593], [-0.0934477, 51.5211249]]}, "properties": {"osm_id": 680791422, "category": "footway", "highway": "footway", "layer": "1", "level": "1", "name": "Breton Highwalk", "name:etymology:wikidata": "Q1984811", "ref:GB:usrn": "8100621"}}, {"type": "Feature", "geometry": {"type": "LineString", "coordinates": [[-0.0934671, 51.5211593], [-0.0927311, 51.5212945], [-0.092708, 51.5212397]]}, "properties": {"osm_id": 680791423, "category": "footway", "bicycle": "no", "highway": "footway", "layer": "1"}}, {"type": "Feature", "geometry": {"type": "LineString", "coordinates": [[-0.0947317, 51.5177329], [-0.0948108, 51.5177076], [-0.0948095, 51.5176613]]}, "properties": {"osm_id": 683973988, "category": "steps", "handrail": "yes", "highway": "steps", "incline": "down", "level": "1;0", "ramp": "no", "step_count": "18", "surface": "paving_stones", "tactile_paving": "no"}}, {"type": "Feature", "geometry": {"type": "LineString", "coordinates": [[-0.0948094, 51.5176418], [-0.0948094, 51.5175922]]}, "properties": {"osm_id": 683973989, "category": "steps", "highway": "steps", "incline": "down", "level": "0", "tunnel": "building_passage"}}, {"type": "Feature", "geometry": {"type": "LineString", "coordinates": [[-0.0935025, 51.5197201], [-0.0934935, 51.5197364], [-0.0927993, 51.5195825], [-0.092764, 51.5196618], [-0.0927307, 51.5197207]]}, "properties": {"osm_id": 699597718, "category": "footway", "highway": "footway", "layer": "0"}}, {"type": "Feature", "geometry": {"type": "LineString", "coordinates": [[-0.0928238, 51.5196024], [-0.0928144, 51.5196215]]}, "properties": {"osm_id": 699597719, "category": "footway", "highway": "footway", "layer": "1"}}, {"type": "Feature", "geometry": {"type": "LineString", "coordinates": [[-0.0928242, 51.5192759], [-0.0928016, 51.5192708]]}, "properties": {"osm_id": 699597722, "category": "footway", "access": "private", "covered": "yes", "highway": "footway", "surface": "paving_stones"}}, {"type": "Feature", "geometry": {"type": "LineString", "coordinates": [[-0.092194, 51.5191417], [-0.0921388, 51.5191275]]}, "properties": {"osm_id": 699597724, "category": "steps", "access": "private", "highway": "steps"}}, {"type": "Feature", "geometry": {"type": "LineString", "coordinates": [[-0.0928778, 51.5194292], [-0.0927511, 51.5194032]]}, "properties": {"osm_id": 699597725, "category": "footway", "covered": "yes", "highway": "footway"}}, {"type": "Feature", "geometry": {"type": "LineString", "coordinates": [[-0.0995641, 51.5210548], [-0.0995615, 51.5210342], [-0.0995612, 51.5210274], [-0.0995558, 51.5209828], [-0.0995356, 51.5207647]]}, "properties": {"osm_id": 712226862, "category": "footway", "highway": "footway", "lit": "yes", "surface": "compacted"}}, {"type": "Feature", "geometry": {"type": "LineString", "coordinates": [[-0.098988, 51.5206712], [-0.0989733, 51.5207329], [-0.0991175, 51.5209303], [-0.0991806, 51.520988], [-0.0993052, 51.5209965], [-0.0995558, 51.5209828]]}, "properties": {"osm_id": 712227130, "category": "footway", "highway": "footway", "lit": "no", "surface": "fine_gravel"}}, {"type": "Feature", "geometry": {"type": "LineString", "coordinates": [[-0.0927468, 51.5180847], [-0.0927506, 51.5180341], [-0.0927546, 51.5180275], [-0.0927797, 51.5180334]]}, "properties": {"osm_id": 727393714, "category": "footway", "access": "private", "highway": "footway"}}, {"type": "Feature", "geometry": {"type": "LineString", "coordinates": [[-0.0926658, 51.5179971], [-0.0926821, 51.5179687]]}, "properties": {"osm_id": 727393715, "category": "steps", "highway": "steps"}}, {"type": "Feature", "geometry": {"type": "LineString", "coordinates": [[-0.0909062, 51.5220412], [-0.0909448, 51.5220361], [-0.0913595, 51.5219818], [-0.0913762, 51.5220688]]}, "properties": {"osm_id": 732150948, "category": "footway", "highway": "footway", "surface": "asphalt"}}, {"type": "Feature", "geometry": {"type": "LineString", "coordinates": [[-0.0929357, 51.5207411], [-0.0926957, 51.5206718]]}, "properties": {"osm_id": 732154813, "category": "footway", "highway": "footway", "lit": "yes", "name": "Cromwell Place", "postal_code": "EC2", "ref:GB:usrn": "8100622", "surface": "paving_stones"}}, {"type": "Feature", "geometry": {"type": "LineString", "coordinates": [[-0.0994914, 51.5210667], [-0.0995641, 51.5210548], [-0.0997003, 51.5210324], [-0.0997348, 51.5210221], [-0.0997735, 51.5210023], [-0.0999237, 51.5208801]]}, "properties": {"osm_id": 733434019, "category": "pedestrian", "highway": "pedestrian", "lit": "yes", "maxspeed": "20 mph", "name": "Charterhouse Square", "oneway": "no", "surface": "sett", "wikidata": "Q5086878", "wikipedia": "en:Charterhouse Square"}}, {"type": "Feature", "geometry": {"type": "LineString", "coordinates": [[-0.0971636, 51.5159972], [-0.097149, 51.5160039], [-0.0971585, 51.5160621], [-0.0971637, 51.5160989], [-0.0971072, 51.5163339]]}, "properties": {"osm_id": 733656511, "category": "footway", "footway": "sidewalk", "highway": "footway", "street:name": "St. Martin's Le Grand", "surface": "paving_stones"}}, {"type": "Feature", "geometry": {"type": "LineString", "coordinates": [[-0.0939382, 51.5175063], [-0.0939383, 51.5175366], [-0.0939385, 51.5175837]]}, "properties": {"osm_id": 745520406, "category": "footway", "covered": "yes", "crossing": "traffic_signals", "crossing:markings": "dots", "crossing:signals": "yes", "footway": "crossing", "highway": "footway"}}, {"type": "Feature", "geometry": {"type": "LineString", "coordinates": [[-0.093938, 51.5174878], [-0.0939382, 51.5175063]]}, "properties": {"osm_id": 745520407, "category": "footway", "covered": "yes", "highway": "footway"}}, {"type": "Feature", "geometry": {"type": "LineString", "coordinates": [[-0.0933563, 51.5174852], [-0.0933553, 51.5174585], [-0.093354, 51.5174127]]}, "properties": {"osm_id": 745521242, "category": "footway", "covered": "yes", "crossing": "traffic_signals", "crossing:markings": "dots", "crossing:signals": "yes", "footway": "crossing", "highway": "footway"}}, {"type": "Feature", "geometry": {"type": "LineString", "coordinates": [[-0.0933077, 51.51739], [-0.0933529, 51.5173899], [-0.0934762, 51.5173894], [-0.0934946, 51.5173637], [-0.0935063, 51.5173474], [-0.0935874, 51.5173498], [-0.093616, 51.5173056]]}, "properties": {"osm_id": 745521243, "category": "footway", "covered": "yes", "footway": "sidewalk", "highway": "footway"}}, {"type": "Feature", "geometry": {"type": "LineString", "coordinates": [[-0.0935627, 51.5172733], [-0.0935417, 51.5173079]]}, "properties": {"osm_id": 745521244, "category": "footway", "bridge": "yes", "highway": "footway", "incline": "up", "layer": "2"}}, {"type": "Feature", "geometry": {"type": "LineString", "coordinates": [[-0.0934739, 51.5175755], [-0.0933597, 51.5175702]]}, "properties": {"osm_id": 745521245, "category": "footway", "covered": "yes", "highway": "footway", "layer": "0"}}, {"type": "Feature", "geometry": {"type": "LineString", "coordinates": [[-0.093357, 51.5175058], [-0.0933563, 51.5174852]]}, "properties": {"osm_id": 745521246, "category": "footway", "covered": "yes", "highway": "footway"}}, {"type": "Feature", "geometry": {"type": "LineString", "coordinates": [[-0.093354, 51.5174127], [-0.0933529, 51.5173899]]}, "properties": {"osm_id": 745521247, "category": "footway", "covered": "yes", "highway": "footway"}}, {"type": "Feature", "geometry": {"type": "LineString", "coordinates": [[-0.0936266, 51.517289], [-0.093588, 51.5172793]]}, "properties": {"osm_id": 745521248, "category": "footway", "highway": "footway", "level": "0"}}, {"type": "Feature", "geometry": {"type": "LineString", "coordinates": [[-0.0933597, 51.5175702], [-0.0933581, 51.517538], [-0.093357, 51.5175058]]}, "properties": {"osm_id": 745521281, "category": "footway", "covered": "yes", "crossing": "traffic_signals", "crossing:markings": "dots", "crossing:signals": "yes", "footway": "crossing", "highway": "footway"}}, {"type": "Feature", "geometry": {"type": "LineString", "coordinates": [[-0.0938937, 51.5172256], [-0.093839, 51.5173228]]}, "properties": {"osm_id": 745521480, "category": "footway", "footway": "sidewalk", "highway": "footway"}}, {"type": "Feature", "geometry": {"type": "LineString", "coordinates": [[-0.0934665, 51.5176504], [-0.0934998, 51.5176692], [-0.0935281, 51.5176754]]}, "properties": {"osm_id": 745521694, "category": "footway", "covered": "yes", "crossing": "traffic_signals", "crossing:markings": "zebra", "crossing:signals": "yes", "footway": "crossing", "highway": "footway", "layer": "0"}}, {"type": "Feature", "geometry": {"type": "LineString", "coordinates": [[-0.0934351, 51.5176313], [-0.0934747, 51.5176373]]}, "properties": {"osm_id": 745521695, "category": "footway", "covered": "yes", "highway": "footway"}}, {"type": "Feature", "geometry": {"type": "LineString", "coordinates": [[-0.0989366, 51.5184791], [-0.0990663, 51.5184101]]}, "properties": {"osm_id": 757615061, "category": "footway", "highway": "footway", "layer": "-1", "name": "Middlesex Passage", "tunnel": "yes"}}, {"type": "Feature", "geometry": {"type": "LineString", "coordinates": [[-0.0991466, 51.5183254], [-0.0991132, 51.5183709], [-0.0991076, 51.5183805], [-0.0990663, 51.5184101]]}, "properties": {"osm_id": 757615062, "category": "footway", "highway": "footway", "name": "Middlesex Passage"}}, {"type": "Feature", "geometry": {"type": "LineString", "coordinates": [[-0.0951857, 51.5210805], [-0.0951671, 51.5210606], [-0.0951489, 51.5210412]]}, "properties": {"osm_id": 796344416, "category": "footway", "crossing": "unmarked", "crossing:markings": "no", "footway": "crossing", "highway": "footway"}}, {"type": "Feature", "geometry": {"type": "LineString", "coordinates": [[-0.0949813, 51.521114], [-0.0951664, 51.521082]]}, "properties": {"osm_id": 796344419, "category": "footway", "covered": "yes", "highway": "footway", "name:etymology:wikidata": "Q1619586", "ref:GB:usrn": "8100158", "street:name": "Cripplegate Street"}}, {"type": "Feature", "geometry": {"type": "LineString", "coordinates": [[-0.0954912, 51.517637], [-0.094941, 51.5176353], [-0.094831, 51.5176276]]}, "properties": {"osm_id": 807734807, "category": "footway", "highway": "footway", "level": "1", "name": "Bastion Highwalk", "surface": "paved"}}, {"type": "Feature", "geometry": {"type": "LineString", "coordinates": [[-0.0944368, 51.5200733], [-0.0942814, 51.520037], [-0.0942107, 51.5200219]]}, "properties": {"osm_id": 834826776, "category": "footway", "covered": "yes", "highway": "footway", "level": "2", "surface": "paved"}}, {"type": "Feature", "geometry": {"type": "LineString", "coordinates": [[-0.0945182, 51.5200924], [-0.0944368, 51.5200733]]}, "properties": {"osm_id": 834826777, "category": "footway", "highway": "footway", "level": "2", "surface": "paved"}}, {"type": "Feature", "geometry": {"type": "LineString", "coordinates": [[-0.0943366, 51.5199373], [-0.0942814, 51.520037], [-0.0942621, 51.5200712]]}, "properties": {"osm_id": 834826781, "category": "footway", "covered": "yes", "highway": "footway", "level": "2", "surface": "paved"}}, {"type": "Feature", "geometry": {"type": "LineString", "coordinates": [[-0.0950169, 51.519956], [-0.0946443, 51.5201207], [-0.0944592, 51.520202]]}, "properties": {"osm_id": 834826784, "category": "footway", "bicycle": "no", "highway": "footway", "layer": "1", "level": "1", "name": "Defoe Place", "note": "Path at podium level", "surface": "paving_stones"}}, {"type": "Feature", "geometry": {"type": "LineString", "coordinates": [[-0.0945835, 51.5201082], [-0.0945182, 51.5200924]]}, "properties": {"osm_id": 834826785, "category": "steps", "handrail:left": "yes", "handrail:right": "yes", "highway": "steps", "incline": "up"}}, {"type": "Feature", "geometry": {"type": "LineString", "coordinates": [[-0.0946443, 51.5201207], [-0.0945835, 51.5201082]]}, "properties": {"osm_id": 834826786, "category": "footway", "highway": "footway", "incline": "up", "level": "1", "surface": "paving_stones"}}, {"type": "Feature", "geometry": {"type": "LineString", "coordinates": [[-0.0994275, 51.5156868], [-0.0994246, 51.5157192], [-0.099419, 51.5157718], [-0.099406, 51.5159023], [-0.0993951, 51.5159799]]}, "properties": {"osm_id": 851938702, "category": "footway", "highway": "footway", "name": "Greyfriars Passage", "postal_code": "EC1A 7BA", "surface": "paving_stones"}}, {"type": "Feature", "geometry": {"type": "LineString", "coordinates": [[-0.0985666, 51.5155513], [-0.0986446, 51.5155547], [-0.0987097, 51.5155575]]}, "properties": {"osm_id": 851938703, "category": "footway", "crossing": "traffic_signals", "crossing:markings": "dots", "footway": "crossing", "highway": "footway"}}, {"type": "Feature", "geometry": {"type": "LineString", "coordinates": [[-0.0987721, 51.5156616], [-0.098765, 51.5156243], [-0.0987605, 51.5155956]]}, "properties": {"osm_id": 851938704, "category": "footway", "crossing": "traffic_signals", "footway": "crossing", "highway": "footway", "surface": "asphalt"}}, {"type": "Feature", "geometry": {"type": "LineString", "coordinates": [[-0.0987919, 51.5153959], [-0.0988079, 51.5153718], [-0.0988219, 51.5153508]]}, "properties": {"osm_id": 851938705, "category": "footway", "crossing": "traffic_signals", "crossing:markings": "dots", "footway": "crossing", "highway": "footway", "lit": "yes", "surface": "asphalt"}}, {"type": "Feature", "geometry": {"type": "LineString", "coordinates": [[-0.0925824, 51.5189091], [-0.0925555, 51.5189541], [-0.0925315, 51.5189953]]}, "properties": {"osm_id": 899526345, "category": "footway", "access": "private", "highway": "footway"}}, {"type": "Feature", "geometry": {"type": "LineString", "coordinates": [[-0.0924614, 51.5189319], [-0.0924976, 51.5189405], [-0.0925555, 51.5189541], [-0.0926668, 51.5189801], [-0.0927817, 51.5190071], [-0.0928804, 51.5190302], [-0.0929158, 51.5190387]]}, "properties": {"osm_id": 899526346, "category": "footway", "access": "private", "highway": "footway"}}, {"type": "Feature", "geometry": {"type": "LineString", "coordinates": [[-0.0927575, 51.5190497], [-0.0927706, 51.5190263], [-0.0927817, 51.5190071], [-0.0928061, 51.518965]]}, "properties": {"osm_id": 899526347, "category": "footway", "access": "private", "highway": "footway"}}, {"type": "Feature", "geometry": {"type": "LineString", "coordinates": [[-0.0926923, 51.5189367], [-0.0926787, 51.5189599], [-0.0926668, 51.5189801], [-0.0926548, 51.519], [-0.0926412, 51.5190229]]}, "properties": {"osm_id": 899526348, "category": "footway", "access": "private", "highway": "footway"}}, {"type": "Feature", "geometry": {"type": "LineString", "coordinates": [[-0.0926032, 51.5188735], [-0.092593, 51.5188914]]}, "properties": {"osm_id": 899526349, "category": "footway", "access": "private", "bridge": "yes", "highway": "footway", "layer": "1"}}, {"type": "Feature", "geometry": {"type": "LineString", "coordinates": [[-0.0926227, 51.5188658], [-0.0926032, 51.5188735]]}, "properties": {"osm_id": 899526350, "category": "footway", "access": "private", "highway": "footway"}}, {"type": "Feature", "geometry": {"type": "LineString", "coordinates": [[-0.0976462, 51.5147171], [-0.0976423, 51.5147924], [-0.0976724, 51.5150245]]}, "properties": {"osm_id": 958513709, "category": "pedestrian", "highway": "pedestrian", "lit": "yes", "name": "Panyer Alley", "surface": "paving_stones"}}, {"type": "Feature", "geometry": {"type": "LineString", "coordinates": [[-0.0976724, 51.5150245], [-0.097698, 51.5150363], [-0.097726, 51.515046], [-0.0980401, 51.5151416], [-0.0985527, 51.5152689]]}, "properties": {"osm_id": 958516950, "category": "footway", "footway": "sidewalk", "highway": "footway", "lit": "yes", "surface": "paving_stones"}}, {"type": "Feature", "geometry": {"type": "LineString", "coordinates": [[-0.0974039, 51.5150084], [-0.0974289, 51.5149837], [-0.0974565, 51.5149564]]}, "properties": {"osm_id": 958516952, "category": "footway", "crossing": "marked", "crossing:markings": "dots", "footway": "crossing", "highway": "footway", "lit": "yes", "surface": "asphalt"}}, {"type": "Feature", "geometry": {"type": "LineString", "coordinates": [[-0.0976724, 51.5150245], [-0.0976305, 51.5150064], [-0.0975977, 51.5149906], [-0.0975273, 51.514958], [-0.0974815, 51.5149337]]}, "properties": {"osm_id": 958516954, "category": "footway", "footway": "sidewalk", "highway": "footway", "lit": "yes", "surface": "paving_stones"}}, {"type": "Feature", "geometry": {"type": "LineString", "coordinates": [[-0.0973853, 51.5151562], [-0.0974153, 51.5151785], [-0.097446, 51.5152008]]}, "properties": {"osm_id": 958516957, "category": "footway", "crossing": "marked", "crossing:markings": "dots", "footway": "crossing", "highway": "footway", "lit": "yes", "surface": "asphalt"}}, {"type": "Feature", "geometry": {"type": "LineString", "coordinates": [[-0.097446, 51.5152008], [-0.0974624, 51.5152155], [-0.0974246, 51.5152346], [-0.0973968, 51.5152547], [-0.0973739, 51.5152826], [-0.0973549, 51.5153209], [-0.0972733, 51.5157412], [-0.097244, 51.5158583], [-0.0972387, 51.5158915], [-0.0972426, 51.5159368], [-0.0972644, 51.5159674], [-0.0972477, 51.5159727]]}, "properties": {"osm_id": 958516958, "category": "footway", "footway": "sidewalk", "highway": "footway", "lit": "yes", "street:name": "St. Martin's Le Grand", "surface": "paving_stones"}}, {"type": "Feature", "geometry": {"type": "LineString", "coordinates": [[-0.0972477, 51.5159727], [-0.0972025, 51.5159859], [-0.0971636, 51.5159972]]}, "properties": {"osm_id": 958516959, "category": "footway", "crossing": "unmarked", "footway": "crossing", "highway": "footway"}}, {"type": "Feature", "geometry": {"type": "LineString", "coordinates": [[-0.0971072, 51.5163339], [-0.0971026, 51.5163794], [-0.0970989, 51.5163987], [-0.0970858, 51.5164659], [-0.0970848, 51.5165042], [-0.0970113, 51.5167118]]}, "properties": {"osm_id": 958516963, "category": "footway", "footway": "sidewalk", "highway": "footway", "lit": "yes", "street:name": "St. Martin's Le Grand", "surface": "paving_stones"}}, {"type": "Feature", "geometry": {"type": "LineString", "coordinates": [[-0.0969986, 51.5167476], [-0.0969785, 51.5167998], [-0.0969693, 51.5168545], [-0.0969598, 51.5169159]]}, "properties": {"osm_id": 958516964, "category": "footway", "footway": "sidewalk", "highway": "footway", "lit": "yes", "street:name": "St. Martin's Le Grand", "surface": "paving_stones"}}, {"type": "Feature", "geometry": {"type": "LineString", "coordinates": [[-0.0970113, 51.5167118], [-0.0970057, 51.5167287], [-0.0969986, 51.5167476]]}, "properties": {"osm_id": 958516965, "category": "footway", "crossing": "unmarked", "crossing:continuous": "no", "crossing:island": "no", "crossing:markings": "no", "footway": "crossing", "highway": "footway", "lit": "yes", "surface": "asphalt"}}, {"type": "Feature", "geometry": {"type": "LineString", "coordinates": [[-0.0969187, 51.5172458], [-0.0969439, 51.517258], [-0.0970288, 51.5172644], [-0.0971464, 51.5172967]]}, "properties": {"osm_id": 958516967, "category": "footway", "footway": "sidewalk", "highway": "footway", "surface": "paving_stones"}}, {"type": "Feature", "geometry": {"type": "LineString", "coordinates": [[-0.0969358, 51.5170776], [-0.0969331, 51.5170953], [-0.0969314, 51.5171168]]}, "properties": {"osm_id": 958516968, "category": "footway", "crossing": "unmarked", "crossing:continuous": "no", "crossing:island": "no", "crossing:markings": "no", "footway": "crossing", "highway": "footway", "lit": "yes", "surface": "asphalt"}}, {"type": "Feature", "geometry": {"type": "LineString", "coordinates": [[-0.0969027, 51.5170147], [-0.0968503, 51.5170118], [-0.0968033, 51.5170096]]}, "properties": {"osm_id": 958516969, "category": "footway", "crossing": "traffic_signals", "crossing:island": "no", "crossing:markings": "dots", "crossing:signals": "yes", "crossing_ref": "pelican", "footway": "crossing", "highway": "footway", "lit": "yes", "surface": "asphalt"}}, {"type": "Feature", "geometry": {"type": "LineString", "coordinates": [[-0.0970591, 51.5160893], [-0.0970385, 51.5160877], [-0.0969968, 51.5160844], [-0.0969376, 51.5160798]]}, "properties": {"osm_id": 958516970, "category": "footway", "crossing": "marked", "footway": "crossing", "highway": "footway", "lit": "yes", "surface": "asphalt"}}, {"type": "Feature", "geometry": {"type": "LineString", "coordinates": [[-0.0904824, 51.5194813], [-0.0904008, 51.5194814], [-0.0903874, 51.5194782]]}, "properties": {"osm_id": 958518050, "category": "footway", "highway": "footway", "layer": "1", "level": "2"}}, {"type": "Feature", "geometry": {"type": "LineString", "coordinates": [[-0.0917444, 51.517669], [-0.0916894, 51.5177611], [-0.0916186, 51.5178794], [-0.0915022, 51.5180744]]}, "properties": {"osm_id": 958518052, "category": "footway", "bridge": "yes", "highway": "footway", "layer": "2", "lit": "yes", "name": "St. Alphage Highwalk", "tunnel": "building_passage"}}, {"type": "Feature", "geometry": {"type": "LineString", "coordinates": [[-0.0922702, 51.5138666], [-0.0922708, 51.5138885], [-0.0922712, 51.5139046], [-0.0922715, 51.5139182], [-0.0921998, 51.5143114], [-0.0921822, 51.5144081], [-0.0921797, 51.5144233], [-0.0921495, 51.5146085], [-0.0920829, 51.5149873], [-0.0920728, 51.5150272], [-0.0920577, 51.515035]]}, "properties": {"osm_id": 958579203, "category": "footway", "footway": "sidewalk", "highway": "footway", "lit": "yes", "name": "King Street", "name:etymology:wikidata": "Q122553", "street:name": "King Street", "surface": "paving_stones"}}, {"type": "Feature", "geometry": {"type": "LineString", "coordinates": [[-0.0919828, 51.5150469], [-0.0919733, 51.5150805], [-0.091965, 51.5151099]]}, "properties": {"osm_id": 958582019, "category": "footway", "crossing": "traffic_signals", "crossing:island": "no", "crossing:markings": "dots", "crossing:signals": "yes", "crossing_ref": "pelican", "footway": "crossing", "highway": "footway", "lit": "yes", "surface": "asphalt"}}, {"type": "Feature", "geometry": {"type": "LineString", "coordinates": [[-0.0921058, 51.5151372], [-0.0921149, 51.5150918]]}, "properties": {"osm_id": 958582020, "category": "pedestrian", "foot": "yes", "highway": "pedestrian", "name": "Guildhall Yard", "name:etymology:wikidata": "Q81279", "surface": "asphalt"}}, {"type": "Feature", "geometry": {"type": "LineString", "coordinates": [[-0.0919621, 51.5151203], [-0.0920504, 51.5151307]]}, "properties": {"osm_id": 958582021, "category": "footway", "footway": "sidewalk", "highway": "footway", "lit": "yes", "name": "Gresham Street", "name:etymology:wikidata": "Q318673", "street:name": "Gresham Street", "surface": "paving_stones"}}, {"type": "Feature", "geometry": {"type": "LineString", "coordinates": [[-0.092104, 51.5151461], [-0.0921058, 51.5151372]]}, "properties": {"osm_id": 958582023, "category": "pedestrian", "foot": "yes", "highway": "pedestrian", "name": "Guildhall Yard", "name:etymology:wikidata": "Q81279", "surface": "paving_stones"}}, {"type": "Feature", "geometry": {"type": "LineString", "coordinates": [[-0.091066, 51.5153684], [-0.0917676, 51.5153893], [-0.0918024, 51.5154037]]}, "properties": {"osm_id": 958582024, "category": "footway", "footway": "sidewalk", "highway": "footway", "surface": "paving_stones"}}, {"type": "Feature", "geometry": {"type": "LineString", "coordinates": [[-0.0918024, 51.5154037], [-0.0917623, 51.5154066]]}, "properties": {"osm_id": 958582026, "category": "pedestrian", "foot": "yes", "highway": "pedestrian", "name": "Guildhall Buildings", "name:etymology:wikidata": "Q81279", "surface": "paving_stones"}}, {"type": "Feature", "geometry": {"type": "LineString", "coordinates": [[-0.0909094, 51.515773], [-0.0909262, 51.5157735], [-0.0909391, 51.5157739]]}, "properties": {"osm_id": 958582027, "category": "footway", "highway": "footway", "name": "Mason's Avenue", "surface": "paved"}}, {"type": "Feature", "geometry": {"type": "LineString", "coordinates": [[-0.0909391, 51.5157739], [-0.0909785, 51.5157749], [-0.0910168, 51.5157758]]}, "properties": {"osm_id": 958582029, "category": "footway", "crossing": "unmarked", "crossing:island": "yes", "footway": "crossing", "highway": "footway", "surface": "asphalt"}}, {"type": "Feature", "geometry": {"type": "LineString", "coordinates": [[-0.0910168, 51.5157758], [-0.0910174, 51.5157389], [-0.0910285, 51.5156255], [-0.0910603, 51.5154129], [-0.0910608, 51.5154032], [-0.0910629, 51.5153892], [-0.091066, 51.5153684]]}, "properties": {"osm_id": 958582030, "category": "footway", "footway": "sidewalk", "highway": "footway", "lit": "yes", "name": "Basinghall Street", "street:name": "Basinghall Street", "surface": "paving_stones"}}, {"type": "Feature", "geometry": {"type": "LineString", "coordinates": [[-0.0898505, 51.5163377], [-0.0898272, 51.5163366], [-0.0898131, 51.5163359], [-0.0898102, 51.5163684], [-0.0897934, 51.5165193], [-0.0897925, 51.5165539], [-0.0897923, 51.5165637], [-0.0898203, 51.5165702], [-0.0898553, 51.5165784], [-0.0898761, 51.5165665], [-0.0898971, 51.5165662], [-0.0899171, 51.5165693], [-0.0899271, 51.5165817], [-0.0899396, 51.5165822], [-0.0899443, 51.5165285], [-0.0899495, 51.5164698], [-0.08999, 51.5164713], [-0.0900011, 51.5163487], [-0.0898505, 51.5163377]]}, "properties": {"osm_id": 958582033, "category": "pedestrian", "area": "yes", "highway": "pedestrian", "surface": "paving_stones"}}, {"type": "Feature", "geometry": {"type": "LineString", "coordinates": [[-0.0910031, 51.5186057], [-0.0910905, 51.5184586], [-0.0911645, 51.5183342]]}, "properties": {"osm_id": 958584425, "category": "footway", "highway": "footway", "layer": "1", "name": "Willoughby Highwalk", "name:etymology:wikidata": "Q5482808", "source": "Bing;photographic_survey", "surface": "paved"}}, {"type": "Feature", "geometry": {"type": "LineString", "coordinates": [[-0.09097, 51.518598], [-0.0910031, 51.5186057]]}, "properties": {"osm_id": 958584426, "category": "footway", "highway": "footway", "layer": "1", "name": "Moorfields Highwalk"}}, {"type": "Feature", "geometry": {"type": "LineString", "coordinates": [[-0.0937466, 51.5173007], [-0.0937811, 51.5173088], [-0.0938219, 51.5173186]]}, "properties": {"osm_id": 969950088, "category": "footway", "footway": "crossing", "highway": "footway"}}, {"type": "Feature", "geometry": {"type": "LineString", "coordinates": [[-0.0938219, 51.5173186], [-0.093839, 51.5173228]]}, "properties": {"osm_id": 969950089, "category": "footway", "highway": "footway"}}, {"type": "Feature", "geometry": {"type": "LineString", "coordinates": [[-0.0983983, 51.5161772], [-0.0983681, 51.5161863], [-0.0972528, 51.5161096], [-0.0971637, 51.5160989]]}, "properties": {"osm_id": 1068003939, "category": "footway", "footway": "sidewalk", "highway": "footway", "street:name": "Angel Street"}}, {"type": "Feature", "geometry": {"type": "LineString", "coordinates": [[-0.0986284, 51.5161569], [-0.0985772, 51.5161562], [-0.0985295, 51.5161537]]}, "properties": {"osm_id": 1068003940, "category": "footway", "crossing": "marked", "crossing:markings": "yes", "footway": "crossing", "highway": "footway", "surface": "asphalt"}}, {"type": "Feature", "geometry": {"type": "LineString", "coordinates": [[-0.0971637, 51.5160989], [-0.0970591, 51.5160893]]}, "properties": {"osm_id": 1068003941, "category": "footway", "highway": "footway", "lit": "yes"}}, {"type": "Feature", "geometry": {"type": "LineString", "coordinates": [[-0.0969443, 51.5170166], [-0.0969027, 51.5170147]]}, "properties": {"osm_id": 1068004872, "category": "footway", "footway": "sidewalk", "highway": "footway"}}, {"type": "Feature", "geometry": {"type": "LineString", "coordinates": [[-0.0973867, 51.5202501], [-0.0973369, 51.5202536], [-0.0972855, 51.5202585]]}, "properties": {"osm_id": 1068016189, "category": "footway", "crossing": "traffic_signals", "crossing:markings": "dots", "crossing:signals": "yes", "footway": "crossing", "highway": "footway", "lit": "yes", "surface": "asphalt"}}, {"type": "Feature", "geometry": {"type": "LineString", "coordinates": [[-0.0974064, 51.5202487], [-0.0973867, 51.5202501]]}, "properties": {"osm_id": 1068016190, "category": "footway", "footway": "traffic_island", "highway": "footway", "lit": "yes", "surface": "asphalt"}}, {"type": "Feature", "geometry": {"type": "LineString", "coordinates": [[-0.0972163, 51.520206], [-0.097206, 51.5201713], [-0.0971987, 51.5201489]]}, "properties": {"osm_id": 1068016191, "category": "footway", "crossing": "traffic_signals", "crossing:markings": "dots", "crossing:signals": "yes", "footway": "crossing", "highway": "footway", "lit": "yes", "surface": "asphalt"}}, {"type": "Feature", "geometry": {"type": "LineString", "coordinates": [[-0.0971987, 51.5201489], [-0.097193, 51.5201283]]}, "properties": {"osm_id": 1068016192, "category": "footway", "footway": "traffic_island", "highway": "footway", "surface": "asphalt"}}, {"type": "Feature", "geometry": {"type": "LineString", "coordinates": [[-0.0973311, 51.5198908], [-0.0973735, 51.5198872], [-0.0974358, 51.5198783]]}, "properties": {"osm_id": 1068016193, "category": "footway", "crossing": "traffic_signals", "crossing:markings": "dots", "crossing:signals": "yes", "footway": "crossing", "highway": "footway", "lit": "yes", "surface": "asphalt"}}, {"type": "Feature", "geometry": {"type": "LineString", "coordinates": [[-0.09731, 51.5198926], [-0.0973311, 51.5198908]]}, "properties": {"osm_id": 1068016194, "category": "footway", "footway": "traffic_island", "highway": "footway", "lit": "yes", "surface": "paved"}}, {"type": "Feature", "geometry": {"type": "LineString", "coordinates": [[-0.0981615, 51.5198136], [-0.0981735, 51.5198149], [-0.0986301, 51.519688], [-0.0988222, 51.5196302], [-0.0991501, 51.51952], [-0.0993303, 51.5194561], [-0.0994108, 51.5194278], [-0.1000281, 51.5192109], [-0.1005664, 51.5190405], [-0.1007647, 51.5189743], [-0.1007776, 51.5189417]]}, "properties": {"osm_id": 1069996191, "category": "footway", "footway": "sidewalk", "highway": "footway", "street:name": "Long Lane"}}, {"type": "Feature", "geometry": {"type": "LineString", "coordinates": [[-0.099962, 51.5186679], [-0.0999372, 51.5186456]]}, "properties": {"osm_id": 1069996197, "category": "steps", "access": "permissive", "bicycle": "dismount", "highway": "steps", "horse": "no", "motor_vehicle": "no", "name": "Churchyard Path"}}, {"type": "Feature", "geometry": {"type": "LineString", "coordinates": [[-0.1001551, 51.5177134], [-0.1000729, 51.5176899], [-0.099902, 51.5175926], [-0.0997118, 51.5174842], [-0.0997008, 51.5174492]]}, "properties": {"osm_id": 1083113540, "category": "pedestrian", "emergency": "yes", "highway": "pedestrian", "motor_vehicle": "private", "source": "survey"}}, {"type": "Feature", "geometry": {"type": "LineString", "coordinates": [[-0.0973227, 51.5151144], [-0.0972615, 51.5151254], [-0.0972457, 51.5151283]]}, "properties": {"osm_id": 1122157930, "category": "footway", "footway": "traffic_island", "highway": "footway", "lit": "yes", "surface": "paved"}}, {"type": "Feature", "geometry": {"type": "LineString", "coordinates": [[-0.0971497, 51.515123], [-0.0971304, 51.5151223], [-0.0971399, 51.5150872]]}, "properties": {"osm_id": 1122157931, "category": "footway", "footway": "sidewalk", "highway": "footway"}}, {"type": "Feature", "geometry": {"type": "LineString", "coordinates": [[-0.0994331, 51.5203409], [-0.0994196, 51.5203287], [-0.0994056, 51.5203108]]}, "properties": {"osm_id": 1134943523, "category": "footway", "crossing": "unmarked", "crossing:island": "no", "crossing:markings": "no", "footway": "crossing", "highway": "footway", "lit": "yes", "surface": "asphalt"}}, {"type": "Feature", "geometry": {"type": "LineString", "coordinates": [[-0.0994389, 51.5203931], [-0.099433, 51.520373], [-0.0994223, 51.5203568], [-0.0994435, 51.5203504], [-0.0994331, 51.5203409]]}, "properties": {"osm_id": 1134943524, "category": "footway", "highway": "footway", "lit": "yes", "street:name": "Charterhouse Street", "surface": "paving_stones"}}, {"type": "Feature", "geometry": {"type": "LineString", "coordinates": [[-0.0959729, 51.5161205], [-0.0959567, 51.5161156], [-0.0958689, 51.5160889], [-0.0958147, 51.5160702], [-0.0954357, 51.5159941], [-0.0953966, 51.5160078]]}, "properties": {"osm_id": 1181392996, "category": "footway", "footway": "sidewalk", "highway": "footway", "lit": "yes", "street:name": "Gresham Street", "surface": "paved"}}, {"type": "Feature", "geometry": {"type": "LineString", "coordinates": [[-0.0958147, 51.5160702], [-0.0958106, 51.5160837], [-0.0957546, 51.5161618]]}, "properties": {"osm_id": 1181392997, "category": "footway", "highway": "footway"}}, {"type": "Feature", "geometry": {"type": "LineString", "coordinates": [[-0.0967181, 51.5171843], [-0.0966804, 51.5171815]]}, "properties": {"osm_id": 1181394677, "category": "footway", "highway": "footway", "indoor": "yes", "surface": "paved"}}, {"type": "Feature", "geometry": {"type": "LineString", "coordinates": [[-0.0967181, 51.5171843], [-0.0966899, 51.5171894], [-0.096674, 51.5171888], [-0.0966028, 51.5171861], [-0.0965999, 51.5172013]]}, "properties": {"osm_id": 1181394678, "category": "footway", "highway": "footway", "indoor": "yes", "surface": "paved"}}, {"type": "Feature", "geometry": {"type": "LineString", "coordinates": [[-0.097205, 51.5172667], [-0.0971984, 51.5172719], [-0.0971805, 51.5172832]]}, "properties": {"osm_id": 1181395046, "category": "footway", "highway": "footway", "indoor": "yes"}}, {"type": "Feature", "geometry": {"type": "LineString", "coordinates": [[-0.0972091, 51.5173035], [-0.0972459, 51.5172734]]}, "properties": {"osm_id": 1181395047, "category": "footway", "highway": "footway", "indoor": "yes", "layer": "1", "level": "1"}}, {"type": "Feature", "geometry": {"type": "LineString", "coordinates": [[-0.095169, 51.5186031], [-0.0945821, 51.5184682]]}, "properties": {"osm_id": 1181400371, "category": "footway", "bridge": "yes", "highway": "footway", "layer": "1", "level": "2", "tunnel": "building_passage"}}, {"type": "Feature", "geometry": {"type": "LineString", "coordinates": [[-0.0932097, 51.5186932], [-0.0932002, 51.5187124]]}, "properties": {"osm_id": 1181400372, "category": "steps", "bridge": "yes", "handrail": "yes", "highway": "steps", "layer": "1", "source": "Bing;photographic_survey", "surface": "paved"}}, {"type": "Feature", "geometry": {"type": "LineString", "coordinates": [[-0.0994029, 51.5192057], [-0.0995276, 51.5191569]]}, "properties": {"osm_id": 1181443606, "category": "footway", "footway": "sidewalk", "highway": "footway", "street:name": "Cloth Fair"}}, {"type": "Feature", "geometry": {"type": "LineString", "coordinates": [[-0.0934477, 51.5211249], [-0.0934075, 51.5210051]]}, "properties": {"osm_id": 1181461146, "category": "footway", "covered": "yes", "highway": "footway", "layer": "1", "level": "1", "name": "Breton Highwalk", "name:etymology:wikidata": "Q1984811", "ref:GB:usrn": "8100621"}}, {"type": "Feature", "geometry": {"type": "LineString", "coordinates": [[-0.0934075, 51.5210051], [-0.0933628, 51.5209427]]}, "properties": {"osm_id": 1181461147, "category": "footway", "highway": "footway", "layer": "1", "level": "1", "name": "Breton Highwalk", "name:etymology:wikidata": "Q1984811", "ref:GB:usrn": "8100621"}}, {"type": "Feature", "geometry": {"type": "LineString", "coordinates": [[-0.0937747, 51.5209124], [-0.0938404, 51.5210434]]}, "properties": {"osm_id": 1181461148, "category": "footway", "covered": "yes", "highway": "footway", "layer": "1", "level": "1", "name": "Breton Highwalk", "name:etymology:wikidata": "Q1984811", "ref:GB:usrn": "8100621"}}, {"type": "Feature", "geometry": {"type": "LineString", "coordinates": [[-0.0937474, 51.5208672], [-0.0937747, 51.5209124]]}, "properties": {"osm_id": 1181461149, "category": "footway", "highway": "footway", "layer": "1", "level": "1", "name": "Breton Highwalk", "name:etymology:wikidata": "Q1984811", "ref:GB:usrn": "8100621"}}, {"type": "Feature", "geometry": {"type": "LineString", "coordinates": [[-0.092708, 51.5212397], [-0.0926587, 51.5211377]]}, "properties": {"osm_id": 1181461151, "category": "footway", "bicycle": "no", "covered": "yes", "highway": "footway", "layer": "1"}}, {"type": "Feature", "geometry": {"type": "LineString", "coordinates": [[-0.092603, 51.5211474], [-0.0926587, 51.5211377], [-0.0930364, 51.5210708], [-0.0931001, 51.5210369]]}, "properties": {"osm_id": 1181461152, "category": "footway", "bicycle": "no", "covered": "yes", "highway": "footway", "layer": "1"}}, {"type": "Feature", "geometry": {"type": "LineString", "coordinates": [[-0.0943243, 51.5212338], [-0.094376, 51.5212261], [-0.0944146, 51.5212051], [-0.094418, 51.5211741], [-0.0943789, 51.5211752], [-0.0942887, 51.5211943], [-0.0942663, 51.5211959], [-0.0942671, 51.5211761]]}, "properties": {"osm_id": 1181461153, "category": "footway", "bicycle": "no", "highway": "footway", "incline": "up", "surface": "concrete"}}, {"type": "Feature", "geometry": {"type": "LineString", "coordinates": [[-0.0943508, 51.5211378], [-0.094334, 51.5211036], [-0.0942397, 51.5210623], [-0.0942186, 51.5209714]]}, "properties": {"osm_id": 1181461154, "category": "footway", "bicycle": "no", "highway": "footway", "layer": "1"}}, {"type": "Feature", "geometry": {"type": "LineString", "coordinates": [[-0.0941525, 51.5208398], [-0.0941237, 51.5208118]]}, "properties": {"osm_id": 1181461155, "category": "footway", "bicycle": "no", "highway": "footway", "layer": "1"}}, {"type": "Feature", "geometry": {"type": "LineString", "coordinates": [[-0.0971035, 51.5198256], [-0.0970731, 51.5198111]]}, "properties": {"osm_id": 1181461158, "category": "steps", "handrail": "yes", "highway": "steps", "incline": "down", "level": "1;0", "lit": "yes", "ramp": "no", "surface": "paving_stones"}}, {"type": "Feature", "geometry": {"type": "LineString", "coordinates": [[-0.0970786, 51.5198452], [-0.0971053, 51.5198455], [-0.0971035, 51.5198256]]}, "properties": {"osm_id": 1181461159, "category": "steps", "handrail": "yes", "highway": "steps", "incline": "down", "level": "1;0", "lit": "yes", "ramp": "no", "surface": "paving_stones"}}, {"type": "Feature", "geometry": {"type": "LineString", "coordinates": [[-0.090414, 51.5194581], [-0.0904303, 51.5194311]]}, "properties": {"osm_id": 1181461161, "category": "steps", "bridge": "yes", "highway": "steps"}}, {"type": "Feature", "geometry": {"type": "LineString", "coordinates": [[-0.0903725, 51.5194555], [-0.0904103, 51.5194643], [-0.090414, 51.5194581]]}, "properties": {"osm_id": 1181461162, "category": "footway", "highway": "footway", "level": "0", "tunnel": "building_passage"}}, {"type": "Feature", "geometry": {"type": "LineString", "coordinates": [[-0.0903725, 51.5194555], [-0.0903446, 51.5194492], [-0.0903345, 51.5194662], [-0.0903213, 51.5194883], [-0.0902789, 51.5194779], [-0.0902775, 51.5194025]]}, "properties": {"osm_id": 1181461164, "category": "footway", "footway": "sidewalk", "highway": "footway", "surface": "paved"}}, {"type": "Feature", "geometry": {"type": "LineString", "coordinates": [[-0.0903888, 51.5194523], [-0.0903852, 51.5194584], [-0.0904103, 51.5194643], [-0.0904824, 51.5194813]]}, "properties": {"osm_id": 1181461166, "category": "footway", "highway": "footway", "layer": "1", "level": "2"}}, {"type": "Feature", "geometry": {"type": "LineString", "coordinates": [[-0.0966077, 51.5190529], [-0.0965974, 51.5190704]]}, "properties": {"osm_id": 1181485926, "category": "footway", "highway": "footway", "layer": "1", "level": "1", "name": "John Wesley Highwalk", "tunnel": "building_passage"}}, {"type": "Feature", "geometry": {"type": "LineString", "coordinates": [[-0.0969167, 51.5187762], [-0.096913, 51.5187605], [-0.0969238, 51.5187595]]}, "properties": {"osm_id": 1181485927, "category": "footway", "covered": "yes", "highway": "footway", "layer": "1", "lit": "yes", "tunnel": "building_passage"}}, {"type": "Feature", "geometry": {"type": "LineString", "coordinates": [[-0.096677, 51.5182416], [-0.0966679, 51.5182568], [-0.0965811, 51.5182654], [-0.0964945, 51.518409], [-0.0964708, 51.5184483]]}, "properties": {"osm_id": 1181485928, "category": "footway", "highway": "footway", "indoor": "yes", "level": "1", "name": "John Wesley Highwalk", "tunnel": "building_passage"}}, {"type": "Feature", "geometry": {"type": "LineString", "coordinates": [[-0.0964708, 51.5184483], [-0.0964178, 51.5185359]]}, "properties": {"osm_id": 1181485929, "category": "footway", "bridge": "yes", "highway": "footway", "layer": "1", "level": "1", "name": "John Wesley Highwalk"}}, {"type": "Feature", "geometry": {"type": "LineString", "coordinates": [[-0.0948097, 51.5176469], [-0.0948094, 51.5176418]]}, "properties": {"osm_id": 1181485932, "category": "steps", "highway": "steps", "incline": "down", "level": "0", "tunnel": "building_passage"}}, {"type": "Feature", "geometry": {"type": "LineString", "coordinates": [[-0.0950823, 51.519303], [-0.0951302, 51.5192028], [-0.0949184, 51.5191539]]}, "properties": {"osm_id": 1181485934, "category": "footway", "access": "private", "highway": "footway"}}, {"type": "Feature", "geometry": {"type": "LineString", "coordinates": [[-0.09655, 51.5180413], [-0.0966976, 51.5180739], [-0.0966976, 51.5180854], [-0.0967165, 51.5181772], [-0.096697, 51.5182088]]}, "properties": {"osm_id": 1181485940, "category": "footway", "bridge": "yes", "highway": "footway", "layer": "1", "level": "1", "name": "John Wesley Highwalk"}}, {"type": "Feature", "geometry": {"type": "LineString", "coordinates": [[-0.0969004, 51.5181992], [-0.0968308, 51.5182054], [-0.096802, 51.518208]]}, "properties": {"osm_id": 1181485941, "category": "footway", "highway": "footway", "layer": "0", "name": "Shaftesbury Place"}}, {"type": "Feature", "geometry": {"type": "LineString", "coordinates": [[-0.096802, 51.518208], [-0.0966666, 51.5182194]]}, "properties": {"osm_id": 1181485942, "category": "footway", "highway": "footway", "layer": "-1", "level": "0", "name": "Shaftesbury Place", "tunnel": "yes"}}, {"type": "Feature", "geometry": {"type": "LineString", "coordinates": [[-0.0962726, 51.5200535], [-0.0962968, 51.5200097]]}, "properties": {"osm_id": 1181485943, "category": "footway", "highway": "footway"}}, {"type": "Feature", "geometry": {"type": "LineString", "coordinates": [[-0.0915697, 51.5188916], [-0.0917582, 51.5189368]]}, "properties": {"osm_id": 1181488838, "category": "footway", "bridge": "yes", "highway": "footway", "incline": "up", "layer": "1", "source": "Bing;photographic_survey"}}, {"type": "Feature", "geometry": {"type": "LineString", "coordinates": [[-0.0967547, 51.5208123], [-0.0965844, 51.5204567]]}, "properties": {"osm_id": 1181488971, "category": "footway", "bridge": "yes", "highway": "footway", "layer": "1", "name": "White Lyon Court"}}, {"type": "Feature", "geometry": {"type": "LineString", "coordinates": [[-0.0968967, 51.5209715], [-0.0968312, 51.5208388]]}, "properties": {"osm_id": 1181488972, "category": "footway", "highway": "footway", "layer": "1", "name": "White Lyon Court", "tunnel": "building_passage"}}, {"type": "Feature", "geometry": {"type": "LineString", "coordinates": [[-0.0955204, 51.5176615], [-0.0955519, 51.5176149]]}, "properties": {"osm_id": 1181495449, "category": "footway", "covered": "yes", "highway": "footway", "layer": "0", "level": "0"}}, {"type": "Feature", "geometry": {"type": "LineString", "coordinates": [[-0.0955519, 51.5176149], [-0.095552, 51.5175989], [-0.0949807, 51.5175955], [-0.094899, 51.5175915], [-0.0948832, 51.5175905], [-0.0948422, 51.5175878], [-0.0948096, 51.5175869], [-0.0945316, 51.5175843], [-0.0942429, 51.5175875]]}, "properties": {"osm_id": 1181495450, "category": "footway", "footway": "sidewalk", "highway": "footway", "street:name": "London Wall"}}, {"type": "Feature", "geometry": {"type": "LineString", "coordinates": [[-0.096323, 51.5176189], [-0.0962569, 51.5176183], [-0.0961964, 51.5176177], [-0.0960823, 51.5176167], [-0.0961069, 51.5176344], [-0.0961167, 51.5176408], [-0.0961368, 51.517654], [-0.0961598, 51.5176663], [-0.0962193, 51.5177012], [-0.0962493, 51.5177218], [-0.0962625, 51.5177246], [-0.0962944, 51.5176679], [-0.0963145, 51.5176333], [-0.096323, 51.5176189]]}, "properties": {"osm_id": 1181495456, "category": "pedestrian", "area": "yes", "highway": "pedestrian", "layer": "1", "level": "1"}}, {"type": "Feature", "geometry": {"type": "LineString", "coordinates": [[-0.0954596, 51.5176873], [-0.0954181, 51.5176763]]}, "properties": {"osm_id": 1181495458, "category": "steps", "highway": "steps", "incline": "down"}}, {"type": "Feature", "geometry": {"type": "LineString", "coordinates": [[-0.0937028, 51.5176095], [-0.0936459, 51.5177018]]}, "properties": {"osm_id": 1181495460, "category": "footway", "covered": "yes", "footway": "sidewalk", "highway": "footway", "layer": "-1", "tunnel": "yes"}}, {"type": "Feature", "geometry": {"type": "LineString", "coordinates": [[-0.0942296, 51.5179192], [-0.094266, 51.5178582]]}, "properties": {"osm_id": 1181495461, "category": "footway", "highway": "footway"}}, {"type": "Feature", "geometry": {"type": "LineString", "coordinates": [[-0.0940957, 51.5181518], [-0.0941272, 51.518159], [-0.0941117, 51.5181871]]}, "properties": {"osm_id": 1181495462, "category": "steps", "highway": "steps", "incline": "down"}}, {"type": "Feature", "geometry": {"type": "LineString", "coordinates": [[-0.0940957, 51.5181518], [-0.0940647, 51.5181448], [-0.0940482, 51.5181729]]}, "properties": {"osm_id": 1181495463, "category": "steps", "highway": "steps", "incline": "down"}}, {"type": "Feature", "geometry": {"type": "LineString", "coordinates": [[-0.0941117, 51.5181871], [-0.0941072, 51.5181952], [-0.0940884, 51.5182268]]}, "properties": {"osm_id": 1181495464, "category": "footway", "highway": "footway"}}, {"type": "Feature", "geometry": {"type": "LineString", "coordinates": [[-0.0940482, 51.5181729], [-0.0940429, 51.5181808], [-0.0941072, 51.5181952]]}, "properties": {"osm_id": 1181495465, "category": "footway", "highway": "footway"}}, {"type": "Feature", "geometry": {"type": "LineString", "coordinates": [[-0.0934665, 51.5176504], [-0.0934747, 51.5176373], [-0.0934921, 51.5176072]]}, "properties": {"osm_id": 1181495467, "category": "footway", "covered": "yes", "highway": "footway", "layer": "0"}}, {"type": "Feature", "geometry": {"type": "LineString", "coordinates": [[-0.0934921, 51.5176072], [-0.0934797, 51.5175856], [-0.0934739, 51.5175755]]}, "properties": {"osm_id": 1181495468, "category": "footway", "covered": "yes", "highway": "footway", "layer": "-1", "tunnel": "yes"}}, {"type": "Feature", "geometry": {"type": "LineString", "coordinates": [[-0.0932336, 51.5187906], [-0.093262, 51.5187427]]}, "properties": {"osm_id": 1181502232, "category": "footway", "highway": "footway"}}, {"type": "Feature", "geometry": {"type": "LineString", "coordinates": [[-0.0930577, 51.5187696], [-0.0930676, 51.5187523]]}, "properties": {"osm_id": 1181502233, "category": "footway", "highway": "footway", "layer": "1", "level": "2", "name": "Andrewes Highwalk", "name:etymology:wikidata": "Q1801816", "tunnel": "building_passage"}}, {"type": "Feature", "geometry": {"type": "LineString", "coordinates": [[-0.0931143, 51.5186733], [-0.0930676, 51.5187523]]}, "properties": {"osm_id": 1181502236, "category": "footway", "bridge": "yes", "highway": "footway", "layer": "1", "name": "The Postern"}}, {"type": "Feature", "geometry": {"type": "LineString", "coordinates": [[-0.0918999, 51.5180118], [-0.0918324, 51.5181702], [-0.091844, 51.5181943]]}, "properties": {"osm_id": 1181502241, "category": "footway", "highway": "footway", "lit": "yes", "name": "London Wall Place", "surface": "asphalt"}}, {"type": "Feature", "geometry": {"type": "LineString", "coordinates": [[-0.0918663, 51.5180063], [-0.0918122, 51.5179934]]}, "properties": {"osm_id": 1181502242, "category": "footway", "highway": "footway"}}, {"type": "Feature", "geometry": {"type": "LineString", "coordinates": [[-0.0918036, 51.5182017], [-0.091763, 51.5182416], [-0.0917338, 51.518277]]}, "properties": {"osm_id": 1181502243, "category": "footway", "highway": "footway", "lit": "yes", "name": "London Wall Place", "surface": "asphalt"}}, {"type": "Feature", "geometry": {"type": "LineString", "coordinates": [[-0.091844, 51.5181943], [-0.0918036, 51.5182017]]}, "properties": {"osm_id": 1181502244, "category": "steps", "handrail": "yes", "highway": "steps", "lit": "yes", "name": "London Wall Place", "surface": "asphalt"}}, {"type": "Feature", "geometry": {"type": "LineString", "coordinates": [[-0.0922846, 51.5178328], [-0.0923115, 51.5178472], [-0.0924797, 51.5178899], [-0.0926977, 51.5179437]]}, "properties": {"osm_id": 1181502245, "category": "footway", "highway": "footway", "name": "St Alphage Garden", "source": "OS"}}, {"type": "Feature", "geometry": {"type": "LineString", "coordinates": [[-0.0921756, 51.5179028], [-0.092194, 51.5178746]]}, "properties": {"osm_id": 1181502250, "category": "steps", "highway": "steps", "incline": "down"}}, {"type": "Feature", "geometry": {"type": "LineString", "coordinates": [[-0.092194, 51.5178746], [-0.0922085, 51.5178529], [-0.0922844, 51.5178654], [-0.0923115, 51.5178472]]}, "properties": {"osm_id": 1181502251, "category": "footway", "highway": "footway"}}, {"type": "Feature", "geometry": {"type": "LineString", "coordinates": [[-0.0921466, 51.5175949], [-0.0923565, 51.5175939], [-0.0924539, 51.5175941], [-0.0924084, 51.5176707], [-0.0923735, 51.5177293], [-0.0923115, 51.5178472]]}, "properties": {"osm_id": 1181502252, "category": "footway", "highway": "footway", "layer": "0"}}, {"type": "Feature", "geometry": {"type": "LineString", "coordinates": [[-0.0923394, 51.5177228], [-0.0923735, 51.5177293]]}, "properties": {"osm_id": 1181502253, "category": "footway", "highway": "footway"}}, {"type": "Feature", "geometry": {"type": "LineString", "coordinates": [[-0.095169, 51.5186031], [-0.0952958, 51.5186323], [-0.0954226, 51.5186614], [-0.0954873, 51.5186764]]}, "properties": {"osm_id": 1181877792, "category": "footway", "bridge": "yes", "highway": "footway", "layer": "1", "tunnel": "building_passage"}}, {"type": "Feature", "geometry": {"type": "LineString", "coordinates": [[-0.0954873, 51.5186764], [-0.0955313, 51.5186866], [-0.0954693, 51.51879]]}, "properties": {"osm_id": 1181877793, "category": "footway", "highway": "footway", "layer": "1", "level": "2"}}, {"type": "Feature", "geometry": {"type": "LineString", "coordinates": [[-0.0963145, 51.5176333], [-0.0964247, 51.5176378], [-0.0967424, 51.5177115]]}, "properties": {"osm_id": 1181877794, "category": "footway", "highway": "footway", "layer": "1", "level": "1", "tunnel": "building_passage"}}, {"type": "Feature", "geometry": {"type": "LineString", "coordinates": [[-0.0967424, 51.5177115], [-0.0967705, 51.5176615]]}, "properties": {"osm_id": 1181877795, "category": "footway", "highway": "footway", "layer": "1", "level": "1", "tunnel": "building_passage"}}, {"type": "Feature", "geometry": {"type": "LineString", "coordinates": [[-0.0967705, 51.5176615], [-0.0967829, 51.5176395]]}, "properties": {"osm_id": 1181877796, "category": "footway", "bridge": "yes", "highway": "footway", "layer": "1", "level": "1"}}, {"type": "Feature", "geometry": {"type": "LineString", "coordinates": [[-0.0967995, 51.5174869], [-0.0969111, 51.5174807]]}, "properties": {"osm_id": 1181877797, "category": "footway", "highway": "footway"}}, {"type": "Feature", "geometry": {"type": "LineString", "coordinates": [[-0.0965704, 51.5182241], [-0.0965071, 51.518256], [-0.0964653, 51.5182697]]}, "properties": {"osm_id": 1181877798, "category": "footway", "highway": "footway"}}, {"type": "Feature", "geometry": {"type": "LineString", "coordinates": [[-0.0961689, 51.5202133], [-0.096155, 51.5202185], [-0.0960002, 51.5201855], [-0.0950169, 51.519956], [-0.0944885, 51.5198327]]}, "properties": {"osm_id": 1181877800, "category": "footway", "highway": "footway", "layer": "1", "surface": "paving_stones"}}, {"type": "Feature", "geometry": {"type": "LineString", "coordinates": [[-0.0942388, 51.5197711], [-0.0941925, 51.5197557], [-0.0941364, 51.5196517]]}, "properties": {"osm_id": 1181877801, "category": "footway", "highway": "footway"}}, {"type": "Feature", "geometry": {"type": "LineString", "coordinates": [[-0.0938872, 51.5204304], [-0.0940411, 51.5203622], [-0.0941184, 51.5202322], [-0.0940946, 51.5201949], [-0.0940451, 51.5201173], [-0.0936876, 51.5200348], [-0.0935043, 51.5200917], [-0.0934362, 51.5202227], [-0.0934643, 51.5203448], [-0.0938872, 51.5204304]]}, "properties": {"osm_id": 1181877802, "category": "pedestrian", "area": "yes", "highway": "pedestrian", "layer": "2", "level": "3", "name": "Sculpture Court"}}, {"type": "Feature", "geometry": {"type": "LineString", "coordinates": [[-0.0935982, 51.5178966], [-0.0935479, 51.5179791]]}, "properties": {"osm_id": 1181877803, "category": "steps", "conveying": "yes", "highway": "steps", "incline": "down"}}, {"type": "Feature", "geometry": {"type": "LineString", "coordinates": [[-0.0936124, 51.5179], [-0.093562, 51.5179825]]}, "properties": {"osm_id": 1181877804, "category": "steps", "conveying": "yes", "highway": "steps", "incline": "up"}}, {"type": "Feature", "geometry": {"type": "LineString", "coordinates": [[-0.0932194, 51.5187029], [-0.0933085, 51.5187404]]}, "properties": {"osm_id": 1181877805, "category": "footway", "highway": "footway", "layer": "1"}}, {"type": "Feature", "geometry": {"type": "LineString", "coordinates": [[-0.0950228, 51.5194056], [-0.0950556, 51.5193483]]}, "properties": {"osm_id": 1181877807, "category": "footway", "access": "private", "highway": "footway"}}, {"type": "Feature", "geometry": {"type": "LineString", "coordinates": [[-0.0950556, 51.5193483], [-0.0950823, 51.519303]]}, "properties": {"osm_id": 1181877808, "category": "footway", "access": "private", "highway": "footway", "tunnel": "building_passage"}}, {"type": "Feature", "geometry": {"type": "LineString", "coordinates": [[-0.0929829, 51.5195984], [-0.0930199, 51.519532], [-0.0930462, 51.5194858], [-0.0929804, 51.5194708], [-0.0929568, 51.5195117], [-0.0929351, 51.5195517], [-0.0928211, 51.5195274], [-0.0926977, 51.5194995], [-0.0926588, 51.5195655], [-0.0925923, 51.519551], [-0.0925763, 51.5195803], [-0.0925415, 51.5195923], [-0.0924551, 51.5197516], [-0.0924268, 51.5197599], [-0.092764, 51.5196618], [-0.0929829, 51.5195984]]}, "properties": {"osm_id": 1181910968, "category": "pedestrian", "area": "yes", "highway": "pedestrian", "layer": "2"}}, {"type": "Feature", "geometry": {"type": "LineString", "coordinates": [[-0.0917159, 51.5186425], [-0.0926227, 51.5188658], [-0.0929926, 51.5189494]]}, "properties": {"osm_id": 1182029127, "category": "footway", "access": "private", "bicycle": "no", "highway": "footway"}}, {"type": "Feature", "geometry": {"type": "LineString", "coordinates": [[-0.0929926, 51.5189494], [-0.0932505, 51.5190088]]}, "properties": {"osm_id": 1182029128, "category": "footway", "access": "private", "bicycle": "no", "highway": "footway", "tunnel": "building_passage"}}, {"type": "Feature", "geometry": {"type": "LineString", "coordinates": [[-0.0928211, 51.5195274], [-0.0927993, 51.5195825]]}, "properties": {"osm_id": 1182029129, "category": "footway", "highway": "footway", "level": "0", "surface": "paving_stones"}}, {"type": "Feature", "geometry": {"type": "LineString", "coordinates": [[-0.0929517, 51.5193032], [-0.0928242, 51.5192759]]}, "properties": {"osm_id": 1182029130, "category": "footway", "covered": "yes", "highway": "footway"}}, {"type": "Feature", "geometry": {"type": "LineString", "coordinates": [[-0.0930347, 51.5193222], [-0.0929517, 51.5193032], [-0.0928988, 51.5193949], [-0.0928778, 51.5194292], [-0.0928211, 51.5195274]]}, "properties": {"osm_id": 1182029131, "category": "footway", "covered": "yes", "highway": "footway", "level": "0", "surface": "paving_stones"}}, {"type": "Feature", "geometry": {"type": "LineString", "coordinates": [[-0.0949184, 51.5191539], [-0.0947091, 51.5191055]]}, "properties": {"osm_id": 1182029132, "category": "footway", "access": "private", "bridge": "yes", "highway": "footway", "layer": "1"}}, {"type": "Feature", "geometry": {"type": "LineString", "coordinates": [[-0.0947091, 51.5191055], [-0.0946888, 51.5191011], [-0.0946845, 51.5190807]]}, "properties": {"osm_id": 1182029133, "category": "footway", "highway": "footway"}}, {"type": "Feature", "geometry": {"type": "LineString", "coordinates": [[-0.0961983, 51.5200254], [-0.0961125, 51.5200052]]}, "properties": {"osm_id": 1182037424, "category": "steps", "highway": "steps", "incline": "up"}}, {"type": "Feature", "geometry": {"type": "LineString", "coordinates": [[-0.0961125, 51.5200052], [-0.0959446, 51.5199663]]}, "properties": {"osm_id": 1182037425, "category": "footway", "highway": "footway", "tunnel": "building_passage"}}, {"type": "Feature", "geometry": {"type": "LineString", "coordinates": [[-0.0959446, 51.5199663], [-0.0958974, 51.51995], [-0.0958968, 51.5199203]]}, "properties": {"osm_id": 1182037426, "category": "footway", "highway": "footway"}}, {"type": "Feature", "geometry": {"type": "LineString", "coordinates": [[-0.0949844, 51.5194088], [-0.0950166, 51.5194163], [-0.0953097, 51.5194839]]}, "properties": {"osm_id": 1182037428, "category": "footway", "access": "private", "bicycle": "no", "highway": "footway"}}, {"type": "Feature", "geometry": {"type": "LineString", "coordinates": [[-0.0961983, 51.5200254], [-0.0962325, 51.5200344], [-0.0962542, 51.5199991], [-0.0962968, 51.5200097]]}, "properties": {"osm_id": 1182043784, "category": "footway", "highway": "footway"}}, {"type": "Feature", "geometry": {"type": "LineString", "coordinates": [[-0.0965704, 51.5182241], [-0.0964967, 51.5182277]]}, "properties": {"osm_id": 1182101662, "category": "footway", "highway": "footway", "level": "0"}}, {"type": "Feature", "geometry": {"type": "LineString", "coordinates": [[-0.0941887, 51.520138], [-0.0941678, 51.5201749], [-0.0940946, 51.5201949]]}, "properties": {"osm_id": 1182260747, "category": "footway", "highway": "footway"}}, {"type": "Feature", "geometry": {"type": "LineString", "coordinates": [[-0.0972636, 51.5219004], [-0.0972784, 51.5218987]]}, "properties": {"osm_id": 1182277539, "category": "footway", "highway": "footway", "lit": "yes", "surface": "paving_stones"}}, {"type": "Feature", "geometry": {"type": "LineString", "coordinates": [[-0.0969327, 51.5219682], [-0.096976, 51.52196]]}, "properties": {"osm_id": 1182277540, "category": "footway", "highway": "footway", "tunnel": "yes"}}, {"type": "Feature", "geometry": {"type": "LineString", "coordinates": [[-0.0920249, 51.5180446], [-0.0920777, 51.5180392], [-0.0921252, 51.5180525]]}, "properties": {"osm_id": 1188312408, "category": "footway", "highway": "footway", "surface": "asphalt"}}, {"type": "Feature", "geometry": {"type": "LineString", "coordinates": [[-0.0948608, 51.5176609], [-0.0948587, 51.5176912], [-0.0948643, 51.5177046], [-0.0948755, 51.5177179], [-0.0948912, 51.5177297], [-0.0949063, 51.5177363], [-0.0949316, 51.5177452], [-0.0949546, 51.5177498], [-0.0949965, 51.5177541], [-0.0950383, 51.517754], [-0.0950818, 51.5177467], [-0.0951194, 51.5177354], [-0.095157, 51.5177181], [-0.0952767, 51.5176764]]}, "properties": {"osm_id": 1191919070, "category": "footway", "highway": "footway"}}, {"type": "Feature", "geometry": {"type": "LineString", "coordinates": [[-0.0921721, 51.5179091], [-0.0924348, 51.5179775]]}, "properties": {"osm_id": 1191920848, "category": "footway", "highway": "footway", "incline": "up"}}, {"type": "Feature", "geometry": {"type": "LineString", "coordinates": [[-0.0924539, 51.5179388], [-0.0924603, 51.5179275]]}, "properties": {"osm_id": 1191920849, "category": "steps", "highway": "steps"}}, {"type": "Feature", "geometry": {"type": "LineString", "coordinates": [[-0.0924603, 51.5179275], [-0.0924651, 51.5179162], [-0.0924688, 51.5179083]]}, "properties": {"osm_id": 1191920850, "category": "footway", "highway": "footway"}}, {"type": "Feature", "geometry": {"type": "LineString", "coordinates": [[-0.0924688, 51.5179083], [-0.0924797, 51.5178899]]}, "properties": {"osm_id": 1191920851, "category": "steps", "highway": "steps"}}, {"type": "Feature", "geometry": {"type": "LineString", "coordinates": [[-0.0976988, 51.5168509], [-0.0976679, 51.5168507], [-0.0976675, 51.5168706], [-0.0976985, 51.5168708], [-0.0976988, 51.5168509]]}, "properties": {"osm_id": 1191945527, "category": "footway", "highway": "footway", "lit": "no", "surface": "paving_stones"}}, {"type": "Feature", "geometry": {"type": "LineString", "coordinates": [[-0.0976679, 51.5168507], [-0.0976248, 51.5168183]]}, "properties": {"osm_id": 1192257572, "category": "footway", "highway": "footway", "lit": "no", "surface": "paving_stones"}}, {"type": "Feature", "geometry": {"type": "LineString", "coordinates": [[-0.0927029, 51.5202165], [-0.092712, 51.5202776], [-0.0926872, 51.5203346], [-0.0926725, 51.5203753], [-0.0926371, 51.520378], [-0.0925751, 51.5205217], [-0.092531, 51.5206159], [-0.0925029, 51.5206759], [-0.0924713, 51.5208034], [-0.0924757, 51.5208565], [-0.0925111, 51.5208815], [-0.0925617, 51.5209172], [-0.0925814, 51.5209237], [-0.0925909, 51.520943]]}, "properties": {"osm_id": 1192974435, "category": "footway", "footway": "sidewalk", "highway": "footway", "lit": "yes", "surface": "paving_stones"}}, {"type": "Feature", "geometry": {"type": "LineString", "coordinates": [[-0.0926341, 51.521029], [-0.0928583, 51.5209836], [-0.092864, 51.5209942]]}, "properties": {"osm_id": 1192974436, "category": "footway", "footway": "sidewalk", "highway": "footway", "surface": "paving_stones"}}, {"type": "Feature", "geometry": {"type": "LineString", "coordinates": [[-0.0972644, 51.5159674], [-0.097333, 51.5160095], [-0.0973757, 51.5160239], [-0.0974212, 51.5160328], [-0.0978954, 51.5160765], [-0.0980283, 51.5160854], [-0.0982207, 51.516095], [-0.0982895, 51.5160923], [-0.0983593, 51.516074], [-0.0983699, 51.5160689], [-0.0983742, 51.5160668]]}, "properties": {"osm_id": 1193044508, "category": "footway", "footway": "sidewalk", "highway": "footway", "street:name": "Angel Street"}}, {"type": "Feature", "geometry": {"type": "LineString", "coordinates": [[-0.0961125, 51.5160393], [-0.096183, 51.5158479], [-0.0962421, 51.5157133], [-0.0962594, 51.5156741], [-0.0962878, 51.5156123], [-0.0963209, 51.5155696], [-0.0963435, 51.5155328], [-0.0963598, 51.515493], [-0.0963879, 51.5153517], [-0.0963947, 51.5152286], [-0.0963951, 51.5151816], [-0.0963938, 51.5149782], [-0.0964026, 51.5148435], [-0.0964221, 51.5147576], [-0.0964514, 51.514636], [-0.0965406, 51.5146637], [-0.0967352, 51.5147706]]}, "properties": {"osm_id": 1193044509, "category": "footway", "footway": "sidewalk", "highway": "footway"}}, {"type": "Feature", "geometry": {"type": "LineString", "coordinates": [[-0.0963248, 51.5148298], [-0.0963102, 51.515086], [-0.0963078, 51.5151457], [-0.0963073, 51.5153332], [-0.0963035, 51.515375], [-0.0962976, 51.5154246], [-0.0962758, 51.515497], [-0.0962698, 51.5155023], [-0.0962603, 51.5155046], [-0.0962409, 51.5155043]]}, "properties": {"osm_id": 1193044517, "category": "footway", "footway": "sidewalk", "highway": "footway"}}, {"type": "Feature", "geometry": {"type": "LineString", "coordinates": [[-0.0962207, 51.5155463], [-0.0961769, 51.5156527], [-0.0960827, 51.5158671], [-0.0960201, 51.515988], [-0.096013, 51.5159949]]}, "properties": {"osm_id": 1193044518, "category": "footway", "footway": "sidewalk", "highway": "footway"}}, {"type": "Feature", "geometry": {"type": "LineString", "coordinates": [[-0.0962409, 51.5155043], [-0.096233, 51.5155208], [-0.0962207, 51.5155463]]}, "properties": {"osm_id": 1193044519, "category": "footway", "crossing": "unmarked", "crossing:markings": "no", "footway": "crossing", "highway": "footway"}}, {"type": "Feature", "geometry": {"type": "LineString", "coordinates": [[-0.0960215, 51.5159996], [-0.0960429, 51.516009], [-0.0960977, 51.5160332]]}, "properties": {"osm_id": 1193044520, "category": "footway", "crossing": "unmarked", "crossing:markings": "no", "footway": "crossing", "highway": "footway"}}, {"type": "Feature", "geometry": {"type": "LineString", "coordinates": [[-0.0960977, 51.5160332], [-0.0961125, 51.5160393], [-0.0966238, 51.5162516], [-0.0966492, 51.5162561], [-0.0968112, 51.5162607], [-0.0968375, 51.5162566], [-0.0968597, 51.5162447]]}, "properties": {"osm_id": 1193044521, "category": "footway", "footway": "sidewalk", "highway": "footway", "lit": "yes", "street:name": "Gresham Street", "surface": "paved"}}, {"type": "Feature", "geometry": {"type": "LineString", "coordinates": [[-0.0969376, 51.5160798], [-0.096909, 51.5160772]]}, "properties": {"osm_id": 1193044522, "category": "footway", "footway": "sidewalk", "highway": "footway"}}, {"type": "Feature", "geometry": {"type": "LineString", "coordinates": [[-0.0953344, 51.5150179], [-0.0953568, 51.5154309], [-0.095367, 51.5154562], [-0.0953874, 51.515483], [-0.0954125, 51.5155066], [-0.0954435, 51.5155315], [-0.0954552, 51.5155469], [-0.0954613, 51.5155643], [-0.0954888, 51.515706], [-0.0954978, 51.5158544], [-0.0954743, 51.5158798]]}, "properties": {"osm_id": 1193044527, "category": "footway", "footway": "sidewalk", "highway": "footway", "street:name": "Gutter Lane"}}, {"type": "Feature", "geometry": {"type": "LineString", "coordinates": [[-0.095335, 51.514938], [-0.0953348, 51.5149719], [-0.0953344, 51.5150179]]}, "properties": {"osm_id": 1193044528, "category": "footway", "crossing": "unmarked", "crossing:markings": "no", "footway": "crossing", "highway": "footway"}}, {"type": "Feature", "geometry": {"type": "LineString", "coordinates": [[-0.0946575, 51.5142905], [-0.0945483, 51.5146108], [-0.0945509, 51.5146856], [-0.094533, 51.5148596], [-0.09452, 51.5149628], [-0.0945055, 51.5150852], [-0.0943877, 51.5155924], [-0.0943779, 51.5156054]]}, "properties": {"osm_id": 1193044529, "category": "footway", "footway": "sidewalk", "highway": "footway", "lit": "yes", "name": "Wood Street", "street:name": "Wood Street", "surface": "paved"}}, {"type": "Feature", "geometry": {"type": "LineString", "coordinates": [[-0.093431, 51.5153804], [-0.0933945, 51.5153674], [-0.0933313, 51.5153448]]}, "properties": {"osm_id": 1193636580, "category": "footway", "crossing": "unmarked", "crossing:continuous": "no", "crossing:island": "no", "crossing:markings": "no", "footway": "crossing", "highway": "footway", "lit": "yes", "surface": "paving_stones"}}, {"type": "Feature", "geometry": {"type": "LineString", "coordinates": [[-0.0933313, 51.5153448], [-0.0933214, 51.5153375], [-0.0932912, 51.5153379], [-0.0932617, 51.51533], [-0.093167, 51.5152843], [-0.0930746, 51.5152396], [-0.0928954, 51.5151752], [-0.0924191, 51.515088], [-0.092307, 51.5150658], [-0.0922875, 51.5150624], [-0.0922546, 51.5150525], [-0.0922295, 51.5150386]]}, "properties": {"osm_id": 1193636582, "category": "footway", "footway": "sidewalk", "highway": "footway", "lit": "yes", "name": "Gresham Street", "name:etymology:wikidata": "Q318673", "street:name": "Gresham Street", "surface": "paved"}}, {"type": "Feature", "geometry": {"type": "LineString", "coordinates": [[-0.0954848, 51.5158859], [-0.0954743, 51.5158798]]}, "properties": {"osm_id": 1193655169, "category": "footway", "footway": "sidewalk", "highway": "footway", "street:name": "Gresham Street"}}, {"type": "Feature", "geometry": {"type": "LineString", "coordinates": [[-0.0955358, 51.5159007], [-0.0955138, 51.5158948], [-0.0954848, 51.5158859]]}, "properties": {"osm_id": 1193655170, "category": "footway", "crossing": "unmarked", "crossing:markings": "no", "footway": "crossing", "highway": "footway"}}, {"type": "Feature", "geometry": {"type": "LineString", "coordinates": [[-0.0955358, 51.5159007], [-0.0959616, 51.5159869], [-0.0959855, 51.5159953], [-0.0960008, 51.5159969], [-0.096013, 51.5159949], [-0.0960215, 51.5159996]]}, "properties": {"osm_id": 1193655171, "category": "footway", "footway": "sidewalk", "highway": "footway", "lit": "yes", "street:name": "Gresham Street", "surface": "paved"}}, {"type": "Feature", "geometry": {"type": "LineString", "coordinates": [[-0.0944995, 51.5156293], [-0.0944509, 51.5156197], [-0.0943955, 51.5156088]]}, "properties": {"osm_id": 1193655172, "category": "footway", "crossing": "unmarked", "crossing:markings": "no", "footway": "crossing", "highway": "footway", "surface": "paving_stones"}}, {"type": "Feature", "geometry": {"type": "LineString", "coordinates": [[-0.0943955, 51.5156088], [-0.0943779, 51.5156054]]}, "properties": {"osm_id": 1193655173, "category": "footway", "footway": "sidewalk", "highway": "footway", "surface": "paved"}}, {"type": "Feature", "geometry": {"type": "LineString", "coordinates": [[-0.0945233, 51.515633], [-0.0944995, 51.5156293]]}, "properties": {"osm_id": 1193655174, "category": "footway", "footway": "sidewalk", "highway": "footway"}}, {"type": "Feature", "geometry": {"type": "LineString", "coordinates": [[-0.0922196, 51.5151568], [-0.0922562, 51.5151626], [-0.0925016, 51.5152048], [-0.0928182, 51.5152594], [-0.09287, 51.5152775], [-0.093067, 51.5153717], [-0.0930835, 51.5153791]]}, "properties": {"osm_id": 1193826440, "category": "footway", "footway": "sidewalk", "highway": "footway", "lit": "yes", "name": "Gresham Street", "name:etymology:wikidata": "Q318673", "street:name": "Gresham Street", "surface": "paved"}}, {"type": "Feature", "geometry": {"type": "LineString", "coordinates": [[-0.0920504, 51.5151307], [-0.0921058, 51.5151372]]}, "properties": {"osm_id": 1193826442, "category": "footway", "crossing": "unmarked", "crossing:markings": "no", "footway": "crossing", "highway": "footway", "surface": "paving_stones"}}, {"type": "Feature", "geometry": {"type": "LineString", "coordinates": [[-0.0921058, 51.5151372], [-0.0922196, 51.5151568]]}, "properties": {"osm_id": 1193826443, "category": "footway", "crossing": "unmarked", "crossing:markings": "no", "footway": "crossing", "highway": "footway"}}, {"type": "Feature", "geometry": {"type": "LineString", "coordinates": [[-0.0919621, 51.5151203], [-0.0911337, 51.5150385], [-0.0911099, 51.5150369]]}, "properties": {"osm_id": 1193826444, "category": "footway", "footway": "sidewalk", "highway": "footway", "lit": "yes", "name": "Gresham Street", "name:etymology:wikidata": "Q318673", "street:name": "Gresham Street", "surface": "paving_stones"}}, {"type": "Feature", "geometry": {"type": "LineString", "coordinates": [[-0.0911099, 51.5150369], [-0.091083, 51.5150334], [-0.0910365, 51.5150287]]}, "properties": {"osm_id": 1193826445, "category": "footway", "crossing": "unmarked", "crossing:continuous": "no", "crossing:island": "no", "crossing:markings": "no", "footway": "crossing", "highway": "footway"}}, {"type": "Feature", "geometry": {"type": "LineString", "coordinates": [[-0.0911337, 51.5150385], [-0.091066, 51.5153684]]}, "properties": {"osm_id": 1193826450, "category": "footway", "footway": "sidewalk", "highway": "footway", "lit": "yes", "name": "Basinghall Street", "street:name": "Basinghall Street", "surface": "paved"}}, {"type": "Feature", "geometry": {"type": "LineString", "coordinates": [[-0.0910251, 51.5150275], [-0.0909511, 51.5155745]]}, "properties": {"osm_id": 1193826451, "category": "footway", "footway": "sidewalk", "highway": "footway", "lit": "yes", "name": "Basinghall Street", "street:name": "Basinghall Street", "surface": "paved"}}, {"type": "Feature", "geometry": {"type": "LineString", "coordinates": [[-0.0904044, 51.514967], [-0.0903819, 51.5149778], [-0.0903593, 51.5149886], [-0.0901433, 51.5153933], [-0.0901176, 51.515444], [-0.0900897, 51.5154923], [-0.0899789, 51.5157179]]}, "properties": {"osm_id": 1193826452, "category": "footway", "footway": "sidewalk", "highway": "footway", "lit": "yes", "name": "Coleman Street", "street:name": "Coleman Street", "surface": "paving_stones"}}, {"type": "Feature", "geometry": {"type": "LineString", "coordinates": [[-0.0900458, 51.5153829], [-0.0900483, 51.5153781], [-0.0902413, 51.5150076], [-0.0902504, 51.5149794], [-0.0902493, 51.5149655], [-0.0902416, 51.5149537]]}, "properties": {"osm_id": 1193826453, "category": "footway", "footway": "sidewalk", "highway": "footway", "lit": "yes", "name": "Coleman Street", "street:name": "Coleman Street", "surface": "paving_stones"}}, {"type": "Feature", "geometry": {"type": "LineString", "coordinates": [[-0.0900267, 51.5154224], [-0.0900376, 51.5153989], [-0.0900458, 51.5153829]]}, "properties": {"osm_id": 1193826455, "category": "footway", "crossing": "unmarked", "crossing:markings": "no", "footway": "crossing", "highway": "footway"}}, {"type": "Feature", "geometry": {"type": "LineString", "coordinates": [[-0.0900483, 51.5153781], [-0.0895556, 51.5153179]]}, "properties": {"osm_id": 1193826465, "category": "footway", "footway": "sidewalk", "highway": "footway", "surface": "paving_stones"}}, {"type": "Feature", "geometry": {"type": "LineString", "coordinates": [[-0.0895429, 51.5153602], [-0.090025, 51.5154261]]}, "properties": {"osm_id": 1193826466, "category": "footway", "footway": "sidewalk", "highway": "footway", "surface": "paving_stones"}}, {"type": "Feature", "geometry": {"type": "LineString", "coordinates": [[-0.0919848, 51.5150397], [-0.0914349, 51.5149804], [-0.091426, 51.5149793]]}, "properties": {"osm_id": 1193826472, "category": "footway", "footway": "sidewalk", "highway": "footway", "lit": "yes", "name": "Gresham Street", "name:etymology:wikidata": "Q318673", "street:name": "Gresham Street", "surface": "paving_stones"}}, {"type": "Feature", "geometry": {"type": "LineString", "coordinates": [[-0.0923196, 51.5144031], [-0.0923171, 51.5144095], [-0.0922631, 51.5145815], [-0.0922003, 51.5149216], [-0.0922071, 51.5149996], [-0.0922137, 51.5150204], [-0.0922295, 51.5150386]]}, "properties": {"osm_id": 1193826479, "category": "footway", "footway": "sidewalk", "highway": "footway", "lit": "yes", "name": "King Street", "name:etymology:wikidata": "Q122553", "street:name": "King Street"}}, {"type": "Feature", "geometry": {"type": "LineString", "coordinates": [[-0.0985405, 51.5155502], [-0.0985666, 51.5155513]]}, "properties": {"osm_id": 1193851499, "category": "footway", "footway": "sidewalk", "highway": "footway"}}, {"type": "Feature", "geometry": {"type": "LineString", "coordinates": [[-0.0988219, 51.5153508], [-0.0988325, 51.5153377]]}, "properties": {"osm_id": 1193851500, "category": "footway", "footway": "sidewalk", "highway": "footway", "lit": "yes", "street:name": "Newgate Street", "surface": "paving_stones"}}, {"type": "Feature", "geometry": {"type": "LineString", "coordinates": [[-0.0987919, 51.5153959], [-0.0987945, 51.5154177], [-0.0987526, 51.5155594], [-0.0987592, 51.5155807], [-0.0987605, 51.5155956]]}, "properties": {"osm_id": 1193851501, "category": "footway", "footway": "sidewalk", "highway": "footway", "street:name": "King Edward Street", "surface": "paving_stones"}}, {"type": "Feature", "geometry": {"type": "LineString", "coordinates": [[-0.0987526, 51.5155594], [-0.0987097, 51.5155575]]}, "properties": {"osm_id": 1193851503, "category": "footway", "footway": "sidewalk", "highway": "footway", "surface": "paving_stones"}}, {"type": "Feature", "geometry": {"type": "LineString", "coordinates": [[-0.0987768, 51.5156866], [-0.0987393, 51.5159518]]}, "properties": {"osm_id": 1193851504, "category": "footway", "footway": "sidewalk", "highway": "footway", "street:name": "King Edward Street", "surface": "paving_stones"}}, {"type": "Feature", "geometry": {"type": "LineString", "coordinates": [[-0.0987768, 51.5156866], [-0.0993429, 51.5156821], [-0.0994275, 51.5156868]]}, "properties": {"osm_id": 1193851505, "category": "footway", "footway": "sidewalk", "highway": "footway", "street:name": "King Edward Street", "surface": "paving_stones"}}, {"type": "Feature", "geometry": {"type": "LineString", "coordinates": [[-0.0987721, 51.5156616], [-0.0987768, 51.5156866]]}, "properties": {"osm_id": 1193851506, "category": "footway", "footway": "sidewalk", "highway": "footway", "street:name": "King Edward Street", "surface": "paving_stones"}}, {"type": "Feature", "geometry": {"type": "LineString", "coordinates": [[-0.0978426, 51.5184083], [-0.0978932, 51.5183491], [-0.0979932, 51.5182926], [-0.0982822, 51.5181309]]}, "properties": {"osm_id": 1203861786, "category": "footway", "highway": "footway"}}, {"type": "Feature", "geometry": {"type": "LineString", "coordinates": [[-0.0930835, 51.5153791], [-0.0931114, 51.5153903]]}, "properties": {"osm_id": 1209802722, "category": "footway", "crossing": "unmarked", "crossing:markings": "no", "footway": "crossing", "highway": "footway", "lit": "yes", "surface": "paved"}}, {"type": "Feature", "geometry": {"type": "LineString", "coordinates": [[-0.0922711, 51.5151345], [-0.0922863, 51.5151055], [-0.0923015, 51.5150765]]}, "properties": {"osm_id": 1209826451, "category": "footway", "crossing": "traffic_signals", "crossing:island": "no", "crossing:markings": "dots", "crossing:signals": "yes", "crossing_ref": "pelican", "footway": "crossing", "highway": "footway", "lit": "yes", "surface": "asphalt"}}, {"type": "Feature", "geometry": {"type": "LineString", "coordinates": [[-0.095451, 51.5150125], [-0.0954488, 51.5149758], [-0.095449, 51.5149628]]}, "properties": {"osm_id": 1215437634, "category": "footway", "crossing": "unmarked", "crossing:markings": "no", "footway": "crossing", "highway": "footway"}}, {"type": "Feature", "geometry": {"type": "LineString", "coordinates": [[-0.0925761, 51.5165162], [-0.0924971, 51.516619]]}, "properties": {"osm_id": 1219566162, "category": "footway", "highway": "footway"}}, {"type": "Feature", "geometry": {"type": "LineString", "coordinates": [[-0.0925761, 51.5165162], [-0.0926173, 51.5164655]]}, "properties": {"osm_id": 1219566163, "category": "footway", "highway": "footway"}}, {"type": "Feature", "geometry": {"type": "LineString", "coordinates": [[-0.0923565, 51.5175939], [-0.092355, 51.5175534], [-0.0923543, 51.5174707], [-0.0923552, 51.517427]]}, "properties": {"osm_id": 1233053846, "category": "footway", "crossing": "unmarked", "crossing:markings": "no", "footway": "crossing", "highway": "footway", "surface": "asphalt"}}, {"type": "Feature", "geometry": {"type": "LineString", "coordinates": [[-0.0994108, 51.5194278], [-0.0994452, 51.5194635], [-0.099474, 51.5194921]]}, "properties": {"osm_id": 1242682170, "category": "footway", "crossing": "uncontrolled", "crossing:markings": "zebra", "crossing:signals": "no", "footway": "crossing", "highway": "footway"}}, {"type": "Feature", "geometry": {"type": "LineString", "coordinates": [[-0.0972855, 51.5202585], [-0.0972163, 51.520206]]}, "properties": {"osm_id": 1244008901, "category": "footway", "footway": "sidewalk", "highway": "footway", "street:name": "Aldersgate Street", "surface": "paved"}}, {"type": "Feature", "geometry": {"type": "LineString", "coordinates": [[-0.0971723, 51.5200743], [-0.0972054, 51.520033], [-0.0972134, 51.519998], [-0.0971879, 51.519902], [-0.0972146, 51.5199011]]}, "properties": {"osm_id": 1244008902, "category": "footway", "footway": "sidewalk", "highway": "footway", "street:name": "Aldersgate Street", "surface": "paved"}}, {"type": "Feature", "geometry": {"type": "LineString", "coordinates": [[-0.0987393, 51.5159518], [-0.0986751, 51.5159481], [-0.098601, 51.5159438]]}, "properties": {"osm_id": 1256918983, "category": "footway", "bicycle": "no", "foot": "yes", "highway": "footway", "motor_vehicle": "no", "surface": "paving_stones"}}, {"type": "Feature", "geometry": {"type": "LineString", "coordinates": [[-0.0988325, 51.5153377], [-0.099492, 51.5155132], [-0.1003951, 51.5157577], [-0.1004344, 51.5157683], [-0.1004575, 51.5157689]]}, "properties": {"osm_id": 1256918984, "category": "footway", "footway": "sidewalk", "highway": "footway", "lit": "yes", "street:name": "Newgate Street", "surface": "paving_stones"}}, {"type": "Feature", "geometry": {"type": "LineString", "coordinates": [[-0.0985527, 51.5152689], [-0.0988325, 51.5153377]]}, "properties": {"osm_id": 1256918985, "category": "footway", "footway": "sidewalk", "highway": "footway", "lit": "yes", "street:name": "Newgate Street", "surface": "paving_stones"}}, {"type": "Feature", "geometry": {"type": "LineString", "coordinates": [[-0.1001442, 51.5185415], [-0.0999372, 51.5186456], [-0.0997388, 51.5187432]]}, "properties": {"osm_id": 1264757324, "category": "footway", "access": "permissive", "bicycle": "dismount", "highway": "footway", "horse": "no", "motor_vehicle": "no", "name": "Churchyard Path"}}, {"type": "Feature", "geometry": {"type": "LineString", "coordinates": [[-0.0973497, 51.5194464], [-0.0973327, 51.5194478], [-0.0972823, 51.519452]]}, "properties": {"osm_id": 1266355309, "category": "footway", "highway": "footway", "name": "Braidwood Passage", "name:etymology:wikidata": "Q6130162", "surface": "paved"}}, {"type": "Feature", "geometry": {"type": "LineString", "coordinates": [[-0.0977772, 51.5194162], [-0.0977437, 51.5194183], [-0.0977254, 51.5194194]]}, "properties": {"osm_id": 1266355310, "category": "footway", "highway": "footway", "name": "Braidwood Passage", "name:etymology:wikidata": "Q6130162", "surface": "paved"}}, {"type": "Feature", "geometry": {"type": "LineString", "coordinates": [[-0.0933787, 51.5182273], [-0.0933383, 51.5182183]]}, "properties": {"osm_id": 1266358400, "category": "steps", "handrail": "yes", "highway": "steps", "incline": "up", "level": "0;1", "ramp": "no", "step_count": "9", "surface": "paving_stones", "tactile_paving": "no"}}, {"type": "Feature", "geometry": {"type": "LineString", "coordinates": [[-0.093397, 51.5181954], [-0.0945821, 51.5184682]]}, "properties": {"osm_id": 1266358401, "category": "footway", "highway": "footway", "level": "2", "lit": "yes", "name": "Wallside", "surface": "tiles", "tunnel": "building_passage"}}, {"type": "Feature", "geometry": {"type": "LineString", "coordinates": [[-0.0998034, 51.5180496], [-0.0998166, 51.5180412]]}, "properties": {"osm_id": 1266366169, "category": "footway", "highway": "footway"}}, {"type": "Feature", "geometry": {"type": "LineString", "coordinates": [[-0.0903653, 51.5190542], [-0.0903858, 51.5190516], [-0.0904503, 51.5190661]]}, "properties": {"osm_id": 1266368927, "category": "footway", "highway": "footway", "lit": "yes"}}, {"type": "Feature", "geometry": {"type": "LineString", "coordinates": [[-0.0916878, 51.5166993], [-0.0917018, 51.5166714]]}, "properties": {"osm_id": 1266438764, "category": "footway", "highway": "footway", "layer": "1"}}, {"type": "Feature", "geometry": {"type": "LineString", "coordinates": [[-0.0934002, 51.5168813], [-0.0933853, 51.5169057]]}, "properties": {"osm_id": 1266758832, "category": "footway", "covered": "no", "highway": "footway", "name": "Alban Highwalk", "name:etymology:wikidata": "Q7592245", "tunnel": "building_passage"}}, {"type": "Feature", "geometry": {"type": "LineString", "coordinates": [[-0.0904544, 51.5189363], [-0.0904265, 51.5189836], [-0.0903858, 51.5190516], [-0.0901866, 51.5193796], [-0.0900655, 51.5195757], [-0.0899228, 51.5198068], [-0.089882, 51.5198496], [-0.0898616, 51.519859], [-0.0898338, 51.5198601], [-0.089686, 51.5198204], [-0.0896061, 51.519799]]}, "properties": {"osm_id": 1269105246, "category": "footway", "footway": "sidewalk", "highway": "footway", "lit": "yes"}}, {"type": "Feature", "geometry": {"type": "LineString", "coordinates": [[-0.0901866, 51.5193796], [-0.0902229, 51.5193905], [-0.0902775, 51.5194025]]}, "properties": {"osm_id": 1269105247, "category": "footway", "crossing": "uncontrolled", "crossing:island": "no", "crossing:markings": "zebra", "footway": "crossing", "highway": "footway", "lit": "yes", "surface": "paved"}}, {"type": "Feature", "geometry": {"type": "LineString", "coordinates": [[-0.0942998, 51.5185216], [-0.0943035, 51.5185152]]}, "properties": {"osm_id": 1296455217, "category": "footway", "access": "private", "highway": "footway", "layer": "1"}}, {"type": "Feature", "geometry": {"type": "LineString", "coordinates": [[-0.0942961, 51.5185282], [-0.0942998, 51.5185216]]}, "properties": {"osm_id": 1296455218, "category": "steps", "access": "private", "highway": "steps", "layer": "1"}}, {"type": "Feature", "geometry": {"type": "LineString", "coordinates": [[-0.0933623, 51.5186404], [-0.093366, 51.5186341], [-0.0933006, 51.5186195]]}, "properties": {"osm_id": 1296455227, "category": "footway", "highway": "footway"}}, {"type": "Feature", "geometry": {"type": "LineString", "coordinates": [[-0.0933924, 51.5186243], [-0.0934264, 51.5185673]]}, "properties": {"osm_id": 1296455231, "category": "steps", "highway": "steps"}}, {"type": "Feature", "geometry": {"type": "LineString", "coordinates": [[-0.0934264, 51.5185673], [-0.0934299, 51.5185617], [-0.0934094, 51.5185571], [-0.093413, 51.5185506]]}, "properties": {"osm_id": 1296455232, "category": "footway", "highway": "footway"}}, {"type": "Feature", "geometry": {"type": "LineString", "coordinates": [[-0.0942022, 51.5176037], [-0.0942022, 51.5175871]]}, "properties": {"osm_id": 1298667068, "category": "footway", "highway": "footway", "layer": "0"}}, {"type": "Feature", "geometry": {"type": "LineString", "coordinates": [[-0.0948094, 51.5175922], [-0.0948096, 51.5175869]]}, "properties": {"osm_id": 1298667069, "category": "footway", "highway": "footway"}}, {"type": "Feature", "geometry": {"type": "LineString", "coordinates": [[-0.095479, 51.5176553], [-0.0948745, 51.5176608], [-0.0948608, 51.5176609], [-0.0948293, 51.5176612], [-0.094831, 51.5176276], [-0.09484, 51.5175958], [-0.0948797, 51.5175995], [-0.0948953, 51.517601], [-0.0950195, 51.5176128], [-0.0950239, 51.5176103], [-0.0950274, 51.5176073], [-0.0950353, 51.5176057], [-0.0950426, 51.5176064], [-0.0950461, 51.5176091], [-0.0950475, 51.5176125], [-0.0955072, 51.5176147], [-0.0954912, 51.517637], [-0.095479, 51.5176553]]}, "properties": {"osm_id": 1300229613, "category": "pedestrian", "area:highway": "footway", "bridge": "yes", "highway": "pedestrian", "level": "1"}}, {"type": "Feature", "geometry": {"type": "LineString", "coordinates": [[-0.0948797, 51.5175995], [-0.0948608, 51.5176609]]}, "properties": {"osm_id": 1300229614, "category": "footway", "highway": "footway", "tunnel": "building_passage"}}, {"type": "Feature", "geometry": {"type": "LineString", "coordinates": [[-0.0948832, 51.5175905], [-0.0948797, 51.5175995]]}, "properties": {"osm_id": 1300229615, "category": "footway", "highway": "footway"}}, {"type": "Feature", "geometry": {"type": "LineString", "coordinates": [[-0.0963145, 51.5176333], [-0.0961167, 51.5176408]]}, "properties": {"osm_id": 1300229616, "category": "footway", "bridge": "yes", "highway": "footway", "layer": "1", "level": "1", "surface": "paving_stones"}}, {"type": "Feature", "geometry": {"type": "LineString", "coordinates": [[-0.0948095, 51.5176613], [-0.0948097, 51.5176469]]}, "properties": {"osm_id": 1300229617, "category": "steps", "highway": "steps", "incline": "down", "level": "1;0", "tunnel": "building_passage"}}, {"type": "Feature", "geometry": {"type": "LineString", "coordinates": [[-0.0926269, 51.5210167], [-0.0926341, 51.521029]]}, "properties": {"osm_id": 1318554052, "category": "footway", "highway": "footway", "lit": "yes", "source": "Bing", "surface": "paving_stones"}}, {"type": "Feature", "geometry": {"type": "LineString", "coordinates": [[-0.0926341, 51.521029], [-0.0925108, 51.5210507]]}, "properties": {"osm_id": 1318554053, "category": "footway", "footway": "sidewalk", "highway": "footway", "surface": "paving_stones"}}, {"type": "Feature", "geometry": {"type": "LineString", "coordinates": [[-0.0925108, 51.5210507], [-0.0925512, 51.5211308]]}, "properties": {"osm_id": 1318554054, "category": "footway", "highway": "footway", "ramp:wheelchair": "yes", "surface": "paving_stones"}}, {"type": "Feature", "geometry": {"type": "LineString", "coordinates": [[-0.0996813, 51.5195213], [-0.0996429, 51.5195303]]}, "properties": {"osm_id": 1319032112, "category": "footway", "highway": "footway", "street:name": "Lindsey Street"}}, {"type": "Feature", "geometry": {"type": "LineString", "coordinates": [[-0.0992843, 51.5196186], [-0.0992662, 51.5196219], [-0.0992282, 51.5196289]]}, "properties": {"osm_id": 1319032113, "category": "footway", "highway": "footway", "lit": "yes", "surface": "paving_stones"}}, {"type": "Feature", "geometry": {"type": "LineString", "coordinates": [[-0.0994817, 51.5195694], [-0.0997613, 51.519936]]}, "properties": {"osm_id": 1319035540, "category": "steps", "conveying": "yes", "highway": "steps", "level": "0;-3"}}, {"type": "Feature", "geometry": {"type": "LineString", "coordinates": [[-0.0999045, 51.520011], [-0.1000883, 51.5200628]]}, "properties": {"osm_id": 1319035541, "category": "steps", "conveying": "yes", "highway": "steps", "level": "-3;-6"}}, {"type": "Feature", "geometry": {"type": "LineString", "coordinates": [[-0.0978762, 51.5202969], [-0.0985954, 51.5202633]]}, "properties": {"osm_id": 1338894809, "category": "steps", "highway": "steps", "layer": "-1", "tunnel": "yes"}}, {"type": "Feature", "geometry": {"type": "LineString", "coordinates": [[-0.0978567, 51.5200998], [-0.0985517, 51.520076]]}, "properties": {"osm_id": 1338894810, "category": "steps", "highway": "steps", "layer": "-1", "tunnel": "yes"}}, {"type": "Feature", "geometry": {"type": "LineString", "coordinates": [[-0.0937513, 51.5169282], [-0.0938737, 51.5169568], [-0.0939001, 51.5169656], [-0.0939142, 51.5169785], [-0.0939142, 51.5169927], [-0.0938396, 51.5171203], [-0.0937961, 51.517192], [-0.0937959, 51.517219], [-0.0937691, 51.5172668], [-0.0937466, 51.5173007], [-0.0937337, 51.5173242], [-0.0937198, 51.5173346], [-0.0936874, 51.5173466], [-0.0936629, 51.5173557], [-0.0936508, 51.5173603], [-0.0936399, 51.5173652], [-0.0934946, 51.5173637], [-0.0934386, 51.5173631], [-0.0935112, 51.5173076], [-0.0937513, 51.5169282]]}, "properties": {"osm_id": 1339931707, "category": "pedestrian", "area": "yes", "highway": "pedestrian"}}, {"type": "Feature", "geometry": {"type": "LineString", "coordinates": [[-0.0939094, 51.5173111], [-0.0939103, 51.5173598], [-0.0938332, 51.5173593]]}, "properties": {"osm_id": 1339931708, "category": "footway", "highway": "footway", "layer": "1", "level": "1"}}, {"type": "Feature", "geometry": {"type": "LineString", "coordinates": [[-0.0938332, 51.5173593], [-0.0936757, 51.517361], [-0.0936492, 51.5173705]]}, "properties": {"osm_id": 1339931709, "category": "footway", "covered": "yes", "highway": "footway", "layer": "1", "level": "1"}}, {"type": "Feature", "geometry": {"type": "LineString", "coordinates": [[-0.0927513, 51.5173823], [-0.092743, 51.5173813], [-0.0925922, 51.5173598], [-0.0925644, 51.5173391], [-0.0925056, 51.5172952], [-0.0923874, 51.5172685], [-0.0923756, 51.5172657]]}, "properties": {"osm_id": 1339931710, "category": "footway", "highway": "footway", "surface": "paved"}}, {"type": "Feature", "geometry": {"type": "LineString", "coordinates": [[-0.0923924, 51.5172356], [-0.0924039, 51.5172384], [-0.0926862, 51.517304]]}, "properties": {"osm_id": 1339931711, "category": "footway", "highway": "footway", "surface": "paved"}}, {"type": "Feature", "geometry": {"type": "LineString", "coordinates": [[-0.0923536, 51.5173052], [-0.0923658, 51.5173078], [-0.0924886, 51.5173338], [-0.0925644, 51.5173391]]}, "properties": {"osm_id": 1339931719, "category": "footway", "highway": "footway", "surface": "paved"}}, {"type": "Feature", "geometry": {"type": "LineString", "coordinates": [[-0.0923331, 51.5174271], [-0.0923491, 51.5173946], [-0.0923567, 51.5173803]]}, "properties": {"osm_id": 1339931720, "category": "footway", "highway": "footway", "surface": "paved"}}, {"type": "Feature", "geometry": {"type": "LineString", "coordinates": [[-0.0923567, 51.5173803], [-0.0923691, 51.5173577]]}, "properties": {"osm_id": 1339931721, "category": "steps", "access": "private", "highway": "steps", "incline": "down"}}, {"type": "Feature", "geometry": {"type": "LineString", "coordinates": [[-0.0923691, 51.5173577], [-0.0923816, 51.5173602]]}, "properties": {"osm_id": 1339931722, "category": "footway", "highway": "footway", "surface": "paved"}}, {"type": "Feature", "geometry": {"type": "LineString", "coordinates": [[-0.0932775, 51.5168267], [-0.0932833, 51.5168172]]}, "properties": {"osm_id": 1339931724, "category": "footway", "highway": "footway", "level": "0"}}, {"type": "Feature", "geometry": {"type": "LineString", "coordinates": [[-0.0925922, 51.5173598], [-0.0925874, 51.5173917], [-0.0925832, 51.5174231]]}, "properties": {"osm_id": 1341027689, "category": "footway", "highway": "footway", "surface": "paved"}}, {"type": "Feature", "geometry": {"type": "LineString", "coordinates": [[-0.0930262, 51.51693], [-0.0930361, 51.5169143]]}, "properties": {"osm_id": 1341027696, "category": "footway", "access": "private", "highway": "footway", "horse": "no", "motor_vehicle": "no", "surface": "paved"}}, {"type": "Feature", "geometry": {"type": "LineString", "coordinates": [[-0.0925506, 51.5169754], [-0.0925315, 51.517006], [-0.092512, 51.5170387]]}, "properties": {"osm_id": 1341027697, "category": "footway", "crossing": "unmarked", "crossing:continuous": "no", "crossing:island": "no", "crossing:markings": "no", "footway": "crossing", "highway": "footway", "lit": "yes", "surface": "paving_stones"}}, {"type": "Feature", "geometry": {"type": "LineString", "coordinates": [[-0.0928808, 51.5171708], [-0.092892, 51.5171519]]}, "properties": {"osm_id": 1341027698, "category": "footway", "footway": "sidewalk", "highway": "footway", "lit": "yes"}}, {"type": "Feature", "geometry": {"type": "LineString", "coordinates": [[-0.092512, 51.5170387], [-0.0924852, 51.517079], [-0.0924684, 51.5171091]]}, "properties": {"osm_id": 1341027699, "category": "footway", "footway": "sidewalk", "highway": "footway", "lit": "yes", "surface": "paved"}}, {"type": "Feature", "geometry": {"type": "LineString", "coordinates": [[-0.09296, 51.5170376], [-0.0930025, 51.5169687]]}, "properties": {"osm_id": 1341027704, "category": "footway", "footway": "sidewalk", "highway": "footway", "lit": "yes"}}, {"type": "Feature", "geometry": {"type": "LineString", "coordinates": [[-0.0930952, 51.5169278], [-0.0930863, 51.516944], [-0.093081, 51.5169529], [-0.0930727, 51.5169669], [-0.0930649, 51.5169809], [-0.0929637, 51.5171552], [-0.0929641, 51.5171658], [-0.0929696, 51.5171766], [-0.0929744, 51.5171814], [-0.0929801, 51.5171873], [-0.092996, 51.5171992], [-0.0930119, 51.5172054], [-0.0930349, 51.5172114], [-0.0930801, 51.5171369], [-0.0930344, 51.5171251], [-0.0930535, 51.5170943], [-0.0930761, 51.5170576], [-0.0930939, 51.5170288], [-0.0931389, 51.5170401], [-0.0931834, 51.5169665], [-0.0931937, 51.5169494], [-0.0931042, 51.5169299], [-0.0930952, 51.5169278]]}, "properties": {"osm_id": 1341027705, "category": "footway", "area": "yes", "footway": "sidewalk", "highway": "footway", "surface": "paved"}}, {"type": "Feature", "geometry": {"type": "LineString", "coordinates": [[-0.0930992, 51.5171055], [-0.0930535, 51.5170943]]}, "properties": {"osm_id": 1341027706, "category": "steps", "access": "private", "covered": "yes", "handrail": "yes", "highway": "steps", "incline": "down", "step_count": "4", "surface": "paved"}}, {"type": "Feature", "geometry": {"type": "LineString", "coordinates": [[-0.0931218, 51.5170683], [-0.0930761, 51.5170576]]}, "properties": {"osm_id": 1341027707, "category": "steps", "access": "private", "covered": "yes", "handrail": "yes", "highway": "steps", "incline": "down", "step_count": "4", "surface": "paved"}}, {"type": "Feature", "geometry": {"type": "LineString", "coordinates": [[-0.0930863, 51.516944], [-0.0930666, 51.5169394], [-0.0930463, 51.5169348]]}, "properties": {"osm_id": 1341027708, "category": "footway", "crossing": "unmarked", "crossing:continuous": "no", "crossing:island": "no", "crossing:markings": "no", "footway": "crossing", "highway": "footway", "lit": "yes"}}, {"type": "Feature", "geometry": {"type": "LineString", "coordinates": [[-0.0931139, 51.5169504], [-0.0930526, 51.5170518], [-0.0930304, 51.5170886], [-0.0929744, 51.5171814]]}, "properties": {"osm_id": 1341027709, "category": "footway", "footway": "sidewalk", "highway": "footway", "lit": "yes", "surface": "paved"}}, {"type": "Feature", "geometry": {"type": "LineString", "coordinates": [[-0.0930761, 51.5170576], [-0.0930526, 51.5170518]]}, "properties": {"osm_id": 1341027710, "category": "footway", "footway": "sidewalk", "highway": "footway", "lit": "yes", "surface": "paved"}}, {"type": "Feature", "geometry": {"type": "LineString", "coordinates": [[-0.0930535, 51.5170943], [-0.0930304, 51.5170886]]}, "properties": {"osm_id": 1341027711, "category": "footway", "footway": "sidewalk", "highway": "footway", "lit": "yes", "surface": "paved"}}, {"type": "Feature", "geometry": {"type": "LineString", "coordinates": [[-0.0929744, 51.5171814], [-0.0929257, 51.5171763], [-0.0928934, 51.5171725]]}, "properties": {"osm_id": 1341027712, "category": "footway", "crossing": "unmarked", "crossing:continuous": "no", "crossing:island": "no", "crossing:markings": "no", "footway": "crossing", "highway": "footway", "lit": "yes", "surface": "paving_stones"}}, {"type": "Feature", "geometry": {"type": "LineString", "coordinates": [[-0.0928934, 51.5171725], [-0.0928808, 51.5171708], [-0.0928618, 51.517202]]}, "properties": {"osm_id": 1341027713, "category": "footway", "footway": "sidewalk", "highway": "footway", "lit": "yes"}}, {"type": "Feature", "geometry": {"type": "LineString", "coordinates": [[-0.0928618, 51.517202], [-0.0927513, 51.5173823], [-0.0927299, 51.51742]]}, "properties": {"osm_id": 1341027714, "category": "footway", "highway": "footway", "surface": "paved"}}, {"type": "Feature", "geometry": {"type": "LineString", "coordinates": [[-0.0977432, 51.5169004], [-0.0978316, 51.516896]]}, "properties": {"osm_id": 1368107638, "category": "footway", "highway": "footway", "lit": "no", "surface": "paving_stones"}}, {"type": "Feature", "geometry": {"type": "LineString", "coordinates": [[-0.0977085, 51.5168089], [-0.0977671, 51.5167677]]}, "properties": {"osm_id": 1368107639, "category": "footway", "highway": "footway", "surface": "paving_stones"}}, {"type": "Feature", "geometry": {"type": "LineString", "coordinates": [[-0.0977452, 51.5168235], [-0.0976988, 51.5168509]]}, "properties": {"osm_id": 1368107640, "category": "footway", "highway": "footway", "lit": "no", "surface": "paving_stones"}}, {"type": "Feature", "geometry": {"type": "LineString", "coordinates": [[-0.0931756, 51.5165813], [-0.0931965, 51.5165847], [-0.0932135, 51.5165874]]}, "properties": {"osm_id": 1371165211, "category": "footway", "highway": "footway", "surface": "paving_stones"}}, {"type": "Feature", "geometry": {"type": "LineString", "coordinates": [[-0.0932097, 51.5163786], [-0.0932972, 51.5163978]]}, "properties": {"osm_id": 1371165212, "category": "footway", "highway": "footway"}}, {"type": "Feature", "geometry": {"type": "LineString", "coordinates": [[-0.0932748, 51.5164395], [-0.093189, 51.5164261]]}, "properties": {"osm_id": 1371165213, "category": "footway", "highway": "footway"}}, {"type": "Feature", "geometry": {"type": "LineString", "coordinates": [[-0.0931965, 51.5165847], [-0.0932748, 51.5164395], [-0.0932972, 51.5163978], [-0.0933076, 51.5163792], [-0.0933335, 51.5163305]]}, "properties": {"osm_id": 1371165214, "category": "footway", "highway": "footway"}}, {"type": "Feature", "geometry": {"type": "LineString", "coordinates": [[-0.093189, 51.5164261], [-0.0932011, 51.5163984], [-0.0932097, 51.5163786]]}, "properties": {"osm_id": 1371165215, "category": "footway", "highway": "footway"}}, {"type": "Feature", "geometry": {"type": "LineString", "coordinates": [[-0.0931816, 51.5164431], [-0.093189, 51.5164261]]}, "properties": {"osm_id": 1371165216, "category": "steps", "highway": "steps", "incline": "up", "step_count": "5"}}, {"type": "Feature", "geometry": {"type": "LineString", "coordinates": [[-0.0928352, 51.5165245], [-0.0928463, 51.5165264]]}, "properties": {"osm_id": 1371165217, "category": "steps", "highway": "steps", "incline": "down", "step_count": "2"}}, {"type": "Feature", "geometry": {"type": "LineString", "coordinates": [[-0.0928463, 51.5165264], [-0.093125, 51.5165732], [-0.0931816, 51.5164431]]}, "properties": {"osm_id": 1371165218, "category": "footway", "highway": "footway"}}, {"type": "Feature", "geometry": {"type": "LineString", "coordinates": [[-0.0931476, 51.5165768], [-0.0931756, 51.5165813]]}, "properties": {"osm_id": 1371165219, "category": "steps", "highway": "steps", "incline": "up", "step_count": "4", "surface": "paving_stones"}}, {"type": "Feature", "geometry": {"type": "LineString", "coordinates": [[-0.092938, 51.5163534], [-0.092922, 51.5163501], [-0.0928366, 51.5163375]]}, "properties": {"osm_id": 1371165220, "category": "footway", "highway": "footway"}}, {"type": "Feature", "geometry": {"type": "LineString", "coordinates": [[-0.0900936, 51.5176514], [-0.0900579, 51.5176574]]}, "properties": {"osm_id": 1371215475, "category": "footway", "footway": "sidewalk", "highway": "footway", "lit": "yes", "surface": "paving_stones"}}, {"type": "Feature", "geometry": {"type": "LineString", "coordinates": [[-0.0901356, 51.5176484], [-0.0900936, 51.5176514]]}, "properties": {"osm_id": 1371215476, "category": "footway", "crossing": "unmarked", "crossing:markings": "no", "footway": "crossing", "highway": "footway", "lit": "yes", "surface": "paving_stones"}}, {"type": "Feature", "geometry": {"type": "LineString", "coordinates": [[-0.0927613, 51.5225167], [-0.0927533, 51.5224519], [-0.0927417, 51.5223584], [-0.0926778, 51.5220327], [-0.0925713, 51.52149], [-0.0925489, 51.5214201], [-0.0925319, 51.5213673], [-0.0924353, 51.5210904], [-0.0924281, 51.5210698], [-0.0925108, 51.5210507]]}, "properties": {"osm_id": 1382278747, "category": "footway", "footway": "sidewalk", "highway": "footway"}}, {"type": "Feature", "geometry": {"type": "LineString", "coordinates": [[-0.0905071, 51.5168446], [-0.0903824, 51.5168416], [-0.0898712, 51.5168388]]}, "properties": {"osm_id": 1394111209, "category": "footway", "footway": "sidewalk", "highway": "footway", "lit": "yes", "name": "Basinghall Street", "street:name": "Basinghall Street", "surface": "paving_stones"}}, {"type": "Feature", "geometry": {"type": "LineString", "coordinates": [[-0.0898577, 51.5169249], [-0.090421, 51.5169173], [-0.0904977, 51.5169155]]}, "properties": {"osm_id": 1394111211, "category": "footway", "footway": "sidewalk", "highway": "footway", "lit": "yes", "name": "Basinghall Street", "street:name": "Basinghall Street", "surface": "paving_stones"}}, {"type": "Feature", "geometry": {"type": "LineString", "coordinates": [[-0.0896905, 51.5163158], [-0.0896973, 51.5162785], [-0.0897169, 51.5161698], [-0.0897377, 51.5160933], [-0.0898815, 51.5157187], [-0.090025, 51.5154261], [-0.0900267, 51.5154224]]}, "properties": {"osm_id": 1394111215, "category": "footway", "footway": "sidewalk", "highway": "footway", "lit": "yes", "name": "Coleman Street", "street:name": "Coleman Street", "surface": "paving_stones"}}, {"type": "Feature", "geometry": {"type": "LineString", "coordinates": [[-0.0900579, 51.5176574], [-0.090032, 51.5176866]]}, "properties": {"osm_id": 1411213189, "category": "footway", "highway": "footway", "lit": "yes", "surface": "paving_stones"}}, {"type": "Feature", "geometry": {"type": "LineString", "coordinates": [[-0.0942891, 51.5189872], [-0.0942756, 51.5190106], [-0.0942595, 51.5190383]]}, "properties": {"osm_id": 1412161710, "category": "footway", "bridge": "yes", "highway": "footway", "layer": "1", "level": "1"}}, {"type": "Feature", "geometry": {"type": "LineString", "coordinates": [[-0.0945837, 51.5190406], [-0.0945765, 51.5190527]]}, "properties": {"osm_id": 1412161711, "category": "steps", "bridge": "yes", "highway": "steps", "layer": "1", "level": "1"}}, {"type": "Feature", "geometry": {"type": "LineString", "coordinates": [[-0.0947886, 51.5189693], [-0.094705, 51.5189489]]}, "properties": {"osm_id": 1412161712, "category": "steps", "highway": "steps", "incline": "up"}}, {"type": "Feature", "geometry": {"type": "LineString", "coordinates": [[-0.0946845, 51.5190807], [-0.0946658, 51.5190156]]}, "properties": {"osm_id": 1412161714, "category": "steps", "highway": "steps", "incline": "up"}}, {"type": "Feature", "geometry": {"type": "LineString", "coordinates": [[-0.0946888, 51.5191011], [-0.0947121, 51.5190903], [-0.0947886, 51.5189693], [-0.0948396, 51.5188833]]}, "properties": {"osm_id": 1412161715, "category": "footway", "highway": "footway"}}, {"type": "Feature", "geometry": {"type": "LineString", "coordinates": [[-0.093902, 51.519159], [-0.0947913, 51.5193642], [-0.0948225, 51.5193714], [-0.0949844, 51.5194088]]}, "properties": {"osm_id": 1412161716, "category": "footway", "access": "private", "bicycle": "no", "highway": "footway", "tunnel": "building_passage"}}, {"type": "Feature", "geometry": {"type": "LineString", "coordinates": [[-0.0932505, 51.5190088], [-0.093902, 51.519159]]}, "properties": {"osm_id": 1412161717, "category": "footway", "access": "private", "bicycle": "no", "highway": "footway"}}, {"type": "Feature", "geometry": {"type": "LineString", "coordinates": [[-0.0943198, 51.5189362], [-0.0942968, 51.5189742]]}, "properties": {"osm_id": 1412262604, "category": "footway", "highway": "footway"}}, {"type": "Feature", "geometry": {"type": "LineString", "coordinates": [[-0.0946065, 51.5190023], [-0.0945837, 51.5190406]]}, "properties": {"osm_id": 1412262605, "category": "footway", "highway": "footway"}}, {"type": "Feature", "geometry": {"type": "LineString", "coordinates": [[-0.0946658, 51.5190156], [-0.0946065, 51.5190023], [-0.0943198, 51.5189362], [-0.0941398, 51.5188911]]}, "properties": {"osm_id": 1412262606, "category": "footway", "highway": "footway"}}, {"type": "Feature", "geometry": {"type": "LineString", "coordinates": [[-0.0942968, 51.5189742], [-0.0942891, 51.5189872]]}, "properties": {"osm_id": 1412262607, "category": "steps", "bridge": "yes", "highway": "steps", "layer": "1", "level": "1"}}, {"type": "Feature", "geometry": {"type": "LineString", "coordinates": [[-0.0945765, 51.5190527], [-0.0945463, 51.5191046]]}, "properties": {"osm_id": 1412262608, "category": "footway", "bridge": "yes", "highway": "footway", "layer": "1", "level": "1"}}, {"type": "Feature", "geometry": {"type": "LineString", "coordinates": [[-0.0941149, 51.5189732], [-0.0939666, 51.5189128]]}, "properties": {"osm_id": 1412262609, "category": "footway", "highway": "footway"}}, {"type": "Feature", "geometry": {"type": "LineString", "coordinates": [[-0.092779, 51.5200637], [-0.0932503, 51.520171]]}, "properties": {"osm_id": 1412262610, "category": "footway", "bicycle": "no", "highway": "footway", "layer": "2"}}, {"type": "Feature", "geometry": {"type": "LineString", "coordinates": [[-0.0934774, 51.5197679], [-0.0928144, 51.5196215]]}, "properties": {"osm_id": 1412262612, "category": "footway", "bicycle": "no", "fixme": "check alignment - south of theatre auditorium presumably", "highway": "footway", "layer": "1", "note": "Path at podium level, within building", "surface": "paving_stones"}}, {"type": "Feature", "geometry": {"type": "LineString", "coordinates": [[-0.0975626, 51.520174], [-0.0975992, 51.52018]]}, "properties": {"osm_id": 1412262625, "category": "footway", "highway": "footway", "indoor": "yes"}}, {"type": "Feature", "geometry": {"type": "LineString", "coordinates": [[-0.0962476, 51.5200918], [-0.0962209, 51.5201335]]}, "properties": {"osm_id": 1412262626, "category": "steps", "handrail": "yes", "highway": "steps", "incline": "up", "indoor": "yes", "ramp": "no"}}, {"type": "Feature", "geometry": {"type": "LineString", "coordinates": [[-0.0961939, 51.5201765], [-0.0961689, 51.5202133]]}, "properties": {"osm_id": 1412262627, "category": "footway", "covered": "yes", "highway": "footway"}}, {"type": "Feature", "geometry": {"type": "LineString", "coordinates": [[-0.0972321, 51.5203731], [-0.0972512, 51.5203714]]}, "properties": {"osm_id": 1412262636, "category": "steps", "highway": "steps", "incline": "up", "layer": "1", "lit": "yes", "surface": "asphalt"}}, {"type": "Feature", "geometry": {"type": "LineString", "coordinates": [[-0.0972216, 51.520374], [-0.0972321, 51.5203731]]}, "properties": {"osm_id": 1412262637, "category": "footway", "highway": "footway", "layer": "1", "lit": "yes", "surface": "asphalt"}}, {"type": "Feature", "geometry": {"type": "LineString", "coordinates": [[-0.0975804, 51.5202125], [-0.0975659, 51.520213]]}, "properties": {"osm_id": 1412321380, "category": "footway", "highway": "footway", "indoor": "yes", "layer": "1", "level": "1"}}, {"type": "Feature", "geometry": {"type": "LineString", "coordinates": [[-0.0986301, 51.5202485], [-0.0985954, 51.5202633]]}, "properties": {"osm_id": 1412321382, "category": "footway", "highway": "footway", "level": "-2"}}, {"type": "Feature", "geometry": {"type": "LineString", "coordinates": [[-0.0986061, 51.5200885], [-0.0985517, 51.520076]]}, "properties": {"osm_id": 1412321383, "category": "footway", "highway": "footway", "level": "-2"}}, {"type": "Feature", "geometry": {"type": "LineString", "coordinates": [[-0.0924102, 51.5210932], [-0.0923742, 51.5210963]]}, "properties": {"osm_id": 1412501062, "category": "footway", "crossing": "unmarked", "crossing:markings": "no", "crossing:signals": "no", "footway": "crossing", "highway": "footway", "lit": "yes", "surface": "paving_stones"}}, {"type": "Feature", "geometry": {"type": "LineString", "coordinates": [[-0.0943266, 51.5212631], [-0.0943243, 51.5212338]]}, "properties": {"osm_id": 1412503680, "category": "footway", "highway": "footway", "surface": "paved"}}, {"type": "Feature", "geometry": {"type": "LineString", "coordinates": [[-0.093363, 51.5199577], [-0.0934774, 51.5197679], [-0.0934981, 51.5197344]]}, "properties": {"osm_id": 1412653661, "category": "footway", "bicycle": "no", "highway": "footway", "layer": "1", "note": "Path at podium level, within building"}}, {"type": "Feature", "geometry": {"type": "LineString", "coordinates": [[-0.0928016, 51.5192708], [-0.092194, 51.5191417]]}, "properties": {"osm_id": 1412653662, "category": "footway", "access": "private", "highway": "footway", "surface": "paving_stones"}}, {"type": "Feature", "geometry": {"type": "LineString", "coordinates": [[-0.0935025, 51.5197201], [-0.0934935, 51.5197122], [-0.0934954, 51.5197042], [-0.0935212, 51.5196625], [-0.0935355, 51.5196549], [-0.0935516, 51.5196584], [-0.0935563, 51.5196715], [-0.0935355, 51.5197104], [-0.0935241, 51.5197201], [-0.0935096, 51.5197219]]}, "properties": {"osm_id": 1412653665, "category": "steps", "highway": "steps", "note": "spiral stair connecting all levels"}}, {"type": "Feature", "geometry": {"type": "LineString", "coordinates": [[-0.0936933, 51.5196853], [-0.0937669, 51.5195655]]}, "properties": {"osm_id": 1412653666, "category": "footway", "highway": "footway"}}, {"type": "Feature", "geometry": {"type": "LineString", "coordinates": [[-0.0929003, 51.5196188], [-0.0934831, 51.5197504], [-0.0934935, 51.5197364]]}, "properties": {"osm_id": 1412653667, "category": "footway", "highway": "footway"}}, {"type": "Feature", "geometry": {"type": "LineString", "coordinates": [[-0.0910365, 51.5150287], [-0.0910251, 51.5150275], [-0.0908228, 51.5150065], [-0.0904044, 51.514967], [-0.0903562, 51.5149572]]}, "properties": {"osm_id": 1416999887, "category": "footway", "footway": "sidewalk", "highway": "footway", "lit": "yes", "name": "Gresham Street", "name:etymology:wikidata": "Q318673", "street:name": "Gresham Street", "surface": "paving_stones"}}, {"type": "Feature", "geometry": {"type": "LineString", "coordinates": [[-0.0968328, 51.5164009], [-0.0967417, 51.5163746], [-0.0966626, 51.5163659], [-0.0966274, 51.5163684], [-0.0966065, 51.516366], [-0.0965902, 51.5163597], [-0.0964185, 51.5162924], [-0.0962206, 51.5162023], [-0.0960792, 51.516159], [-0.09607, 51.5161554]]}, "properties": {"osm_id": 1417176404, "category": "footway", "footway": "sidewalk", "highway": "footway", "lit": "yes", "street:name": "Gresham Street", "surface": "paved"}}, {"type": "Feature", "geometry": {"type": "LineString", "coordinates": [[-0.0970995, 51.515122], [-0.0971004, 51.5151694], [-0.0970957, 51.5152226], [-0.0970023, 51.5156649], [-0.096909, 51.5160772], [-0.0968719, 51.5162291], [-0.0968597, 51.5162447]]}, "properties": {"osm_id": 1417176405, "category": "footway", "footway": "sidewalk", "highway": "footway", "street:name": "St. Martin's Le Grand"}}, {"type": "Feature", "geometry": {"type": "LineString", "coordinates": [[-0.0946567, 51.51496], [-0.0946738, 51.5149561], [-0.0953344, 51.5150179]]}, "properties": {"osm_id": 1417176406, "category": "footway", "footway": "sidewalk", "highway": "footway"}}, {"type": "Feature", "geometry": {"type": "LineString", "coordinates": [[-0.0945233, 51.515633], [-0.0945227, 51.5156094], [-0.0946433, 51.5149692], [-0.0946567, 51.51496]]}, "properties": {"osm_id": 1417176407, "category": "footway", "footway": "sidewalk", "highway": "footway", "lit": "yes", "name": "Wood Street", "street:name": "Wood Street", "surface": "paved"}}, {"type": "Feature", "geometry": {"type": "LineString", "coordinates": [[-0.0954743, 51.5158798], [-0.0954546, 51.5158831], [-0.0952769, 51.5158551], [-0.0952085, 51.5158394], [-0.0945613, 51.515662], [-0.0945365, 51.5156494], [-0.0945233, 51.515633]]}, "properties": {"osm_id": 1417176408, "category": "footway", "footway": "sidewalk", "highway": "footway", "lit": "yes", "street:name": "Gresham Street", "surface": "paved"}}, {"type": "Feature", "geometry": {"type": "LineString", "coordinates": [[-0.0943779, 51.5156054], [-0.0943547, 51.5156115], [-0.0943195, 51.51561], [-0.093482, 51.5154157], [-0.0934645, 51.5154073], [-0.0934551, 51.515396], [-0.0934536, 51.515385], [-0.093431, 51.5153804]]}, "properties": {"osm_id": 1417176409, "category": "footway", "footway": "sidewalk", "highway": "footway", "lit": "yes", "name": "Gresham Street", "name:etymology:wikidata": "Q318673", "street:name": "Gresham Street", "surface": "paved"}}, {"type": "Feature", "geometry": {"type": "LineString", "coordinates": [[-0.0931575, 51.515293], [-0.093167, 51.5152843]]}, "properties": {"osm_id": 1417176410, "category": "footway", "highway": "footway", "lit": "yes", "surface": "paved"}}, {"type": "Feature", "geometry": {"type": "LineString", "coordinates": [[-0.093067, 51.5153717], [-0.0930798, 51.5153626]]}, "properties": {"osm_id": 1417176411, "category": "footway", "highway": "footway", "lit": "yes", "surface": "paved"}}, {"type": "Feature", "geometry": {"type": "LineString", "coordinates": [[-0.0930798, 51.5153626], [-0.0931239, 51.515323], [-0.0931575, 51.515293]]}, "properties": {"osm_id": 1417176412, "category": "footway", "crossing": "unmarked", "crossing:continuous": "no", "crossing:island": "yes", "crossing:markings": "no", "footway": "crossing", "highway": "footway", "lit": "yes", "surface": "paving_stones"}}, {"type": "Feature", "geometry": {"type": "LineString", "coordinates": [[-0.0938538, 51.5146514], [-0.0938531, 51.5146649], [-0.0935188, 51.5150071], [-0.0933558, 51.5153124], [-0.0933438, 51.5153253], [-0.0933214, 51.5153375]]}, "properties": {"osm_id": 1417176415, "category": "footway", "footway": "sidewalk", "highway": "footway", "lit": "yes", "name": "Milk Street", "street:name": "Milk Street", "surface": "paved"}}, {"type": "Feature", "geometry": {"type": "LineString", "coordinates": [[-0.0934536, 51.515385], [-0.0934988, 51.5152525], [-0.0935207, 51.5152096], [-0.0936271, 51.5150268], [-0.093697, 51.5149436], [-0.093787, 51.5148458], [-0.0938459, 51.5147897], [-0.0940049, 51.5146473], [-0.0940262, 51.5146118]]}, "properties": {"osm_id": 1417176416, "category": "footway", "footway": "sidewalk", "highway": "footway", "lit": "yes", "name": "Milk Street", "street:name": "Milk Street", "surface": "paved"}}, {"type": "Feature", "geometry": {"type": "LineString", "coordinates": [[-0.0923015, 51.5150765], [-0.092307, 51.5150658]]}, "properties": {"osm_id": 1417176424, "category": "footway", "highway": "footway", "lit": "yes", "surface": "paving_stones"}}, {"type": "Feature", "geometry": {"type": "LineString", "coordinates": [[-0.0922562, 51.5151626], [-0.0922711, 51.5151345]]}, "properties": {"osm_id": 1417176425, "category": "footway", "highway": "footway", "lit": "yes", "surface": "paving_stones"}}, {"type": "Feature", "geometry": {"type": "LineString", "coordinates": [[-0.0920577, 51.515035], [-0.0920149, 51.5150428], [-0.0919848, 51.5150397]]}, "properties": {"osm_id": 1417176428, "category": "footway", "footway": "sidewalk", "highway": "footway", "lit": "yes", "name": "Gresham Street", "name:etymology:wikidata": "Q318673", "street:name": "Gresham Street", "surface": "paving_stones"}}, {"type": "Feature", "geometry": {"type": "LineString", "coordinates": [[-0.091965, 51.5151099], [-0.0919621, 51.5151203]]}, "properties": {"osm_id": 1417176429, "category": "footway", "highway": "footway", "lit": "yes", "surface": "paving_stones"}}, {"type": "Feature", "geometry": {"type": "LineString", "coordinates": [[-0.0919848, 51.5150397], [-0.0919828, 51.5150469]]}, "properties": {"osm_id": 1417176430, "category": "footway", "highway": "footway", "lit": "yes", "surface": "paving_stones"}}, {"type": "Feature", "geometry": {"type": "LineString", "coordinates": [[-0.0908228, 51.5150065], [-0.0908296, 51.5149824]]}, "properties": {"osm_id": 1417176432, "category": "footway", "highway": "footway", "lit": "yes", "surface": "paving_stones"}}, {"type": "Feature", "geometry": {"type": "LineString", "coordinates": [[-0.0969598, 51.5169159], [-0.0969443, 51.5170166], [-0.0969393, 51.5170483], [-0.0969378, 51.517061], [-0.0969358, 51.5170776]]}, "properties": {"osm_id": 1418602288, "category": "footway", "footway": "sidewalk", "highway": "footway", "lit": "yes", "street:name": "Aldersgate Street", "surface": "paving_stones"}}, {"type": "Feature", "geometry": {"type": "LineString", "coordinates": [[-0.0969314, 51.5171168], [-0.0969294, 51.5171309], [-0.0969253, 51.5171598], [-0.0969187, 51.5172458]]}, "properties": {"osm_id": 1418602289, "category": "footway", "footway": "sidewalk", "highway": "footway", "lit": "yes", "street:name": "Aldersgate Street", "surface": "paving_stones"}}, {"type": "Feature", "geometry": {"type": "LineString", "coordinates": [[-0.0924717, 51.5168417], [-0.0923976, 51.5168227]]}, "properties": {"osm_id": 1418603411, "category": "footway", "footway": "link", "highway": "footway", "lit": "yes", "surface": "paved"}}, {"type": "Feature", "geometry": {"type": "LineString", "coordinates": [[-0.0930025, 51.5169687], [-0.0926123, 51.5168767], [-0.0924717, 51.5168417]]}, "properties": {"osm_id": 1418603412, "category": "footway", "footway": "sidewalk", "highway": "footway", "lit": "yes", "surface": "paved"}}, {"type": "Feature", "geometry": {"type": "LineString", "coordinates": [[-0.0955864, 51.5167715], [-0.0955815, 51.5167806], [-0.0953615, 51.517187]]}, "properties": {"osm_id": 1432562040, "category": "footway", "footway": "sidewalk", "highway": "footway", "street:name": "Noble Street"}}, {"type": "Feature", "geometry": {"type": "LineString", "coordinates": [[-0.0955908, 51.5167629], [-0.0956014, 51.516742], [-0.0956186, 51.5167075]]}, "properties": {"osm_id": 1432562041, "category": "footway", "crossing": "unmarked", "crossing:markings": "no", "crossing:signals": "no", "footway": "crossing", "highway": "footway"}}, {"type": "Feature", "geometry": {"type": "LineString", "coordinates": [[-0.0955864, 51.5167715], [-0.0955908, 51.5167629]]}, "properties": {"osm_id": 1432562042, "category": "footway", "footway": "sidewalk", "highway": "footway"}}, {"type": "Feature", "geometry": {"type": "LineString", "coordinates": [[-0.0997127, 51.5195384], [-0.0997727, 51.51952], [-0.0998006, 51.5195115]]}, "properties": {"osm_id": 1432619391, "category": "footway", "crossing": "uncontrolled", "crossing:markings": "zebra", "crossing:signals": "no", "flashing_lights": "always", "footway": "crossing", "highway": "footway", "surface": "asphalt"}}, {"type": "Feature", "geometry": {"type": "LineString", "coordinates": [[-0.1009388, 51.5190481], [-0.1001118, 51.5193099], [-0.0997796, 51.519415]]}, "properties": {"osm_id": 1432619400, "category": "footway", "covered": "yes", "footway": "sidewalk", "highway": "footway", "street:name": "Long Lane", "surface": "paving_stones"}}, {"type": "Feature", "geometry": {"type": "LineString", "coordinates": [[-0.0972162, 51.521628], [-0.0972482, 51.5217074], [-0.0972784, 51.5218987], [-0.0974098, 51.5222734], [-0.0974688, 51.5224002], [-0.0975519, 51.5225254], [-0.0976376, 51.5226308], [-0.0978298, 51.5228618], [-0.0978387, 51.5228724]]}, "properties": {"osm_id": 1432622439, "category": "footway", "footway": "sidewalk", "highway": "footway", "lit": "yes", "street:name": "Goswell Road"}}, {"type": "Feature", "geometry": {"type": "LineString", "coordinates": [[-0.0971879, 51.519902], [-0.0971228, 51.519581], [-0.0970741, 51.5193883], [-0.0970186, 51.5190996], [-0.0969549, 51.5187572], [-0.0969084, 51.5185761], [-0.0968975, 51.5185239], [-0.0968308, 51.5182054], [-0.0967955, 51.5180424], [-0.0967822, 51.5180082]]}, "properties": {"osm_id": 1432622441, "category": "footway", "footway": "sidewalk", "highway": "footway", "street:name": "Aldersgate Street"}}, {"type": "Feature", "geometry": {"type": "LineString", "coordinates": [[-0.0974358, 51.5198783], [-0.097397, 51.5197308], [-0.0973327, 51.5194478], [-0.0971944, 51.5187416], [-0.097159, 51.5185608], [-0.0971407, 51.5184682], [-0.0970598, 51.5181118], [-0.0970571, 51.5180684], [-0.0970678, 51.5180275], [-0.0970879, 51.5179858], [-0.0971764, 51.517904], [-0.0973577, 51.5177785], [-0.0973773, 51.517758], [-0.097387, 51.5177468], [-0.0974011, 51.5177409], [-0.0974404, 51.5177374]]}, "properties": {"osm_id": 1432622442, "category": "footway", "footway": "sidewalk", "highway": "footway", "street:name": "Aldersgate Street"}}, {"type": "Feature", "geometry": {"type": "LineString", "coordinates": [[-0.0980463, 51.5198413], [-0.0980147, 51.5198489], [-0.0978879, 51.5198793], [-0.0976405, 51.5199344], [-0.0975996, 51.5199369], [-0.0975399, 51.5199285], [-0.0975051, 51.5199185]]}, "properties": {"osm_id": 1432622443, "category": "footway", "footway": "sidewalk", "highway": "footway", "lit": "yes", "street:name": "Long Lane", "surface": "paving_stones"}}, {"type": "Feature", "geometry": {"type": "LineString", "coordinates": [[-0.097221, 51.5215205], [-0.0972175, 51.5215477]]}, "properties": {"osm_id": 1432704493, "category": "footway", "footway": "sidewalk", "highway": "footway", "street:name": "Aldersgate Street"}}, {"type": "Feature", "geometry": {"type": "LineString", "coordinates": [[-0.0972175, 51.5215477], [-0.0972152, 51.5215787], [-0.0972162, 51.521628]]}, "properties": {"osm_id": 1432704494, "category": "footway", "crossing": "unmarked", "crossing:markings": "no", "footway": "crossing", "highway": "footway", "lit": "yes", "street:name": "Aldersgate Street"}}, {"type": "Feature", "geometry": {"type": "LineString", "coordinates": [[-0.0976375, 51.5207253], [-0.097638, 51.5207356], [-0.0976391, 51.5207593], [-0.0976224, 51.5208373], [-0.0975687, 51.521093], [-0.097492, 51.5214011], [-0.0974878, 51.5214179]]}, "properties": {"osm_id": 1432704495, "category": "footway", "footway": "sidewalk", "highway": "footway", "lit": "yes", "street:name": "Aldersgate Street", "surface": "asphalt"}}, {"type": "Feature", "geometry": {"type": "LineString", "coordinates": [[-0.0974878, 51.5214179], [-0.0974849, 51.5214296], [-0.0974802, 51.5214509]]}, "properties": {"osm_id": 1432704496, "category": "footway", "crossing": "unmarked", "crossing:markings": "no", "footway": "crossing", "highway": "footway", "lit": "yes", "surface": "asphalt"}}, {"type": "Feature", "geometry": {"type": "LineString", "coordinates": [[-0.0975129, 51.5202407], [-0.0975415, 51.5203456], [-0.0975888, 51.5205131], [-0.097626, 51.5206501], [-0.0976304, 51.5206662]]}, "properties": {"osm_id": 1432704653, "category": "footway", "footway": "sidewalk", "highway": "footway", "lit": "yes", "street:name": "Aldersgate Street", "surface": "asphalt"}}, {"type": "Feature", "geometry": {"type": "LineString", "coordinates": [[-0.0976304, 51.5206662], [-0.0976359, 51.5206912], [-0.0976375, 51.5207253]]}, "properties": {"osm_id": 1432704654, "category": "footway", "crossing": "unmarked", "crossing:markings": "no", "footway": "crossing", "highway": "footway", "lit": "yes", "surface": "asphalt"}}, {"type": "Feature", "geometry": {"type": "LineString", "coordinates": [[-0.0987532, 51.5204734], [-0.0986674, 51.5204875], [-0.0984416, 51.5205282], [-0.0976762, 51.5206497], [-0.097626, 51.5206501]]}, "properties": {"osm_id": 1432708594, "category": "footway", "footway": "sidewalk", "highway": "footway", "street:name": "Carthusian Street"}}, {"type": "Feature", "geometry": {"type": "LineString", "coordinates": [[-0.097638, 51.5207356], [-0.0976671, 51.5207189], [-0.0976944, 51.5207131], [-0.0985313, 51.52058], [-0.0985425, 51.5205797], [-0.098549, 51.5205852], [-0.0985544, 51.5205937]]}, "properties": {"osm_id": 1432708595, "category": "footway", "footway": "sidewalk", "highway": "footway", "lit": "yes", "street:name": "Carthusian Street"}}, {"type": "Feature", "geometry": {"type": "LineString", "coordinates": [[-0.0998125, 51.5202803], [-0.0998307, 51.5202758], [-0.1001523, 51.5201967]]}, "properties": {"osm_id": 1432708596, "category": "footway", "footway": "sidewalk", "highway": "footway", "street:name": "Charterhouse Street"}}, {"type": "Feature", "geometry": {"type": "LineString", "coordinates": [[-0.0996692, 51.5203226], [-0.0997242, 51.5203058], [-0.0998125, 51.5202803]]}, "properties": {"osm_id": 1432708597, "category": "footway", "crossing": "unmarked", "crossing:markings": "no", "footway": "crossing", "highway": "footway"}}, {"type": "Feature", "geometry": {"type": "LineString", "coordinates": [[-0.1000675, 51.5200898], [-0.0996781, 51.5202132]]}, "properties": {"osm_id": 1432708598, "category": "footway", "footway": "sidewalk", "highway": "footway", "street:name": "Charterhouse Street"}}, {"type": "Feature", "geometry": {"type": "LineString", "coordinates": [[-0.0996781, 51.5202132], [-0.0996427, 51.5202265], [-0.0995883, 51.5202459]]}, "properties": {"osm_id": 1432708599, "category": "footway", "crossing": "unmarked", "crossing:markings": "no", "footway": "crossing", "highway": "footway"}}, {"type": "Feature", "geometry": {"type": "LineString", "coordinates": [[-0.0987471, 51.5205723], [-0.0987821, 51.5205713], [-0.098806, 51.5205672], [-0.098817, 51.5205653], [-0.0988439, 51.5205559], [-0.0989068, 51.5205307], [-0.0989417, 51.5205108], [-0.0994389, 51.5203931], [-0.0996692, 51.5203226]]}, "properties": {"osm_id": 1432708600, "category": "footway", "footway": "sidewalk", "highway": "footway", "street:name": "Charterhouse Street"}}, {"type": "Feature", "geometry": {"type": "LineString", "coordinates": [[-0.0985544, 51.5205937], [-0.0986843, 51.5205764], [-0.0987471, 51.5205723]]}, "properties": {"osm_id": 1432708601, "category": "footway", "crossing": "unmarked", "crossing:markings": "no", "footway": "crossing", "highway": "footway"}}, {"type": "Feature", "geometry": {"type": "LineString", "coordinates": [[-0.0987994, 51.5205563], [-0.0987692, 51.5205038], [-0.0987581, 51.520483]]}, "properties": {"osm_id": 1432708602, "category": "footway", "crossing": "uncontrolled", "crossing:island": "no", "crossing:markings": "zebra", "crossing:signals": "no", "crossing_ref": "zebra", "footway": "crossing", "highway": "footway"}}, {"type": "Feature", "geometry": {"type": "LineString", "coordinates": [[-0.0987581, 51.520483], [-0.0987532, 51.5204734]]}, "properties": {"osm_id": 1432708603, "category": "footway", "footway": "sidewalk", "highway": "footway", "street:name": "Charterhouse Street"}}, {"type": "Feature", "geometry": {"type": "LineString", "coordinates": [[-0.098806, 51.5205672], [-0.0987994, 51.5205563]]}, "properties": {"osm_id": 1432708604, "category": "footway", "footway": "sidewalk", "highway": "footway", "street:name": "Charterhouse Street"}}, {"type": "Feature", "geometry": {"type": "LineString", "coordinates": [[-0.0994056, 51.5203108], [-0.0994006, 51.5203048]]}, "properties": {"osm_id": 1432708605, "category": "footway", "footway": "sidewalk", "highway": "footway", "street:name": "Charterhouse Street"}}, {"type": "Feature", "geometry": {"type": "LineString", "coordinates": [[-0.0975022, 51.5199353], [-0.0974983, 51.5200046], [-0.0975053, 51.5200166], [-0.0975246, 51.5200551]]}, "properties": {"osm_id": 1432708606, "category": "footway", "button_operated": "yes", "crossing": "traffic_signals", "crossing:markings": "dots", "crossing:signals": "yes", "crossing_ref": "pelican", "footway": "crossing", "highway": "footway", "lit": "yes", "surface": "asphalt"}}, {"type": "Feature", "geometry": {"type": "LineString", "coordinates": [[-0.0981615, 51.5198136], [-0.0981346, 51.5198201]]}, "properties": {"osm_id": 1432708608, "category": "footway", "footway": "sidewalk", "highway": "footway", "lit": "yes"}}, {"type": "Feature", "geometry": {"type": "LineString", "coordinates": [[-0.0981346, 51.5198201], [-0.0980897, 51.5198309], [-0.0980463, 51.5198413]]}, "properties": {"osm_id": 1432708609, "category": "footway", "crossing": "unmarked", "crossing:markings": "no", "footway": "crossing", "highway": "footway", "lit": "yes", "surface": "paving_stones"}}, {"type": "Feature", "geometry": {"type": "LineString", "coordinates": [[-0.0998006, 51.5195115], [-0.0998355, 51.5195003]]}, "properties": {"osm_id": 1432708610, "category": "footway", "highway": "footway", "street:name": "Lindsey Street"}}, {"type": "Feature", "geometry": {"type": "LineString", "coordinates": [[-0.0996987, 51.5195427], [-0.0997127, 51.5195384]]}, "properties": {"osm_id": 1432708611, "category": "footway", "highway": "footway", "street:name": "Lindsey Street"}}, {"type": "Feature", "geometry": {"type": "LineString", "coordinates": [[-0.0995048, 51.5195222], [-0.099474, 51.5194921]]}, "properties": {"osm_id": 1432708612, "category": "footway", "footway": "sidewalk", "highway": "footway", "street:name": "Long Lane"}}, {"type": "Feature", "geometry": {"type": "LineString", "coordinates": [[-0.1001166, 51.520081], [-0.1001108, 51.5200523], [-0.0997212, 51.5195701], [-0.0996987, 51.5195427], [-0.0996813, 51.5195213], [-0.0996682, 51.5195017], [-0.0996461, 51.5194888]]}, "properties": {"osm_id": 1432708613, "category": "footway", "footway": "sidewalk", "highway": "footway", "lit": "yes", "street:name": "Lindsey Street", "surface": "paving_stones"}}, {"type": "Feature", "geometry": {"type": "LineString", "coordinates": [[-0.0992408, 51.5196108], [-0.0992194, 51.5196178], [-0.0991955, 51.5196248]]}, "properties": {"osm_id": 1432708614, "category": "footway", "crossing": "unmarked", "crossing:markings": "no", "footway": "crossing", "highway": "footway", "lit": "yes", "surface": "paving_stones"}}, {"type": "Feature", "geometry": {"type": "LineString", "coordinates": [[-0.0968033, 51.5170096], [-0.0967772, 51.517008]]}, "properties": {"osm_id": 1432730560, "category": "footway", "footway": "sidewalk", "highway": "footway"}}, {"type": "Feature", "geometry": {"type": "LineString", "coordinates": [[-0.0962957, 51.5174011], [-0.0962964, 51.5174206]]}, "properties": {"osm_id": 1432730561, "category": "footway", "footway": "sidewalk", "highway": "footway", "street:name": "London Wall"}}, {"type": "Feature", "geometry": {"type": "LineString", "coordinates": [[-0.0962951, 51.5174892], [-0.0962991, 51.5174562], [-0.0962964, 51.5174206]]}, "properties": {"osm_id": 1432730562, "category": "footway", "crossing": "uncontrolled", "crossing:markings": "zebra", "crossing:signals": "no", "flashing_lights": "always", "footway": "crossing", "highway": "footway", "level": "0"}}, {"type": "Feature", "geometry": {"type": "LineString", "coordinates": [[-0.0962547, 51.5175802], [-0.0962878, 51.517549]]}, "properties": {"osm_id": 1432730563, "category": "footway", "crossing": "uncontrolled", "crossing:markings": "zebra", "crossing:signals": "no", "flashing_lights": "always", "footway": "crossing", "highway": "footway", "level": "0"}}, {"type": "Feature", "geometry": {"type": "LineString", "coordinates": [[-0.0939046, 51.5172093], [-0.0942346, 51.5172912], [-0.0943923, 51.5173222], [-0.0948675, 51.5173588], [-0.0949012, 51.517361], [-0.0953576, 51.5173982]]}, "properties": {"osm_id": 1432730564, "category": "footway", "footway": "sidewalk", "highway": "footway", "street:name": "London Wall", "surface": "paving_stones"}}, {"type": "Feature", "geometry": {"type": "LineString", "coordinates": [[-0.0953576, 51.5173982], [-0.0953913, 51.5174009], [-0.0954633, 51.5174086]]}, "properties": {"osm_id": 1432730565, "category": "footway", "crossing": "unmarked", "crossing:markings": "no", "footway": "crossing", "highway": "footway", "surface": "paving_stones"}}, {"type": "Feature", "geometry": {"type": "LineString", "coordinates": [[-0.0974517, 51.5176442], [-0.0974251, 51.5176466], [-0.0974126, 51.5176412], [-0.0974084, 51.517633], [-0.0973986, 51.5175049], [-0.0973797, 51.5174728], [-0.0973504, 51.5174456], [-0.0972965, 51.5173914], [-0.0971464, 51.5172967]]}, "properties": {"osm_id": 1432730566, "category": "footway", "footway": "sidewalk", "highway": "footway"}}, {"type": "Feature", "geometry": {"type": "LineString", "coordinates": [[-0.0974894, 51.5177244], [-0.0974905, 51.5177005], [-0.0974927, 51.5176511]]}, "properties": {"osm_id": 1432730567, "category": "footway", "crossing": "uncontrolled", "crossing:markings": "zebra", "crossing:signals": "no", "flashing_lights": "always", "footway": "crossing", "highway": "footway", "tunnel": "building_passage"}}, {"type": "Feature", "geometry": {"type": "LineString", "coordinates": [[-0.0971649, 51.5187429], [-0.0971271, 51.5187451]]}, "properties": {"osm_id": 1432730568, "category": "footway", "crossing": "uncontrolled", "crossing:markings": "zebra", "crossing:signals": "no", "footway": "crossing", "highway": "footway", "lit": "yes"}}, {"type": "Feature", "geometry": {"type": "LineString", "coordinates": [[-0.0971944, 51.5187416], [-0.0971649, 51.5187429]]}, "properties": {"osm_id": 1432730569, "category": "footway", "footway": "sidewalk", "highway": "footway"}}, {"type": "Feature", "geometry": {"type": "LineString", "coordinates": [[-0.097077, 51.5187489], [-0.0971271, 51.5187451]]}, "properties": {"osm_id": 1432730570, "category": "footway", "crossing": "uncontrolled", "crossing:markings": "zebra", "crossing:signals": "no", "footway": "crossing", "highway": "footway", "lit": "yes"}}, {"type": "Feature", "geometry": {"type": "LineString", "coordinates": [[-0.0970541, 51.5187507], [-0.097077, 51.5187489]]}, "properties": {"osm_id": 1432730571, "category": "footway", "footway": "traffic_island", "highway": "footway", "lit": "yes"}}, {"type": "Feature", "geometry": {"type": "LineString", "coordinates": [[-0.0968567, 51.516271], [-0.0968514, 51.5163106], [-0.0968431, 51.5163569]]}, "properties": {"osm_id": 1432730967, "category": "footway", "crossing": "unmarked", "crossing:markings": "no", "footway": "crossing", "highway": "footway"}}, {"type": "Feature", "geometry": {"type": "LineString", "coordinates": [[-0.0968431, 51.5163569], [-0.0968401, 51.5163699], [-0.0968328, 51.5164009]]}, "properties": {"osm_id": 1432730968, "category": "footway", "footway": "sidewalk", "highway": "footway", "street:name": "St. Martin's Le Grand"}}, {"type": "Feature", "geometry": {"type": "LineString", "coordinates": [[-0.0968597, 51.5162447], [-0.0968567, 51.516271]]}, "properties": {"osm_id": 1432730969, "category": "footway", "footway": "sidewalk", "highway": "footway", "street:name": "St. Martin's Le Grand"}}, {"type": "Feature", "geometry": {"type": "LineString", "coordinates": [[-0.09607, 51.5161554], [-0.0960122, 51.5161324], [-0.0959729, 51.5161205]]}, "properties": {"osm_id": 1432730970, "category": "footway", "crossing": "unmarked", "crossing:markings": "no", "footway": "crossing", "highway": "footway", "lit": "yes", "surface": "paved"}}, {"type": "Feature", "geometry": {"type": "LineString", "coordinates": [[-0.0935551, 51.5176813], [-0.0935799, 51.5176868], [-0.0936459, 51.5177018]]}, "properties": {"osm_id": 1432730971, "category": "footway", "covered": "yes", "crossing": "traffic_signals", "crossing:markings": "zebra", "crossing:signals": "yes", "footway": "crossing", "highway": "footway", "layer": "0"}}, {"type": "Feature", "geometry": {"type": "LineString", "coordinates": [[-0.0935281, 51.5176754], [-0.0935551, 51.5176813]]}, "properties": {"osm_id": 1432730972, "category": "footway", "covered": "yes", "footway": "traffic_island", "highway": "footway", "layer": "0"}}, {"type": "Feature", "geometry": {"type": "LineString", "coordinates": [[-0.0907033, 51.5185111], [-0.0907911, 51.5185323]]}, "properties": {"osm_id": 1434317438, "category": "footway", "highway": "footway"}}, {"type": "Feature", "geometry": {"type": "LineString", "coordinates": [[-0.0905618, 51.5184744], [-0.0907033, 51.5185111]]}, "properties": {"osm_id": 1434317439, "category": "steps", "highway": "steps"}}, {"type": "Feature", "geometry": {"type": "LineString", "coordinates": [[-0.0893152, 51.5181051], [-0.0898634, 51.5182466], [-0.090376, 51.5183959], [-0.0904134, 51.5184068], [-0.0905618, 51.5184744], [-0.090655, 51.5185166]]}, "properties": {"osm_id": 1434317440, "category": "footway", "highway": "footway", "level": "1"}}, {"type": "Feature", "geometry": {"type": "LineString", "coordinates": [[-0.097437, 51.5217241], [-0.0974433, 51.5217623], [-0.0974755, 51.5218599], [-0.0975713, 51.522122], [-0.0975759, 51.5221346]]}, "properties": {"osm_id": 1435164292, "category": "footway", "footway": "sidewalk", "highway": "footway", "lit": "yes", "street:name": "Goswell Road", "surface": "paving_stones"}}, {"type": "Feature", "geometry": {"type": "LineString", "coordinates": [[-0.0955229, 51.5154246], [-0.095525, 51.5154414], [-0.0955297, 51.5154799]]}, "properties": {"osm_id": 1442014917, "category": "footway", "crossing": "unmarked", "crossing:markings": "no", "footway": "crossing", "highway": "footway"}}, {"type": "Feature", "geometry": {"type": "LineString", "coordinates": [[-0.0962207, 51.5155463], [-0.0962164, 51.5155379], [-0.096211, 51.5155321], [-0.0957504, 51.515456], [-0.0957135, 51.5154579], [-0.0955933, 51.5154625], [-0.095546, 51.5154712], [-0.0955297, 51.5154799]]}, "properties": {"osm_id": 1442014918, "category": "footway", "footway": "sidewalk", "highway": "footway"}}, {"type": "Feature", "geometry": {"type": "LineString", "coordinates": [[-0.0970074, 51.5163885], [-0.096945, 51.5163815], [-0.09688, 51.5163743]]}, "properties": {"osm_id": 1442016269, "category": "footway", "crossing": "unmarked", "crossing:markings": "no", "footway": "crossing", "highway": "footway"}}, {"type": "Feature", "geometry": {"type": "LineString", "coordinates": [[-0.0970989, 51.5163987], [-0.0970074, 51.5163885]]}, "properties": {"osm_id": 1442016270, "category": "footway", "footway": "sidewalk", "highway": "footway"}}, {"type": "Feature", "geometry": {"type": "LineString", "coordinates": [[-0.09688, 51.5163743], [-0.0968401, 51.5163699]]}, "properties": {"osm_id": 1442016271, "category": "footway", "footway": "sidewalk", "highway": "footway", "street:name": "St. Martin's Le Grand"}}, {"type": "Feature", "geometry": {"type": "LineString", "coordinates": [[-0.0899107, 51.5222641], [-0.0898997, 51.5218301], [-0.089934, 51.5214896], [-0.0900321, 51.5208432], [-0.0900211, 51.520841]]}, "properties": {"osm_id": 1443563525, "category": "footway", "footway": "sidewalk", "highway": "footway", "surface": "paving_stones"}}, {"type": "Feature", "geometry": {"type": "LineString", "coordinates": [[-0.0900211, 51.520841], [-0.0900028, 51.5208371]]}, "properties": {"osm_id": 1443563526, "category": "footway", "footway": "sidewalk", "highway": "footway", "lit": "yes"}}, {"type": "Feature", "geometry": {"type": "LineString", "coordinates": [[-0.0898724, 51.5208055], [-0.0899337, 51.5208203], [-0.0900028, 51.5208371]]}, "properties": {"osm_id": 1443563527, "category": "footway", "crossing": "unmarked", "crossing:markings": "no", "footway": "crossing", "highway": "footway", "lit": "yes", "surface": "asphalt"}}, {"type": "Feature", "geometry": {"type": "LineString", "coordinates": [[-0.0924353, 51.5210904], [-0.0924102, 51.5210932]]}, "properties": {"osm_id": 1443564515, "category": "footway", "footway": "sidewalk", "highway": "footway", "lit": "yes", "surface": "paving_stones"}}, {"type": "Feature", "geometry": {"type": "LineString", "coordinates": [[-0.0946023, 51.5220558], [-0.0945903, 51.5220314], [-0.0945662, 51.5219826]]}, "properties": {"osm_id": 1443582193, "category": "footway", "crossing": "unmarked", "crossing:markings": "no", "footway": "crossing", "highway": "footway"}}, {"type": "Feature", "geometry": {"type": "LineString", "coordinates": [[-0.0945662, 51.5219826], [-0.0945471, 51.5219353]]}, "properties": {"osm_id": 1443582194, "category": "footway", "footway": "sidewalk", "highway": "footway", "street:name": "Golden Lane"}}, {"type": "Feature", "geometry": {"type": "LineString", "coordinates": [[-0.0946134, 51.5220748], [-0.0953933, 51.5217883]]}, "properties": {"osm_id": 1443582195, "category": "footway", "footway": "sidewalk", "highway": "footway", "street:name": "Fann Street"}}, {"type": "Feature", "geometry": {"type": "LineString", "coordinates": [[-0.0945662, 51.5219826], [-0.0945879, 51.5219876], [-0.0946164, 51.5219835], [-0.0954271, 51.5216896]]}, "properties": {"osm_id": 1443582196, "category": "footway", "footway": "sidewalk", "highway": "footway", "street:name": "Fann Street"}}, {"type": "Feature", "geometry": {"type": "LineString", "coordinates": [[-0.0953933, 51.5217883], [-0.0954471, 51.5217731], [-0.0954938, 51.5217597]]}, "properties": {"osm_id": 1443582197, "category": "footway", "crossing": "unmarked", "crossing:markings": "no", "footway": "crossing", "highway": "footway"}}, {"type": "Feature", "geometry": {"type": "LineString", "coordinates": [[-0.0954271, 51.5216896], [-0.0954831, 51.5216762], [-0.095539, 51.5216631]]}, "properties": {"osm_id": 1443582198, "category": "footway", "crossing": "unmarked", "crossing:markings": "no", "footway": "crossing", "highway": "footway"}}, {"type": "Feature", "geometry": {"type": "LineString", "coordinates": [[-0.0945471, 51.5219353], [-0.0945242, 51.5219384]]}, "properties": {"osm_id": 1443582199, "category": "footway", "foot": "yes", "footway": "sidewalk", "highway": "footway", "lit": "no", "surface": "asphalt"}}, {"type": "Feature", "geometry": {"type": "LineString", "coordinates": [[-0.0945242, 51.5219384], [-0.0944588, 51.5219471], [-0.0943993, 51.5219562]]}, "properties": {"osm_id": 1443582200, "category": "footway", "crossing": "uncontrolled", "crossing:markings": "zebra;dots", "foot": "yes", "footway": "crossing", "highway": "footway", "lit": "no", "surface": "asphalt"}}, {"type": "Feature", "geometry": {"type": "LineString", "coordinates": [[-0.0955483, 51.5217011], [-0.0955584, 51.5217437], [-0.0954938, 51.5217597]]}, "properties": {"osm_id": 1443582201, "category": "footway", "footway": "sidewalk", "highway": "footway", "street:name": "Fann Street"}}, {"type": "Feature", "geometry": {"type": "LineString", "coordinates": [[-0.095539, 51.5216631], [-0.0955437, 51.5216831]]}, "properties": {"osm_id": 1443582202, "category": "footway", "footway": "sidewalk", "highway": "footway", "street:name": "Viscount Street"}}, {"type": "Feature", "geometry": {"type": "LineString", "coordinates": [[-0.0955437, 51.5216831], [-0.0955465, 51.5216941], [-0.0955483, 51.5217011]]}, "properties": {"osm_id": 1443582203, "category": "footway", "crossing": "unmarked", "crossing:markings": "no", "footway": "crossing", "highway": "footway"}}, {"type": "Feature", "geometry": {"type": "LineString", "coordinates": [[-0.0955584, 51.5217437], [-0.0960546, 51.5216571], [-0.096093, 51.5216586]]}, "properties": {"osm_id": 1443582204, "category": "footway", "footway": "sidewalk", "highway": "footway", "street:name": "Fann Street"}}, {"type": "Feature", "geometry": {"type": "LineString", "coordinates": [[-0.096093, 51.5216586], [-0.096163, 51.5216629]]}, "properties": {"osm_id": 1443582205, "category": "footway", "crossing": "unmarked", "crossing:markings": "no", "footway": "crossing", "highway": "footway", "street:name": "Fann Street"}}, {"type": "Feature", "geometry": {"type": "LineString", "coordinates": [[-0.0944292, 51.5221541], [-0.0944333, 51.5221389], [-0.094437, 51.5221254], [-0.0944346, 51.5221012], [-0.0943912, 51.5219876]]}, "properties": {"osm_id": 1443584752, "category": "footway", "footway": "sidewalk", "highway": "footway", "street:name": "Golden Lane"}}, {"type": "Feature", "geometry": {"type": "LineString", "coordinates": [[-0.0926165, 51.5199554], [-0.0928144, 51.5196215]]}, "properties": {"osm_id": 1443918066, "category": "footway", "highway": "footway", "layer": "1", "name": "Gilbert Bridge"}}, {"type": "Feature", "geometry": {"type": "LineString", "coordinates": [[-0.0974802, 51.5214509], [-0.0974791, 51.5214566], [-0.0974299, 51.5216813], [-0.097437, 51.5217241]]}, "properties": {"osm_id": 1443992487, "category": "footway", "footway": "sidewalk", "highway": "footway", "lit": "yes", "street:name": "Goswell Road", "surface": "asphalt"}}, {"type": "Feature", "geometry": {"type": "LineString", "coordinates": [[-0.0918036, 51.5182017], [-0.0917501, 51.5181541]]}, "properties": {"osm_id": 1445220870, "category": "footway", "highway": "footway", "lit": "yes", "surface": "asphalt"}}, {"type": "Feature", "geometry": {"type": "LineString", "coordinates": [[-0.0903213, 51.5194883], [-0.0902941, 51.5195312], [-0.0902734, 51.5195639]]}, "properties": {"osm_id": 1453316003, "category": "footway", "crossing": "unmarked", "crossing:island": "no", "crossing:markings": "no", "footway": "crossing", "highway": "footway", "surface": "asphalt"}}, {"type": "Feature", "geometry": {"type": "LineString", "coordinates": [[-0.0902017, 51.5196074], [-0.0901424, 51.5195936], [-0.0900655, 51.5195757]]}, "properties": {"osm_id": 1453316004, "category": "footway", "crossing": "unmarked", "crossing:island": "no", "crossing:markings": "no", "footway": "crossing", "highway": "footway", "surface": "asphalt"}}, {"type": "Feature", "geometry": {"type": "LineString", "coordinates": [[-0.0902734, 51.5195639], [-0.0902633, 51.5195796], [-0.0902279, 51.5195702], [-0.0902017, 51.5196074]]}, "properties": {"osm_id": 1453316005, "category": "footway", "footway": "sidewalk", "highway": "footway"}}, {"type": "Feature", "geometry": {"type": "LineString", "coordinates": [[-0.0952879, 51.5211171], [-0.095539, 51.5216631]]}, "properties": {"osm_id": 1460618234, "category": "footway", "footway": "sidewalk", "highway": "footway", "street:name": "Viscount Street"}}, {"type": "Feature", "geometry": {"type": "LineString", "coordinates": [[-0.0952967, 51.5213475], [-0.0952648, 51.5213506], [-0.0943629, 51.521439], [-0.094316, 51.5214436]]}, "properties": {"osm_id": 1460618235, "category": "footway", "footway": "sidewalk", "highway": "footway", "street:name": "Brackley Street"}}, {"type": "Feature", "geometry": {"type": "LineString", "coordinates": [[-0.0975246, 51.5200551], [-0.0975317, 51.5200693]]}, "properties": {"osm_id": 1460623984, "category": "footway", "footway": "sidewalk", "highway": "footway", "lit": "yes", "street:name": "Goswell Road", "surface": "paving_stones"}}, {"type": "Feature", "geometry": {"type": "LineString", "coordinates": [[-0.0911365, 51.5184692], [-0.0914399, 51.5185391], [-0.0915938, 51.5185745], [-0.0930553, 51.5189112]]}, "properties": {"osm_id": 1465308428, "category": "footway", "highway": "footway", "layer": "1", "level": "2", "name": "Andrewes Highwalk", "name:etymology:wikidata": "Q1801816", "surface": "tiles", "tunnel": "building_passage"}}, {"type": "Feature", "geometry": {"type": "LineString", "coordinates": [[-0.0927932, 51.5195249], [-0.0928238, 51.5196024]]}, "properties": {"osm_id": 1465308432, "category": "footway", "bicycle": "no", "bridge": "yes", "highway": "footway", "layer": "1", "note": "Path at podium level, within building", "surface": "tiles", "tunnel": "building_passage"}}, {"type": "Feature", "geometry": {"type": "LineString", "coordinates": [[-0.0933877, 51.5182111], [-0.0933832, 51.5182188], [-0.0933744, 51.518234]]}, "properties": {"osm_id": 1466621736, "category": "footway", "bridge": "yes", "highway": "footway", "layer": "1", "level": "2", "name": "The Postern", "postal_code": "EC2", "surface": "tiles", "tunnel": "building_passage"}}, {"type": "Feature", "geometry": {"type": "LineString", "coordinates": [[-0.093397, 51.5181954], [-0.0933877, 51.5182111]]}, "properties": {"osm_id": 1466621737, "category": "footway", "highway": "footway", "layer": "1", "level": "2", "name": "The Postern", "postal_code": "EC2", "surface": "tiles", "tunnel": "building_passage"}}, {"type": "Feature", "geometry": {"type": "LineString", "coordinates": [[-0.0929652, 51.5183661], [-0.092993, 51.5183724]]}, "properties": {"osm_id": 1466899423, "category": "footway", "highway": "footway", "level": "0", "tunnel": "building_passage"}}, {"type": "Feature", "geometry": {"type": "LineString", "coordinates": [[-0.0930208, 51.5183787], [-0.0930428, 51.5183835]]}, "properties": {"osm_id": 1466899424, "category": "footway", "highway": "footway", "level": "0"}}, {"type": "Feature", "geometry": {"type": "LineString", "coordinates": [[-0.092993, 51.5183724], [-0.0930101, 51.5183763]]}, "properties": {"osm_id": 1466899425, "category": "steps", "highway": "steps", "incline": "up/down", "level": "0", "step_count": "5", "tunnel": "building_passage"}}, {"type": "Feature", "geometry": {"type": "LineString", "coordinates": [[-0.092415, 51.5183188], [-0.0929405, 51.5184383], [-0.0929573, 51.5184409], [-0.0929734, 51.5184418], [-0.092988, 51.5184408], [-0.0930013, 51.5184372], [-0.093012, 51.5184307], [-0.0930196, 51.5184226], [-0.0930258, 51.5184133], [-0.0930428, 51.5183835], [-0.0931778, 51.5181526], [-0.0931826, 51.5181426], [-0.0931856, 51.5181312], [-0.0931841, 51.5181185], [-0.093178, 51.5181078]]}, "properties": {"osm_id": 1466899428, "category": "footway", "footway": "sidewalk", "highway": "footway"}}, {"type": "Feature", "geometry": {"type": "LineString", "coordinates": [[-0.0930101, 51.5183763], [-0.0930208, 51.5183787]]}, "properties": {"osm_id": 1466899429, "category": "footway", "highway": "footway", "level": "0", "tunnel": "building_passage"}}, {"type": "Feature", "geometry": {"type": "LineString", "coordinates": [[-0.0924847, 51.5176089], [-0.0925801, 51.517607]]}, "properties": {"osm_id": 1466899442, "category": "steps", "highway": "steps", "incline": "up/down"}}, {"type": "Feature", "geometry": {"type": "LineString", "coordinates": [[-0.0924084, 51.5176707], [-0.0926785, 51.5177327]]}, "properties": {"osm_id": 1466899445, "category": "footway", "highway": "footway"}}, {"type": "Feature", "geometry": {"type": "LineString", "coordinates": [[-0.0926978, 51.5178859], [-0.093168, 51.5179943]]}, "properties": {"osm_id": 1466899447, "category": "footway", "highway": "footway", "layer": "2", "lit": "yes", "name": "St. Alphage Highwalk", "tunnel": "building_passage"}}, {"type": "Feature", "geometry": {"type": "LineString", "coordinates": [[-0.093168, 51.5179943], [-0.0931947, 51.5180012], [-0.0934486, 51.5180665]]}, "properties": {"osm_id": 1466899448, "category": "footway", "bridge": "yes", "highway": "footway", "layer": "2", "lit": "yes", "name": "St. Alphage Highwalk"}}, {"type": "Feature", "geometry": {"type": "LineString", "coordinates": [[-0.0923964, 51.5178165], [-0.0926978, 51.5178859]]}, "properties": {"osm_id": 1466899449, "category": "footway", "highway": "footway", "layer": "2", "lit": "yes", "name": "St. Alphage Highwalk"}}, {"type": "Feature", "geometry": {"type": "LineString", "coordinates": [[-0.0927877, 51.5180201], [-0.0927791, 51.5180181], [-0.0927697, 51.5180159], [-0.0926991, 51.5179993]]}, "properties": {"osm_id": 1466905533, "category": "footway", "access": "private", "highway": "footway"}}, {"type": "Feature", "geometry": {"type": "LineString", "coordinates": [[-0.0928361, 51.5180316], [-0.0927877, 51.5180201]]}, "properties": {"osm_id": 1466905534, "category": "steps", "access": "private", "highway": "steps", "incline": "up/down"}}, {"type": "Feature", "geometry": {"type": "LineString", "coordinates": [[-0.0927797, 51.5180334], [-0.0928279, 51.5180448]]}, "properties": {"osm_id": 1466905538, "category": "steps", "access": "private", "highway": "steps", "incline": "up/down"}}, {"type": "Feature", "geometry": {"type": "LineString", "coordinates": [[-0.0928279, 51.5180448], [-0.0928402, 51.5180478], [-0.0928484, 51.5180345], [-0.0928361, 51.5180316]]}, "properties": {"osm_id": 1466905539, "category": "footway", "access": "private", "highway": "footway"}}, {"type": "Feature", "geometry": {"type": "LineString", "coordinates": [[-0.0927831, 51.5180114], [-0.0927791, 51.5180181]]}, "properties": {"osm_id": 1466905540, "category": "footway", "access": "private", "highway": "footway"}}, {"type": "Feature", "geometry": {"type": "LineString", "coordinates": [[-0.0927831, 51.5180114], [-0.0927881, 51.518003]]}, "properties": {"osm_id": 1466905541, "category": "footway", "highway": "footway"}}, {"type": "Feature", "geometry": {"type": "LineString", "coordinates": [[-0.0946199, 51.5185073], [-0.0945975, 51.5185171], [-0.0945715, 51.5185257], [-0.0945404, 51.5185331], [-0.0945159, 51.5185384], [-0.0944864, 51.5185429], [-0.094458, 51.5185457], [-0.0944317, 51.5185443], [-0.0944068, 51.5185399], [-0.0943035, 51.5185152], [-0.0938569, 51.5183998], [-0.0938267, 51.5183961], [-0.093807, 51.5183862], [-0.0934975, 51.5183057], [-0.0935254, 51.5182598], [-0.0934041, 51.518233]]}, "properties": {"osm_id": 1467657596, "category": "footway", "access": "private", "highway": "footway"}}, {"type": "Feature", "geometry": {"type": "LineString", "coordinates": [[-0.09466, 51.5184685], [-0.0946551, 51.5184743], [-0.0946381, 51.5184918], [-0.0946321, 51.5184974]]}, "properties": {"osm_id": 1467657597, "category": "footway", "highway": "footway", "tunnel": "building_passage"}}, {"type": "Feature", "geometry": {"type": "LineString", "coordinates": [[-0.0946321, 51.5184974], [-0.0946273, 51.5185017], [-0.0946199, 51.5185073]]}, "properties": {"osm_id": 1467657598, "category": "footway", "highway": "footway"}}, {"type": "Feature", "geometry": {"type": "LineString", "coordinates": [[-0.0942756, 51.5190106], [-0.0941149, 51.5189732]]}, "properties": {"osm_id": 1467662618, "category": "footway", "bridge": "yes", "highway": "footway"}}, {"type": "Feature", "geometry": {"type": "LineString", "coordinates": [[-0.0950166, 51.5194163], [-0.0950228, 51.5194056]]}, "properties": {"osm_id": 1467662626, "category": "footway", "highway": "footway"}}, {"type": "Feature", "geometry": {"type": "LineString", "coordinates": [[-0.0963302, 51.518526], [-0.09627, 51.5185123]]}, "properties": {"osm_id": 1467918021, "category": "steps", "access": "private", "bridge": "yes", "highway": "steps", "incline": "up/down"}}, {"type": "Feature", "geometry": {"type": "LineString", "coordinates": [[-0.0962593, 51.5185303], [-0.0963195, 51.5185441]]}, "properties": {"osm_id": 1467918022, "category": "steps", "access": "private", "bridge": "yes", "highway": "steps", "incline": "up/down"}}, {"type": "Feature", "geometry": {"type": "LineString", "coordinates": [[-0.09627, 51.5185123], [-0.0962547, 51.5185087], [-0.096244, 51.5185268], [-0.0962593, 51.5185303]]}, "properties": {"osm_id": 1467918023, "category": "footway", "access": "private", "bridge": "yes", "highway": "footway"}}, {"type": "Feature", "geometry": {"type": "LineString", "coordinates": [[-0.0964073, 51.518554], [-0.0963302, 51.518526]]}, "properties": {"osm_id": 1467918024, "category": "footway", "bridge": "yes", "highway": "footway", "tunnel": "building_passage"}}, {"type": "Feature", "geometry": {"type": "LineString", "coordinates": [[-0.0952958, 51.5186323], [-0.095181, 51.5188237]]}, "properties": {"osm_id": 1467918032, "category": "footway", "bridge": "yes", "highway": "footway", "level": "2", "tunnel": "building_passage"}}, {"type": "Feature", "geometry": {"type": "LineString", "coordinates": [[-0.0953746, 51.5189494], [-0.0953392, 51.5190091], [-0.0951243, 51.5193718]]}, "properties": {"osm_id": 1467918033, "category": "footway", "access": "private", "highway": "footway", "level": "2"}}, {"type": "Feature", "geometry": {"type": "LineString", "coordinates": [[-0.0954588, 51.5188075], [-0.0954693, 51.51879]]}, "properties": {"osm_id": 1467918034, "category": "footway", "highway": "footway", "level": "1", "lit": "yes", "surface": "tiles", "tunnel": "building_passage"}}, {"type": "Feature", "geometry": {"type": "LineString", "coordinates": [[-0.0953746, 51.5189494], [-0.0953848, 51.5189323]]}, "properties": {"osm_id": 1467918035, "category": "footway", "highway": "footway", "level": "1", "lit": "yes", "name": "Thomas More Highwalk", "name:etymology:wikidata": "Q42544", "surface": "tiles", "tunnel": "building_passage"}}, {"type": "Feature", "geometry": {"type": "LineString", "coordinates": [[-0.0967331, 51.5192624], [-0.0967436, 51.5192448]]}, "properties": {"osm_id": 1467918036, "category": "footway", "highway": "footway", "level": "1", "lit": "yes", "name": "Thomas More Highwalk", "name:etymology:wikidata": "Q42544", "surface": "tiles", "tunnel": "building_passage"}}, {"type": "Feature", "geometry": {"type": "LineString", "coordinates": [[-0.0965518, 51.5195661], [-0.0965145, 51.5196286]]}, "properties": {"osm_id": 1467918040, "category": "footway", "bridge": "yes", "highway": "footway", "level": "1", "lit": "yes", "name": "Seddon Highwalk", "surface": "tiles", "tunnel": "building_passage"}}, {"type": "Feature", "geometry": {"type": "LineString", "coordinates": [[-0.096697, 51.5182088], [-0.096677, 51.5182416]]}, "properties": {"osm_id": 1467922479, "category": "footway", "highway": "footway", "indoor": "yes", "level": "1", "name": "John Wesley Highwalk"}}, {"type": "Feature", "geometry": {"type": "LineString", "coordinates": [[-0.0955822, 51.5190234], [-0.0955956, 51.5190004]]}, "properties": {"osm_id": 1468573920, "category": "footway", "access": "private", "bicycle": "no", "highway": "footway"}}, {"type": "Feature", "geometry": {"type": "LineString", "coordinates": [[-0.096326, 51.5191954], [-0.0963394, 51.5191722]]}, "properties": {"osm_id": 1468573921, "category": "footway", "access": "private", "bicycle": "no", "highway": "footway"}}, {"type": "Feature", "geometry": {"type": "LineString", "coordinates": [[-0.096326, 51.5191954], [-0.096544, 51.5192459], [-0.0964039, 51.5194857], [-0.0961844, 51.5194346]]}, "properties": {"osm_id": 1468573922, "category": "footway", "access": "private", "bicycle": "no", "highway": "footway"}}, {"type": "Feature", "geometry": {"type": "LineString", "coordinates": [[-0.0964039, 51.5194857], [-0.0964062, 51.5195192]]}, "properties": {"osm_id": 1468573923, "category": "footway", "access": "private", "bicycle": "no", "highway": "footway"}}, {"type": "Feature", "geometry": {"type": "LineString", "coordinates": [[-0.0963892, 51.5195477], [-0.0963795, 51.519564]]}, "properties": {"osm_id": 1468573924, "category": "footway", "access": "private", "bicycle": "no", "highway": "footway"}}, {"type": "Feature", "geometry": {"type": "LineString", "coordinates": [[-0.0964062, 51.5195192], [-0.0963892, 51.5195477]]}, "properties": {"osm_id": 1468573925, "category": "footway", "access": "private", "bicycle": "no", "highway": "footway", "tunnel": "yes"}}, {"type": "Feature", "geometry": {"type": "LineString", "coordinates": [[-0.0951533, 51.5197483], [-0.0946631, 51.5196349]]}, "properties": {"osm_id": 1468573926, "category": "footway", "access": "private", "bicycle": "no", "highway": "footway"}}, {"type": "Feature", "geometry": {"type": "LineString", "coordinates": [[-0.0947843, 51.5193767], [-0.0947913, 51.5193642]]}, "properties": {"osm_id": 1468573927, "category": "footway", "access": "private", "bicycle": "no", "highway": "footway", "tunnel": "building_passage"}}, {"type": "Feature", "geometry": {"type": "LineString", "coordinates": [[-0.0946631, 51.5196349], [-0.0946318, 51.5196275], [-0.0947843, 51.5193767]]}, "properties": {"osm_id": 1468573928, "category": "footway", "access": "private", "bicycle": "no", "highway": "footway"}}, {"type": "Feature", "geometry": {"type": "LineString", "coordinates": [[-0.0946318, 51.5196275], [-0.094602, 51.5196204]]}, "properties": {"osm_id": 1468573930, "category": "footway", "access": "private", "bicycle": "no", "highway": "footway"}}, {"type": "Feature", "geometry": {"type": "LineString", "coordinates": [[-0.092593, 51.5188914], [-0.0925824, 51.5189091]]}, "properties": {"osm_id": 1468586361, "category": "steps", "access": "private", "highway": "steps", "incline": "up/down"}}, {"type": "Feature", "geometry": {"type": "LineString", "coordinates": [[-0.0931384, 51.5189507], [-0.0931491, 51.5189328]]}, "properties": {"osm_id": 1468791693, "category": "footway", "highway": "footway", "layer": "1", "level": "2", "name": "Andrewes Highwalk", "name:etymology:wikidata": "Q1801816", "tunnel": "building_passage"}}, {"type": "Feature", "geometry": {"type": "LineString", "coordinates": [[-0.0914919, 51.5180914], [-0.0914177, 51.5182155]]}, "properties": {"osm_id": 1468791697, "category": "footway", "bridge": "yes", "highway": "footway", "layer": "1", "level": "2"}}, {"type": "Feature", "geometry": {"type": "LineString", "coordinates": [[-0.0909315, 51.5193927], [-0.0909215, 51.5194095], [-0.0908369, 51.5195512]]}, "properties": {"osm_id": 1468791700, "category": "footway", "highway": "footway", "layer": "1", "name": "Brandon Mews", "note": "Fairly wide path, the west side is in the open air, the east side is covered", "tunnel": "building_passage"}}, {"type": "Feature", "geometry": {"type": "LineString", "coordinates": [[-0.0930553, 51.5189112], [-0.0931301, 51.5187863]]}, "properties": {"osm_id": 1468791701, "category": "footway", "highway": "footway", "layer": "1", "level": "2", "surface": "tiles", "tunnel": "building_passage"}}, {"type": "Feature", "geometry": {"type": "LineString", "coordinates": [[-0.0930577, 51.5187696], [-0.0913247, 51.518371], [-0.0912106, 51.5183448]]}, "properties": {"osm_id": 1468791702, "category": "footway", "highway": "footway", "layer": "1", "level": "2", "name": "Andrewes Highwalk", "name:etymology:wikidata": "Q1801816", "surface": "tiles", "tunnel": "building_passage"}}, {"type": "Feature", "geometry": {"type": "LineString", "coordinates": [[-0.0931301, 51.5187863], [-0.0930577, 51.5187696]]}, "properties": {"osm_id": 1468791703, "category": "footway", "highway": "footway", "layer": "1", "level": "2", "name": "Andrewes Highwalk", "name:etymology:wikidata": "Q1801816", "surface": "tiles", "tunnel": "building_passage"}}, {"type": "Feature", "geometry": {"type": "LineString", "coordinates": [[-0.0931491, 51.5189328], [-0.0932507, 51.5189562], [-0.0933252, 51.5188311], [-0.0931874, 51.5187995], [-0.0931301, 51.5187863]]}, "properties": {"osm_id": 1468791704, "category": "footway", "highway": "footway", "layer": "1", "level": "2", "name": "Andrewes Highwalk", "name:etymology:wikidata": "Q1801816", "surface": "tiles", "tunnel": "building_passage"}}, {"type": "Feature", "geometry": {"type": "LineString", "coordinates": [[-0.0930553, 51.5189112], [-0.0931491, 51.5189328]]}, "properties": {"osm_id": 1468791705, "category": "footway", "highway": "footway", "layer": "1", "level": "2", "name": "Andrewes Highwalk", "name:etymology:wikidata": "Q1801816", "surface": "tiles", "tunnel": "building_passage"}}, {"type": "Feature", "geometry": {"type": "LineString", "coordinates": [[-0.0903874, 51.5194782], [-0.0903666, 51.5194735], [-0.0903458, 51.5194688]]}, "properties": {"osm_id": 1472097982, "category": "footway", "highway": "footway", "layer": "1", "level": "1", "name": "Speed Highwalk", "name:etymology:wikidata": "Q1245028", "tunnel": "building_passage"}}, {"type": "Feature", "geometry": {"type": "LineString", "coordinates": [[-0.0903458, 51.5194688], [-0.0903345, 51.5194662]]}, "properties": {"osm_id": 1472097983, "category": "footway", "footway": "sidewalk", "highway": "footway"}}, {"type": "Feature", "geometry": {"type": "LineString", "coordinates": [[-0.0904049, 51.5194254], [-0.0903888, 51.5194523]]}, "properties": {"osm_id": 1472097984, "category": "steps", "bridge": "yes", "highway": "steps"}}, {"type": "Feature", "geometry": {"type": "LineString", "coordinates": [[-0.0904303, 51.5194311], [-0.0904312, 51.5194295], [-0.0904318, 51.5194271], [-0.0904311, 51.5194246], [-0.0904293, 51.5194223], [-0.0904265, 51.5194206], [-0.0904231, 51.5194195], [-0.0904185, 51.519419], [-0.0904138, 51.5194194], [-0.0904106, 51.5194205], [-0.0904079, 51.5194219], [-0.0904058, 51.5194239], [-0.0904049, 51.5194254]]}, "properties": {"osm_id": 1472097986, "category": "footway", "bridge": "yes", "highway": "footway", "level": "1"}}, {"type": "Feature", "geometry": {"type": "LineString", "coordinates": [[-0.0908369, 51.5195512], [-0.0908224, 51.5195756]]}, "properties": {"osm_id": 1472097987, "category": "footway", "highway": "footway", "layer": "1", "name": "Brandon Mews", "note": "Fairly wide path, the west side is in the open air, the east side is covered"}}, {"type": "Feature", "geometry": {"type": "LineString", "coordinates": [[-0.0933924, 51.5186243], [-0.0933882, 51.5186315], [-0.0934253, 51.5186399], [-0.0934699, 51.5185633]]}, "properties": {"osm_id": 1472100914, "category": "footway", "highway": "footway", "level": "-1"}}, {"type": "Feature", "geometry": {"type": "LineString", "coordinates": [[-0.0917673, 51.5197657], [-0.0918499, 51.5196239], [-0.0909215, 51.5194095]]}, "properties": {"osm_id": 1472545620, "category": "footway", "highway": "footway", "level": "2", "name": "Speed Highwalk", "name:etymology:wikidata": "Q1245028", "tunnel": "building_passage"}}, {"type": "Feature", "geometry": {"type": "LineString", "coordinates": [[-0.0917557, 51.5197838], [-0.0917673, 51.5197657]]}, "properties": {"osm_id": 1472545621, "category": "footway", "highway": "footway", "level": "2", "name": "Speed Highwalk", "name:etymology:wikidata": "Q1245028"}}, {"type": "Feature", "geometry": {"type": "LineString", "coordinates": [[-0.0917314, 51.5176162], [-0.0917444, 51.517669], [-0.0919584, 51.5177183]]}, "properties": {"osm_id": 1472546793, "category": "footway", "bridge": "yes", "highway": "footway", "layer": "2", "lit": "yes", "name": "St. Alphage Highwalk", "tunnel": "building_passage"}}, {"type": "Feature", "geometry": {"type": "LineString", "coordinates": [[-0.0915022, 51.5180744], [-0.0914919, 51.5180914]]}, "properties": {"osm_id": 1472546794, "category": "footway", "bridge": "yes", "highway": "footway", "layer": "2", "lit": "yes", "name": "St. Alphage Highwalk"}}, {"type": "Feature", "geometry": {"type": "LineString", "coordinates": [[-0.0914919, 51.5180914], [-0.0914512, 51.518082]]}, "properties": {"osm_id": 1472546795, "category": "footway", "bridge": "yes", "highway": "footway", "layer": "2", "lit": "yes", "name": "St. Alphage Highwalk", "surface": "paving_stones"}}, {"type": "Feature", "geometry": {"type": "LineString", "coordinates": [[-0.0912106, 51.5183448], [-0.0911645, 51.5183342]]}, "properties": {"osm_id": 1473674911, "category": "footway", "highway": "footway", "layer": "1", "level": "2", "name": "Andrewes Highwalk", "name:etymology:wikidata": "Q1801816", "surface": "tiles"}}, {"type": "Feature", "geometry": {"type": "LineString", "coordinates": [[-0.0910905, 51.5184586], [-0.0911365, 51.5184692]]}, "properties": {"osm_id": 1473674912, "category": "footway", "highway": "footway", "layer": "1", "level": "2", "name": "Andrewes Highwalk", "name:etymology:wikidata": "Q1801816", "surface": "tiles"}}, {"type": "Feature", "geometry": {"type": "LineString", "coordinates": [[-0.0915647, 51.5209575], [-0.0915721, 51.5209264], [-0.0915768, 51.5209067]]}, "properties": {"osm_id": 1500768837, "category": "footway", "highway": "footway", "lit": "yes", "surface": "paved"}}, {"type": "Feature", "geometry": {"type": "LineString", "coordinates": [[-0.0915768, 51.5209067], [-0.0916003, 51.5208252]]}, "properties": {"osm_id": 1500768838, "category": "footway", "highway": "footway", "lit": "yes", "surface": "sett", "tunnel": "building_passage"}}, {"type": "Feature", "geometry": {"type": "LineString", "coordinates": [[-0.0991566, 51.5154889], [-0.0995016, 51.5155737]]}, "properties": {"osm_id": 1511989951, "category": "footway", "footway": "sidewalk", "highway": "footway", "street:name": "Newgate Street"}}, {"type": "Feature", "geometry": {"type": "LineString", "coordinates": [[-0.0991566, 51.5154889], [-0.099048, 51.5154637], [-0.0988968, 51.5154285], [-0.0987945, 51.5154177]]}, "properties": {"osm_id": 1511989952, "category": "footway", "footway": "sidewalk", "highway": "footway", "street:name": "Newgate Street"}}, {"type": "Feature", "geometry": {"type": "LineString", "coordinates": [[-0.0970915, 51.51484], [-0.0971527, 51.5148823], [-0.0972039, 51.5149293], [-0.0972211, 51.5149717], [-0.0972303, 51.5150227], [-0.0972374, 51.5151031], [-0.0972615, 51.5151254], [-0.0972608, 51.5151632], [-0.0972296, 51.5152068], [-0.0972266, 51.5152418], [-0.0972303, 51.5152646], [-0.0972391, 51.5152665], [-0.0972499, 51.5152572], [-0.0972804, 51.5152374], [-0.0973116, 51.5152161], [-0.0973665, 51.5151775], [-0.0973748, 51.5151492], [-0.0974274, 51.515136], [-0.097558, 51.5151163], [-0.097659, 51.5151149], [-0.0975334, 51.5150533], [-0.0974545, 51.5150232], [-0.0973971, 51.5150184]]}, "properties": {"osm_id": 1511990044, "category": "footway", "footway": "sidewalk", "highway": "footway"}}, {"type": "Feature", "geometry": {"type": "LineString", "coordinates": [[-0.097659, 51.5151149], [-0.097676, 51.5151198]]}, "properties": {"osm_id": 1511990045, "category": "footway", "footway": "sidewalk", "highway": "footway"}}, {"type": "Feature", "geometry": {"type": "LineString", "coordinates": [[-0.0977123, 51.5151858], [-0.0977068, 51.5151664]]}, "properties": {"osm_id": 1511990046, "category": "footway", "footway": "sidewalk", "highway": "footway"}}, {"type": "Feature", "geometry": {"type": "LineString", "coordinates": [[-0.0977068, 51.5151664], [-0.0976909, 51.5151332], [-0.097676, 51.5151198]]}, "properties": {"osm_id": 1511990047, "category": "footway", "crossing": "unmarked", "crossing:markings": "no", "footway": "crossing", "highway": "footway"}}, {"type": "Feature", "geometry": {"type": "LineString", "coordinates": [[-0.0995401, 51.5155883], [-0.0995028, 51.5155904], [-0.0993229, 51.5155839], [-0.0989404, 51.5155967], [-0.0988185, 51.5155997], [-0.0987948, 51.5155921], [-0.0987592, 51.5155807]]}, "properties": {"osm_id": 1511990048, "category": "footway", "footway": "sidewalk", "highway": "footway", "street:name": "King Edward Street"}}, {"type": "Feature", "geometry": {"type": "LineString", "coordinates": [[-0.0987166, 51.51605], [-0.0987177, 51.5160581], [-0.0986907, 51.5161599], [-0.0986472, 51.5163504], [-0.0986435, 51.5163825]]}, "properties": {"osm_id": 1512785219, "category": "footway", "footway": "sidewalk", "highway": "footway", "street:name": "King Edward Street"}}, {"type": "Feature", "geometry": {"type": "LineString", "coordinates": [[-0.0986982, 51.5171857], [-0.098686, 51.5172602], [-0.0986615, 51.5173201], [-0.0986594, 51.5173608]]}, "properties": {"osm_id": 1512785227, "category": "footway", "footway": "sidewalk", "highway": "footway", "street:name": "Little Britain"}}, {"type": "Feature", "geometry": {"type": "LineString", "coordinates": [[-0.0986446, 51.516766], [-0.0986767, 51.5169875]]}, "properties": {"osm_id": 1512785228, "category": "footway", "footway": "sidewalk", "highway": "footway", "street:name": "King Edward Street"}}, {"type": "Feature", "geometry": {"type": "LineString", "coordinates": [[-0.0986446, 51.516766], [-0.098647, 51.5167189]]}, "properties": {"osm_id": 1512785229, "category": "footway", "footway": "sidewalk", "highway": "footway", "street:name": "King Edward Street"}}, {"type": "Feature", "geometry": {"type": "LineString", "coordinates": [[-0.0980992, 51.5176009], [-0.0985022, 51.517398]]}, "properties": {"osm_id": 1512785231, "category": "footway", "footway": "sidewalk", "highway": "footway", "street:name": "Montague Street"}}, {"type": "Feature", "geometry": {"type": "LineString", "coordinates": [[-0.0987925, 51.5174841], [-0.099125, 51.5177052], [-0.0991685, 51.5177341]]}, "properties": {"osm_id": 1512785232, "category": "footway", "footway": "sidewalk", "highway": "footway", "street:name": "Little Britain"}}, {"type": "Feature", "geometry": {"type": "LineString", "coordinates": [[-0.0986594, 51.5173608], [-0.0986948, 51.5173986], [-0.0987613, 51.5174565], [-0.0987925, 51.5174841]]}, "properties": {"osm_id": 1512785243, "category": "footway", "footway": "sidewalk", "highway": "footway", "street:name": "Little Britain"}}, {"type": "Feature", "geometry": {"type": "LineString", "coordinates": [[-0.0991685, 51.5177341], [-0.0993279, 51.5178435], [-0.0993516, 51.5178779], [-0.0993714, 51.5179122], [-0.0994342, 51.5179639], [-0.0995369, 51.5180384], [-0.099651, 51.5181268], [-0.0996672, 51.5181356], [-0.0997722, 51.518193], [-0.0999705, 51.5183062], [-0.0999827, 51.5183131], [-0.1000087, 51.518328], [-0.1000753, 51.5183644], [-0.1001852, 51.5184245], [-0.10024, 51.5184525], [-0.1002679, 51.5184622], [-0.1003096, 51.5184674]]}, "properties": {"osm_id": 1512785244, "category": "footway", "footway": "sidewalk", "highway": "footway", "street:name": "Little Britain"}}, {"type": "Feature", "geometry": {"type": "LineString", "coordinates": [[-0.0995628, 51.5181163], [-0.0995453, 51.5181028], [-0.0994835, 51.5180554], [-0.0992416, 51.5178877], [-0.0990898, 51.5177764], [-0.0989906, 51.5177034], [-0.0985756, 51.5173992], [-0.0985574, 51.5173935], [-0.0985467, 51.5173932], [-0.0985296, 51.5173932], [-0.0985156, 51.5173952], [-0.0985022, 51.517398]]}, "properties": {"osm_id": 1512785245, "category": "footway", "footway": "sidewalk", "highway": "footway", "street:name": "Little Britain"}}, {"type": "Feature", "geometry": {"type": "LineString", "coordinates": [[-0.0985378, 51.5182686], [-0.0985608, 51.5182523], [-0.0985742, 51.5182435], [-0.098597, 51.5182298], [-0.0986957, 51.5181741], [-0.0987136, 51.5181646], [-0.0987379, 51.5181545], [-0.0987599, 51.5181501], [-0.0988001, 51.5181497], [-0.0988626, 51.5181545], [-0.0988794, 51.5181592]]}, "properties": {"osm_id": 1512785246, "category": "footway", "footway": "sidewalk", "highway": "footway", "street:name": "Bartholomew Close"}}, {"type": "Feature", "geometry": {"type": "LineString", "coordinates": [[-0.0988794, 51.5181592], [-0.0988748, 51.5181783]]}, "properties": {"osm_id": 1512785247, "category": "footway", "highway": "footway", "surface": "paving_stones"}}, {"type": "Feature", "geometry": {"type": "LineString", "coordinates": [[-0.0980992, 51.5176009], [-0.0979574, 51.5176727]]}, "properties": {"osm_id": 1512785248, "category": "footway", "footway": "sidewalk", "highway": "footway", "street:name": "Montague Street"}}, {"type": "Feature", "geometry": {"type": "LineString", "coordinates": [[-0.0986435, 51.5163825], [-0.0986449, 51.5166597], [-0.098647, 51.5167189]]}, "properties": {"osm_id": 1512785250, "category": "footway", "footway": "sidewalk", "highway": "footway", "street:name": "King Edward Street"}}, {"type": "Feature", "geometry": {"type": "LineString", "coordinates": [[-0.0987393, 51.5159518], [-0.0987354, 51.5159689], [-0.098727, 51.5160051]]}, "properties": {"osm_id": 1512785251, "category": "footway", "footway": "sidewalk", "highway": "footway", "street:name": "King Edward Street"}}, {"type": "Feature", "geometry": {"type": "LineString", "coordinates": [[-0.098727, 51.5160051], [-0.0987226, 51.5160241], [-0.0987166, 51.51605]]}, "properties": {"osm_id": 1512785252, "category": "footway", "crossing": "unmarked", "crossing:markings": "no", "footway": "crossing", "highway": "footway"}}, {"type": "Feature", "geometry": {"type": "LineString", "coordinates": [[-0.0986037, 51.5173655], [-0.098569, 51.5173833], [-0.0985616, 51.5173862]]}, "properties": {"osm_id": 1512785253, "category": "footway", "crossing": "unmarked", "crossing:markings": "no", "footway": "crossing", "highway": "footway"}}, {"type": "Feature", "geometry": {"type": "LineString", "coordinates": [[-0.0986594, 51.5173608], [-0.0986245, 51.5173634], [-0.0986037, 51.5173655]]}, "properties": {"osm_id": 1512785254, "category": "footway", "footway": "sidewalk", "highway": "footway", "street:name": "Little Britain"}}, {"type": "Feature", "geometry": {"type": "LineString", "coordinates": [[-0.0985616, 51.5173862], [-0.0985574, 51.5173935]]}, "properties": {"osm_id": 1512785255, "category": "footway", "footway": "sidewalk", "highway": "footway"}}, {"type": "Feature", "geometry": {"type": "LineString", "coordinates": [[-0.0986284, 51.5161569], [-0.0986907, 51.5161599]]}, "properties": {"osm_id": 1512785257, "category": "footway", "footway": "sidewalk", "highway": "footway", "street:name": "King Edward Street"}}, {"type": "Feature", "geometry": {"type": "LineString", "coordinates": [[-0.0983742, 51.5160668], [-0.0984145, 51.5160776]]}, "properties": {"osm_id": 1512785258, "category": "footway", "footway": "sidewalk", "highway": "footway", "street:name": "King Edward Street"}}, {"type": "Feature", "geometry": {"type": "LineString", "coordinates": [[-0.0984145, 51.5160776], [-0.0984281, 51.5160848], [-0.0984512, 51.5160983]]}, "properties": {"osm_id": 1512785259, "category": "footway", "crossing": "traffic_signals", "footway": "crossing", "highway": "footway"}}, {"type": "Feature", "geometry": {"type": "LineString", "coordinates": [[-0.0910737, 51.5160682], [-0.0911152, 51.5161012]]}, "properties": {"osm_id": 1512891874, "category": "footway", "footway": "sidewalk", "highway": "footway"}}, {"type": "Feature", "geometry": {"type": "LineString", "coordinates": [[-0.0910737, 51.5160682], [-0.0909581, 51.515932]]}, "properties": {"osm_id": 1512891875, "category": "footway", "footway": "sidewalk", "highway": "footway"}}, {"type": "Feature", "geometry": {"type": "LineString", "coordinates": [[-0.0911152, 51.5161012], [-0.0912763, 51.516309], [-0.0913418, 51.5164011], [-0.0913557, 51.5164456], [-0.0913587, 51.516539], [-0.0913381, 51.5168498], [-0.0913326, 51.5168613], [-0.0913191, 51.5168685], [-0.0912985, 51.5168747], [-0.0911345, 51.5168636], [-0.0907906, 51.5168486], [-0.0905071, 51.5168446]]}, "properties": {"osm_id": 1512891881, "category": "footway", "footway": "sidewalk", "highway": "footway"}}, {"type": "Feature", "geometry": {"type": "LineString", "coordinates": [[-0.0909581, 51.515932], [-0.0909351, 51.5158784], [-0.0909262, 51.5157735], [-0.0909242, 51.5157492], [-0.0909511, 51.5155745]]}, "properties": {"osm_id": 1512891883, "category": "footway", "footway": "sidewalk", "highway": "footway"}}, {"type": "Feature", "geometry": {"type": "LineString", "coordinates": [[-0.0904977, 51.5169155], [-0.090848, 51.5169239], [-0.0910881, 51.5169364], [-0.0912534, 51.5169463], [-0.0912864, 51.5169463], [-0.0912846, 51.5169234]]}, "properties": {"osm_id": 1512917061, "category": "footway", "footway": "sidewalk", "highway": "footway"}}, {"type": "Feature", "geometry": {"type": "LineString", "coordinates": [[-0.0985068, 51.5168797], [-0.0985073, 51.5169054], [-0.0984872, 51.5169228]]}, "properties": {"osm_id": 1513381513, "category": "footway", "footway": "sidewalk", "highway": "footway", "street:name": "King Edward Street"}}, {"type": "Feature", "geometry": {"type": "LineString", "coordinates": [[-0.0985068, 51.5168797], [-0.0984986, 51.5168193]]}, "properties": {"osm_id": 1513381514, "category": "footway", "footway": "sidewalk", "highway": "footway", "street:name": "King Edward Street"}}, {"type": "Feature", "geometry": {"type": "LineString", "coordinates": [[-0.0984872, 51.5169228], [-0.0984803, 51.5169256], [-0.0984498, 51.5169302], [-0.097953, 51.5169963], [-0.0979155, 51.5170013]]}, "properties": {"osm_id": 1513381515, "category": "footway", "footway": "sidewalk", "highway": "footway", "street:name": "Little Britain"}}, {"type": "Feature", "geometry": {"type": "LineString", "coordinates": [[-0.098523, 51.5172217], [-0.098532, 51.5171794]]}, "properties": {"osm_id": 1513381516, "category": "footway", "footway": "sidewalk", "highway": "footway", "street:name": "Little Britain"}}, {"type": "Feature", "geometry": {"type": "LineString", "coordinates": [[-0.098532, 51.5171794], [-0.0985335, 51.5171457], [-0.0985242, 51.517113], [-0.0985205, 51.5170981], [-0.0985159, 51.5170798], [-0.0985022, 51.5170465]]}, "properties": {"osm_id": 1513381517, "category": "footway", "footway": "sidewalk", "highway": "footway", "street:name": "Little Britain"}}, {"type": "Feature", "geometry": {"type": "LineString", "coordinates": [[-0.0984727, 51.5172664], [-0.098523, 51.5172217]]}, "properties": {"osm_id": 1513381518, "category": "footway", "footway": "sidewalk", "highway": "footway", "street:name": "Little Britain"}}, {"type": "Feature", "geometry": {"type": "LineString", "coordinates": [[-0.0985022, 51.5170465], [-0.0984975, 51.5170404], [-0.0984841, 51.5170176]]}, "properties": {"osm_id": 1513381519, "category": "footway", "footway": "sidewalk", "highway": "footway", "street:name": "Little Britain"}}, {"type": "Feature", "geometry": {"type": "LineString", "coordinates": [[-0.0984841, 51.5170176], [-0.0984715, 51.5170124], [-0.0984419, 51.5170004], [-0.0983929, 51.516998], [-0.0983457, 51.5169999], [-0.0982959, 51.5170044]]}, "properties": {"osm_id": 1513381520, "category": "footway", "footway": "sidewalk", "highway": "footway", "street:name": "Little Britain"}}, {"type": "Feature", "geometry": {"type": "LineString", "coordinates": [[-0.0984727, 51.5172664], [-0.0984054, 51.517301]]}, "properties": {"osm_id": 1513381521, "category": "footway", "footway": "sidewalk", "highway": "footway", "street:name": "Little Britain"}}, {"type": "Feature", "geometry": {"type": "LineString", "coordinates": [[-0.0984054, 51.517301], [-0.098169, 51.5174289], [-0.0979699, 51.5175366]]}, "properties": {"osm_id": 1513381522, "category": "footway", "footway": "sidewalk", "highway": "footway", "street:name": "Montague Street"}}, {"type": "Feature", "geometry": {"type": "LineString", "coordinates": [[-0.0982959, 51.5170044], [-0.0980094, 51.5170342]]}, "properties": {"osm_id": 1513381523, "category": "footway", "footway": "sidewalk", "highway": "footway", "street:name": "Little Britain"}}, {"type": "Feature", "geometry": {"type": "LineString", "coordinates": [[-0.0969294, 51.5171309], [-0.0975008, 51.51712]]}, "properties": {"osm_id": 1513381524, "category": "footway", "footway": "sidewalk", "highway": "footway", "street:name": "Little Britain"}}, {"type": "Feature", "geometry": {"type": "LineString", "coordinates": [[-0.0965473, 51.5175136], [-0.0965296, 51.5175386], [-0.0965099, 51.5175726], [-0.0965011, 51.5176105]]}, "properties": {"osm_id": 1513381525, "category": "footway", "footway": "sidewalk", "highway": "footway"}}, {"type": "Feature", "geometry": {"type": "LineString", "coordinates": [[-0.0972048, 51.5176713], [-0.0972239, 51.5176042], [-0.0972221, 51.5175597]]}, "properties": {"osm_id": 1513381526, "category": "footway", "footway": "sidewalk", "highway": "footway"}}, {"type": "Feature", "geometry": {"type": "LineString", "coordinates": [[-0.0972221, 51.5175597], [-0.0972204, 51.5175393], [-0.0972197, 51.5175271]]}, "properties": {"osm_id": 1513381527, "category": "footway", "footway": "sidewalk", "highway": "footway"}}, {"type": "Feature", "geometry": {"type": "LineString", "coordinates": [[-0.0972048, 51.5176713], [-0.0971871, 51.5176992]]}, "properties": {"osm_id": 1513381528, "category": "footway", "footway": "sidewalk", "highway": "footway"}}, {"type": "Feature", "geometry": {"type": "LineString", "coordinates": [[-0.0970623, 51.5177943], [-0.097118, 51.517763], [-0.097159, 51.5177361], [-0.0971871, 51.5176992]]}, "properties": {"osm_id": 1513381529, "category": "footway", "footway": "sidewalk", "highway": "footway"}}, {"type": "Feature", "geometry": {"type": "LineString", "coordinates": [[-0.0968775, 51.5178482], [-0.0969699, 51.5178321], [-0.0970144, 51.5178181], [-0.0970623, 51.5177943]]}, "properties": {"osm_id": 1513381530, "category": "footway", "footway": "sidewalk", "highway": "footway"}}, {"type": "Feature", "geometry": {"type": "LineString", "coordinates": [[-0.0953966, 51.5160078], [-0.0951608, 51.5164905], [-0.0951523, 51.5165264], [-0.09515, 51.5165609]]}, "properties": {"osm_id": 1513381531, "category": "footway", "footway": "sidewalk", "highway": "footway", "street:name": "Staining Lane"}}, {"type": "Feature", "geometry": {"type": "LineString", "coordinates": [[-0.0956141, 51.5166897], [-0.0956325, 51.5166777], [-0.0957871, 51.5164166], [-0.0958226, 51.5163494]]}, "properties": {"osm_id": 1513381532, "category": "footway", "footway": "sidewalk", "highway": "footway", "street:name": "Noble Street"}}, {"type": "Feature", "geometry": {"type": "LineString", "coordinates": [[-0.0956141, 51.5166897], [-0.0955907, 51.516691], [-0.0953734, 51.5166546]]}, "properties": {"osm_id": 1513381533, "category": "footway", "footway": "sidewalk", "highway": "footway", "street:name": "Oat Lane"}}, {"type": "Feature", "geometry": {"type": "LineString", "coordinates": [[-0.0953734, 51.5166546], [-0.095361, 51.5166539]]}, "properties": {"osm_id": 1513381534, "category": "footway", "footway": "sidewalk", "highway": "footway", "street:name": "Oat Lane"}}, {"type": "Feature", "geometry": {"type": "LineString", "coordinates": [[-0.0952859, 51.5159814], [-0.0951674, 51.5162283]]}, "properties": {"osm_id": 1513381535, "category": "footway", "footway": "sidewalk", "highway": "footway", "street:name": "Staining Lane"}}, {"type": "Feature", "geometry": {"type": "LineString", "coordinates": [[-0.0952859, 51.5159814], [-0.0952922, 51.5159599], [-0.0952869, 51.5159386], [-0.0952661, 51.515919], [-0.0952472, 51.5159121], [-0.0950346, 51.5158645], [-0.0949652, 51.5158579], [-0.0948601, 51.5158345]]}, "properties": {"osm_id": 1513381536, "category": "footway", "footway": "sidewalk", "highway": "footway", "street:name": "Gresham Street"}}, {"type": "Feature", "geometry": {"type": "LineString", "coordinates": [[-0.0951674, 51.5162283], [-0.095051, 51.5165282]]}, "properties": {"osm_id": 1513381537, "category": "footway", "footway": "sidewalk", "highway": "footway", "street:name": "Staining Lane"}}, {"type": "Feature", "geometry": {"type": "LineString", "coordinates": [[-0.0946701, 51.5158201], [-0.0946986, 51.5158034], [-0.0947109, 51.5158016], [-0.0948601, 51.5158345]]}, "properties": {"osm_id": 1513381538, "category": "footway", "footway": "sidewalk", "highway": "footway", "street:name": "Gresham Street"}}, {"type": "Feature", "geometry": {"type": "LineString", "coordinates": [[-0.0946701, 51.5158201], [-0.0942989, 51.5164908], [-0.0939046, 51.5172093]]}, "properties": {"osm_id": 1513381540, "category": "footway", "footway": "sidewalk", "highway": "footway"}}, {"type": "Feature", "geometry": {"type": "LineString", "coordinates": [[-0.0946576, 51.5158137], [-0.0945705, 51.5157863]]}, "properties": {"osm_id": 1513381541, "category": "footway", "crossing": "unmarked", "crossing:markings": "no", "footway": "crossing", "highway": "footway"}}, {"type": "Feature", "geometry": {"type": "LineString", "coordinates": [[-0.0984519, 51.5163681], [-0.0984533, 51.5165545]]}, "properties": {"osm_id": 1513381542, "category": "footway", "footway": "sidewalk", "highway": "footway", "street:name": "King Edward Street"}}, {"type": "Feature", "geometry": {"type": "LineString", "coordinates": [[-0.0984519, 51.5163681], [-0.0984634, 51.5162575], [-0.0984625, 51.5162325], [-0.0984527, 51.5162088], [-0.0983983, 51.5161772]]}, "properties": {"osm_id": 1513381543, "category": "footway", "footway": "sidewalk", "highway": "footway", "street:name": "King Edward Street"}}, {"type": "Feature", "geometry": {"type": "LineString", "coordinates": [[-0.0955815, 51.5167806], [-0.095311, 51.5167188], [-0.0950348, 51.5166634]]}, "properties": {"osm_id": 1513381544, "category": "footway", "footway": "sidewalk", "highway": "footway", "street:name": "Oat Lane"}}, {"type": "Feature", "geometry": {"type": "LineString", "coordinates": [[-0.0972197, 51.5175271], [-0.0972106, 51.517508], [-0.0972023, 51.5174872], [-0.0971745, 51.5174672], [-0.0971126, 51.5174313], [-0.0970294, 51.5174016], [-0.0969693, 51.5173868], [-0.0969136, 51.5173837], [-0.0968498, 51.5173872], [-0.0967515, 51.5174048], [-0.0966639, 51.5174367], [-0.0965988, 51.5174719], [-0.0965473, 51.5175136]]}, "properties": {"osm_id": 1513381545, "category": "footway", "footway": "sidewalk", "highway": "footway"}}, {"type": "Feature", "geometry": {"type": "LineString", "coordinates": [[-0.0965011, 51.5176105], [-0.0965145, 51.5176954], [-0.0965945, 51.5177596], [-0.0966443, 51.5177971], [-0.0966988, 51.5178201], [-0.0967753, 51.5178382], [-0.0968738, 51.5178482], [-0.0968775, 51.5178482]]}, "properties": {"osm_id": 1513381546, "category": "footway", "footway": "sidewalk", "highway": "footway", "layer": "-1", "tunnel": "building_passage"}}, {"type": "Feature", "geometry": {"type": "LineString", "coordinates": [[-0.0978586, 51.5175992], [-0.0977929, 51.5176283], [-0.0977313, 51.5176562], [-0.0976964, 51.5176652], [-0.0976624, 51.5176683], [-0.0975922, 51.517666], [-0.0975418, 51.5176592], [-0.0974931, 51.5176408]]}, "properties": {"osm_id": 1513381547, "category": "footway", "footway": "sidewalk", "highway": "footway", "street:name": "Montague Street", "tunnel": "building_passage"}}, {"type": "Feature", "geometry": {"type": "LineString", "coordinates": [[-0.0975008, 51.51712], [-0.0976933, 51.517095], [-0.0977195, 51.5170912], [-0.0980094, 51.5170342]]}, "properties": {"osm_id": 1513381548, "category": "footway", "footway": "sidewalk", "highway": "footway", "street:name": "Little Britain"}}, {"type": "Feature", "geometry": {"type": "LineString", "coordinates": [[-0.0979155, 51.5170013], [-0.0978105, 51.5170174], [-0.0976649, 51.5170412], [-0.0975746, 51.5170571], [-0.0974776, 51.5170682], [-0.097395, 51.5170783], [-0.0972408, 51.5170799], [-0.0969954, 51.517075], [-0.0969611, 51.5170686], [-0.0969378, 51.517061]]}, "properties": {"osm_id": 1513381549, "category": "footway", "footway": "sidewalk", "highway": "footway", "street:name": "Little Britain"}}, {"type": "Feature", "geometry": {"type": "LineString", "coordinates": [[-0.0984986, 51.5168193], [-0.0984724, 51.5166665], [-0.0984533, 51.5165545]]}, "properties": {"osm_id": 1513381550, "category": "footway", "footway": "sidewalk", "highway": "footway", "street:name": "King Edward Street"}}, {"type": "Feature", "geometry": {"type": "LineString", "coordinates": [[-0.0959567, 51.5161156], [-0.0959494, 51.5161333], [-0.0959289, 51.5161741], [-0.0958226, 51.5163494]]}, "properties": {"osm_id": 1513381551, "category": "footway", "footway": "sidewalk", "highway": "footway", "street:name": "Noble Street"}}, {"type": "Feature", "geometry": {"type": "LineString", "coordinates": [[-0.095361, 51.5166539], [-0.0952253, 51.5166223], [-0.0951749, 51.5166037], [-0.0951574, 51.516586], [-0.09515, 51.5165609]]}, "properties": {"osm_id": 1513381552, "category": "footway", "footway": "sidewalk", "highway": "footway", "street:name": "Oat Lane"}}, {"type": "Feature", "geometry": {"type": "LineString", "coordinates": [[-0.0959623, 51.5163123], [-0.0960298, 51.5161962], [-0.0960496, 51.5161741], [-0.0960625, 51.5161678], [-0.0960792, 51.516159]]}, "properties": {"osm_id": 1513381553, "category": "footway", "footway": "sidewalk", "highway": "footway", "street:name": "Noble Street"}}, {"type": "Feature", "geometry": {"type": "LineString", "coordinates": [[-0.0950348, 51.5166634], [-0.0950256, 51.5166571], [-0.0950206, 51.5166469], [-0.0950222, 51.5166169], [-0.0950361, 51.5165678], [-0.0950453, 51.5165434], [-0.095051, 51.5165282]]}, "properties": {"osm_id": 1513381554, "category": "footway", "footway": "sidewalk", "highway": "footway", "street:name": "Oat Lane"}}, {"type": "Feature", "geometry": {"type": "LineString", "coordinates": [[-0.0956141, 51.5166897], [-0.0956186, 51.5167075]]}, "properties": {"osm_id": 1513381555, "category": "footway", "footway": "sidewalk", "highway": "footway"}}, {"type": "Feature", "geometry": {"type": "LineString", "coordinates": [[-0.0953615, 51.517187], [-0.0953415, 51.5172295], [-0.0953459, 51.5173075], [-0.0953576, 51.5173982]]}, "properties": {"osm_id": 1513381556, "category": "footway", "footway": "sidewalk", "highway": "footway", "street:name": "Noble Street"}}, {"type": "Feature", "geometry": {"type": "LineString", "coordinates": [[-0.0984879, 51.5170022], [-0.0984922, 51.5169839], [-0.0984987, 51.5169333]]}, "properties": {"osm_id": 1513381557, "category": "footway", "crossing": "unmarked", "crossing:markings": "no", "footway": "crossing", "highway": "footway"}}, {"type": "Feature", "geometry": {"type": "LineString", "coordinates": [[-0.0984987, 51.5169333], [-0.0984872, 51.5169228]]}, "properties": {"osm_id": 1513381558, "category": "footway", "footway": "sidewalk", "highway": "footway", "street:name": "King Edward Street"}}, {"type": "Feature", "geometry": {"type": "LineString", "coordinates": [[-0.0984715, 51.5170124], [-0.0984793, 51.5170076], [-0.0984879, 51.5170022]]}, "properties": {"osm_id": 1513381559, "category": "footway", "footway": "sidewalk", "highway": "footway", "street:name": "Little Britain"}}, {"type": "Feature", "geometry": {"type": "LineString", "coordinates": [[-0.0953804, 51.5160001], [-0.095341, 51.515993], [-0.0953086, 51.5159861]]}, "properties": {"osm_id": 1513381560, "category": "footway", "crossing": "unmarked", "crossing:markings": "no", "footway": "crossing", "highway": "footway"}}, {"type": "Feature", "geometry": {"type": "LineString", "coordinates": [[-0.0953086, 51.5159861], [-0.0952859, 51.5159814]]}, "properties": {"osm_id": 1513381561, "category": "footway", "footway": "sidewalk", "highway": "footway", "street:name": "Gresham Street"}}, {"type": "Feature", "geometry": {"type": "LineString", "coordinates": [[-0.0953966, 51.5160078], [-0.0953804, 51.5160001]]}, "properties": {"osm_id": 1513381562, "category": "footway", "footway": "sidewalk", "highway": "footway", "street:name": "Gresham Street"}}, {"type": "Feature", "geometry": {"type": "LineString", "coordinates": [[-0.0946701, 51.5158201], [-0.0946576, 51.5158137]]}, "properties": {"osm_id": 1513381563, "category": "footway", "footway": "sidewalk", "highway": "footway"}}, {"type": "Feature", "geometry": {"type": "LineString", "coordinates": [[-0.0944833, 51.5158328], [-0.0945159, 51.5157766]]}, "properties": {"osm_id": 1513887169, "category": "footway", "footway": "sidewalk", "highway": "footway"}}, {"type": "Feature", "geometry": {"type": "LineString", "coordinates": [[-0.0941732, 51.5156818], [-0.0945159, 51.5157766]]}, "properties": {"osm_id": 1513887170, "category": "footway", "footway": "sidewalk", "highway": "footway"}}, {"type": "Feature", "geometry": {"type": "LineString", "coordinates": [[-0.0943776, 51.515967], [-0.0944833, 51.5158328]]}, "properties": {"osm_id": 1513887171, "category": "footway", "footway": "sidewalk", "highway": "footway"}}, {"type": "Feature", "geometry": {"type": "LineString", "coordinates": [[-0.0941322, 51.516418], [-0.0943776, 51.515967]]}, "properties": {"osm_id": 1513887172, "category": "footway", "footway": "sidewalk", "highway": "footway"}}, {"type": "Feature", "geometry": {"type": "LineString", "coordinates": [[-0.0934719, 51.5155218], [-0.0937147, 51.5155843], [-0.0941732, 51.5156818]]}, "properties": {"osm_id": 1513887173, "category": "footway", "footway": "sidewalk", "highway": "footway"}}, {"type": "Feature", "geometry": {"type": "LineString", "coordinates": [[-0.0941322, 51.516418], [-0.0941049, 51.5164396], [-0.0940745, 51.5164465], [-0.0940309, 51.5164462]]}, "properties": {"osm_id": 1513887174, "category": "footway", "footway": "sidewalk", "highway": "footway"}}, {"type": "Feature", "geometry": {"type": "LineString", "coordinates": [[-0.0932231, 51.5162646], [-0.0940196, 51.5164436], [-0.0940309, 51.5164462]]}, "properties": {"osm_id": 1513887175, "category": "footway", "footway": "sidewalk", "highway": "footway"}}, {"type": "Feature", "geometry": {"type": "LineString", "coordinates": [[-0.0933984, 51.5154959], [-0.0934719, 51.5155218]]}, "properties": {"osm_id": 1513887176, "category": "footway", "footway": "sidewalk", "highway": "footway"}}, {"type": "Feature", "geometry": {"type": "LineString", "coordinates": [[-0.0933984, 51.5154959], [-0.093263, 51.5154419]]}, "properties": {"osm_id": 1513887177, "category": "footway", "footway": "sidewalk", "highway": "footway"}}, {"type": "Feature", "geometry": {"type": "LineString", "coordinates": [[-0.0931891, 51.5162377], [-0.0932162, 51.5162568], [-0.0932231, 51.5162646]]}, "properties": {"osm_id": 1513887178, "category": "footway", "footway": "sidewalk", "highway": "footway"}}, {"type": "Feature", "geometry": {"type": "LineString", "coordinates": [[-0.0931707, 51.5155756], [-0.0931736, 51.5156737], [-0.0931737, 51.5157799], [-0.0931745, 51.5158856], [-0.0931747, 51.5160886], [-0.0931891, 51.5162377]]}, "properties": {"osm_id": 1513887179, "category": "footway", "footway": "sidewalk", "highway": "footway"}}, {"type": "Feature", "geometry": {"type": "LineString", "coordinates": [[-0.0929919, 51.5157763], [-0.0929974, 51.515848], [-0.0929764, 51.5160624]]}, "properties": {"osm_id": 1513887180, "category": "footway", "footway": "sidewalk", "highway": "footway"}}, {"type": "Feature", "geometry": {"type": "LineString", "coordinates": [[-0.0929919, 51.5157763], [-0.0929864, 51.5154748]]}, "properties": {"osm_id": 1513887181, "category": "footway", "footway": "sidewalk", "highway": "footway"}}, {"type": "Feature", "geometry": {"type": "LineString", "coordinates": [[-0.0929764, 51.5160624], [-0.0929535, 51.5161514], [-0.0929463, 51.5161692], [-0.0929315, 51.5162043]]}, "properties": {"osm_id": 1513887182, "category": "footway", "footway": "sidewalk", "highway": "footway"}}, {"type": "Feature", "geometry": {"type": "LineString", "coordinates": [[-0.0929315, 51.5162043], [-0.0928376, 51.5162488]]}, "properties": {"osm_id": 1513887183, "category": "footway", "footway": "sidewalk", "highway": "footway"}}, {"type": "Feature", "geometry": {"type": "LineString", "coordinates": [[-0.0929315, 51.5162043], [-0.0930369, 51.5162259]]}, "properties": {"osm_id": 1513887184, "category": "footway", "footway": "sidewalk", "highway": "footway"}}, {"type": "Feature", "geometry": {"type": "LineString", "coordinates": [[-0.094038, 51.5167525], [-0.0940547, 51.5167435], [-0.0941439, 51.5165806]]}, "properties": {"osm_id": 1513887185, "category": "footway", "footway": "sidewalk", "highway": "footway"}}, {"type": "Feature", "geometry": {"type": "LineString", "coordinates": [[-0.094038, 51.5167525], [-0.0940133, 51.5167539], [-0.093984, 51.516737]]}, "properties": {"osm_id": 1513887186, "category": "footway", "footway": "sidewalk", "highway": "footway"}}, {"type": "Feature", "geometry": {"type": "LineString", "coordinates": [[-0.093984, 51.516737], [-0.0940078, 51.5166465]]}, "properties": {"osm_id": 1513887187, "category": "footway", "footway": "sidewalk", "highway": "footway"}}, {"type": "Feature", "geometry": {"type": "LineString", "coordinates": [[-0.0939524, 51.5165451], [-0.093893, 51.5166597]]}, "properties": {"osm_id": 1513887188, "category": "footway", "footway": "sidewalk", "highway": "footway"}}, {"type": "Feature", "geometry": {"type": "LineString", "coordinates": [[-0.0939524, 51.5165451], [-0.0939533, 51.5165328], [-0.0939494, 51.5165223], [-0.0939446, 51.5165152]]}, "properties": {"osm_id": 1513887189, "category": "footway", "footway": "sidewalk", "highway": "footway"}}, {"type": "Feature", "geometry": {"type": "LineString", "coordinates": [[-0.0938039, 51.5164864], [-0.0939446, 51.5165152]]}, "properties": {"osm_id": 1513887190, "category": "footway", "footway": "sidewalk", "highway": "footway"}}, {"type": "Feature", "geometry": {"type": "LineString", "coordinates": [[-0.093893, 51.5166597], [-0.0938417, 51.5167916]]}, "properties": {"osm_id": 1513887191, "category": "footway", "footway": "sidewalk", "highway": "footway"}}, {"type": "Feature", "geometry": {"type": "LineString", "coordinates": [[-0.0938417, 51.5167916], [-0.0938244, 51.5168493], [-0.0938103, 51.5168857], [-0.0938039, 51.5169008]]}, "properties": {"osm_id": 1513887192, "category": "footway", "footway": "sidewalk", "highway": "footway"}}, {"type": "Feature", "geometry": {"type": "LineString", "coordinates": [[-0.0938039, 51.5164864], [-0.0936602, 51.5164539], [-0.0935633, 51.516432], [-0.0933076, 51.5163792], [-0.0929762, 51.5163106]]}, "properties": {"osm_id": 1513887193, "category": "footway", "footway": "sidewalk", "highway": "footway"}}, {"type": "Feature", "geometry": {"type": "LineString", "coordinates": [[-0.0929762, 51.5163106], [-0.092963, 51.5163181], [-0.0929415, 51.5163302], [-0.092922, 51.5163501], [-0.0928288, 51.5164447], [-0.0927695, 51.5165104], [-0.0926936, 51.5165946], [-0.0926519, 51.5166013], [-0.0924709, 51.5168323], [-0.0924717, 51.5168417]]}, "properties": {"osm_id": 1513887194, "category": "footway", "footway": "sidewalk", "highway": "footway"}}, {"type": "Feature", "geometry": {"type": "LineString", "coordinates": [[-0.0937949, 51.5170121], [-0.0938029, 51.5169991], [-0.0938232, 51.516945]]}, "properties": {"osm_id": 1513887195, "category": "footway", "footway": "sidewalk", "highway": "footway"}}, {"type": "Feature", "geometry": {"type": "LineString", "coordinates": [[-0.0937949, 51.5170121], [-0.0937884, 51.5170259], [-0.093725, 51.5170921]]}, "properties": {"osm_id": 1513887196, "category": "footway", "footway": "sidewalk", "highway": "footway"}}, {"type": "Feature", "geometry": {"type": "LineString", "coordinates": [[-0.0910816, 51.5159133], [-0.0914768, 51.516426]]}, "properties": {"osm_id": 1513887197, "category": "footway", "footway": "sidewalk", "highway": "footway"}}, {"type": "Feature", "geometry": {"type": "LineString", "coordinates": [[-0.0910816, 51.5159133], [-0.0910168, 51.5157758]]}, "properties": {"osm_id": 1513887198, "category": "footway", "footway": "sidewalk", "highway": "footway"}}, {"type": "Feature", "geometry": {"type": "LineString", "coordinates": [[-0.0924704, 51.5166146], [-0.09243, 51.5167114], [-0.0924011, 51.5167582], [-0.0923497, 51.5168117], [-0.0922889, 51.5168614]]}, "properties": {"osm_id": 1513887199, "category": "footway", "footway": "sidewalk", "highway": "footway"}}, {"type": "Feature", "geometry": {"type": "LineString", "coordinates": [[-0.0922675, 51.5168768], [-0.0922889, 51.5168614]]}, "properties": {"osm_id": 1513887200, "category": "footway", "footway": "sidewalk", "highway": "footway"}}, {"type": "Feature", "geometry": {"type": "LineString", "coordinates": [[-0.0922675, 51.5168768], [-0.0922307, 51.5168967], [-0.0921992, 51.5169101], [-0.0921649, 51.5169124]]}, "properties": {"osm_id": 1513887201, "category": "footway", "footway": "sidewalk", "highway": "footway"}}, {"type": "Feature", "geometry": {"type": "LineString", "coordinates": [[-0.0915014, 51.5167861], [-0.091837, 51.5168474], [-0.0921649, 51.5169124]]}, "properties": {"osm_id": 1513887202, "category": "footway", "footway": "sidewalk", "highway": "footway"}}, {"type": "Feature", "geometry": {"type": "LineString", "coordinates": [[-0.0915155, 51.5165966], [-0.0914893, 51.51676], [-0.0915014, 51.5167861]]}, "properties": {"osm_id": 1513887203, "category": "footway", "footway": "sidewalk", "highway": "footway"}}, {"type": "Feature", "geometry": {"type": "LineString", "coordinates": [[-0.0924298, 51.5169819], [-0.0923952, 51.5170505], [-0.0924449, 51.5170646], [-0.0924698, 51.5170733], [-0.0924852, 51.517079]]}, "properties": {"osm_id": 1513887205, "category": "footway", "footway": "sidewalk", "highway": "footway"}}, {"type": "Feature", "geometry": {"type": "LineString", "coordinates": [[-0.0923952, 51.5170505], [-0.0923045, 51.5170307], [-0.0920946, 51.5169793]]}, "properties": {"osm_id": 1513887206, "category": "footway", "footway": "sidewalk", "highway": "footway"}}, {"type": "Feature", "geometry": {"type": "LineString", "coordinates": [[-0.0931965, 51.5162577], [-0.0931041, 51.5162376], [-0.0930748, 51.5162313], [-0.0930369, 51.5162259]]}, "properties": {"osm_id": 1513887207, "category": "footway", "crossing": "unmarked", "crossing:markings": "no", "footway": "crossing", "highway": "footway"}}, {"type": "Feature", "geometry": {"type": "LineString", "coordinates": [[-0.0940138, 51.5164536], [-0.0940075, 51.5164729], [-0.0939767, 51.5165127]]}, "properties": {"osm_id": 1513887208, "category": "footway", "crossing": "unmarked", "crossing:markings": "no", "footway": "crossing", "highway": "footway"}}, {"type": "Feature", "geometry": {"type": "LineString", "coordinates": [[-0.09454, 51.5157791], [-0.0945159, 51.5157766]]}, "properties": {"osm_id": 1513887209, "category": "footway", "footway": "sidewalk", "highway": "footway"}}, {"type": "Feature", "geometry": {"type": "LineString", "coordinates": [[-0.093263, 51.5154419], [-0.0931907, 51.5154528], [-0.0931711, 51.5154841], [-0.0931707, 51.5155756]]}, "properties": {"osm_id": 1513887210, "category": "footway", "footway": "sidewalk", "highway": "footway"}}, {"type": "Feature", "geometry": {"type": "LineString", "coordinates": [[-0.0931953, 51.515418], [-0.0931114, 51.5153903]]}, "properties": {"osm_id": 1513887211, "category": "footway", "crossing": "unmarked", "crossing:markings": "no", "footway": "crossing", "highway": "footway"}}, {"type": "Feature", "geometry": {"type": "LineString", "coordinates": [[-0.093263, 51.5154419], [-0.0931953, 51.515418]]}, "properties": {"osm_id": 1513887212, "category": "footway", "footway": "sidewalk", "highway": "footway"}}, {"type": "Feature", "geometry": {"type": "LineString", "coordinates": [[-0.0929864, 51.5154748], [-0.0929853, 51.5154324], [-0.0929995, 51.5153974], [-0.093067, 51.5153717]]}, "properties": {"osm_id": 1513887213, "category": "footway", "footway": "sidewalk", "highway": "footway"}}, {"type": "Feature", "geometry": {"type": "LineString", "coordinates": [[-0.0940078, 51.5166465], [-0.0940318, 51.5165795], [-0.0940548, 51.5165499], [-0.0940898, 51.5165458], [-0.0941408, 51.516555], [-0.0941439, 51.5165806]]}, "properties": {"osm_id": 1513887216, "category": "footway", "footway": "sidewalk", "highway": "footway"}}, {"type": "Feature", "geometry": {"type": "LineString", "coordinates": [[-0.0914768, 51.516426], [-0.0915083, 51.5165463], [-0.0915121, 51.5165812], [-0.0915155, 51.5165966]]}, "properties": {"osm_id": 1513887217, "category": "footway", "footway": "sidewalk", "highway": "footway"}}, {"type": "Feature", "geometry": {"type": "LineString", "coordinates": [[-0.0945705, 51.5157863], [-0.09454, 51.5157791]]}, "properties": {"osm_id": 1513887218, "category": "footway", "crossing": "unmarked", "crossing:markings": "no", "footway": "crossing", "highway": "footway"}}, {"type": "Feature", "geometry": {"type": "LineString", "coordinates": [[-0.0932162, 51.5162568], [-0.0931965, 51.5162577]]}, "properties": {"osm_id": 1513887219, "category": "footway", "footway": "sidewalk", "highway": "footway"}}, {"type": "Feature", "geometry": {"type": "LineString", "coordinates": [[-0.0910603, 51.5154129], [-0.0910852, 51.5154133], [-0.091119, 51.5154124], [-0.0911276, 51.5154123], [-0.0912251, 51.5154098], [-0.0913462, 51.5154157]]}, "properties": {"osm_id": 1513887220, "category": "footway", "footway": "sidewalk", "highway": "footway"}}, {"type": "Feature", "geometry": {"type": "LineString", "coordinates": [[-0.0912864, 51.5169463], [-0.0914394, 51.5169062], [-0.0914806, 51.5168683], [-0.0916059, 51.516884], [-0.0919857, 51.5169507], [-0.0920946, 51.5169793]]}, "properties": {"osm_id": 1513887221, "category": "footway", "footway": "sidewalk", "highway": "footway"}}, {"type": "Feature", "geometry": {"type": "LineString", "coordinates": [[-0.0989911, 51.5193772], [-0.0988134, 51.5194322], [-0.0986175, 51.5194964], [-0.0985491, 51.5195188], [-0.0980462, 51.5196975]]}, "properties": {"osm_id": 1513897679, "category": "footway", "footway": "sidewalk", "highway": "footway", "street:name": "Middle Street"}}, {"type": "Feature", "geometry": {"type": "LineString", "coordinates": [[-0.0994553, 51.5182247], [-0.099232, 51.5183341], [-0.0991815, 51.5183566], [-0.0991608, 51.5183671], [-0.0991396, 51.5183718], [-0.0991132, 51.5183709], [-0.0990746, 51.5183718], [-0.0990422, 51.5183664], [-0.098927, 51.5182897], [-0.0988968, 51.5182696], [-0.0988647, 51.518252], [-0.0988458, 51.5182395], [-0.0988284, 51.5182241], [-0.0988131, 51.5182167], [-0.0987931, 51.51822], [-0.0987623, 51.518238], [-0.0985366, 51.5183635], [-0.0981885, 51.5185836], [-0.0981674, 51.5186051], [-0.0981619, 51.5186285], [-0.0981538, 51.5186645], [-0.0981448, 51.5187267], [-0.0981448, 51.5187776], [-0.0982329, 51.5188349], [-0.0983718, 51.5189253], [-0.098467, 51.5189844], [-0.0984917, 51.5189994]]}, "properties": {"osm_id": 1513897683, "category": "footway", "footway": "sidewalk", "highway": "footway", "street:name": "Bartholomew Close"}}, {"type": "Feature", "geometry": {"type": "LineString", "coordinates": [[-0.0984917, 51.5189994], [-0.0985042, 51.519002], [-0.0985165, 51.5190002], [-0.0985334, 51.5189881], [-0.0987897, 51.5188261], [-0.0988614, 51.5188116]]}, "properties": {"osm_id": 1513897684, "category": "footway", "footway": "sidewalk", "highway": "footway", "street:name": "Bartholomew Close"}}, {"type": "Feature", "geometry": {"type": "LineString", "coordinates": [[-0.0985334, 51.5190759], [-0.0985604, 51.5190604], [-0.0985762, 51.5190507], [-0.098591, 51.5190415], [-0.0985967, 51.5190318], [-0.0986507, 51.5190002], [-0.098656, 51.5189966], [-0.0986738, 51.51899], [-0.0986901, 51.518988], [-0.0987629, 51.5190159], [-0.0988133, 51.5190271], [-0.0988831, 51.519023], [-0.0989226, 51.5190074], [-0.0989936, 51.518971], [-0.099008, 51.5189583], [-0.0990193, 51.5189453], [-0.0990181, 51.5189312], [-0.0990038, 51.5189145], [-0.0989715, 51.5188974], [-0.098862, 51.5188256]]}, "properties": {"osm_id": 1513897686, "category": "footway", "footway": "sidewalk", "highway": "footway", "street:name": "Bartholomew Close"}}, {"type": "Feature", "geometry": {"type": "LineString", "coordinates": [[-0.0988794, 51.5181592], [-0.0989495, 51.5182006], [-0.0990721, 51.5182781], [-0.0991233, 51.5183006], [-0.0991444, 51.518305], [-0.0991705, 51.5183025], [-0.0992057, 51.5182863], [-0.0994033, 51.5181839]]}, "properties": {"osm_id": 1513897687, "category": "footway", "footway": "sidewalk", "highway": "footway", "street:name": "Bartholomew Close"}}, {"type": "Feature", "geometry": {"type": "LineString", "coordinates": [[-0.0978755, 51.5194757], [-0.0978948, 51.519475], [-0.0985312, 51.5192343]]}, "properties": {"osm_id": 1513900517, "category": "footway", "footway": "sidewalk", "highway": "footway", "street:name": "Newbury Street"}}, {"type": "Feature", "geometry": {"type": "LineString", "coordinates": [[-0.0978755, 51.5194757], [-0.0978535, 51.5194593], [-0.0978259, 51.5194198]]}, "properties": {"osm_id": 1513900518, "category": "footway", "footway": "sidewalk", "highway": "footway", "street:name": "Cloth Street"}}, {"type": "Feature", "geometry": {"type": "LineString", "coordinates": [[-0.0980158, 51.5196495], [-0.0980378, 51.519653]]}, "properties": {"osm_id": 1513900519, "category": "footway", "footway": "sidewalk", "highway": "footway", "street:name": "Middle Street"}}, {"type": "Feature", "geometry": {"type": "LineString", "coordinates": [[-0.0980158, 51.5196495], [-0.0980033, 51.5196411], [-0.097913, 51.5195345]]}, "properties": {"osm_id": 1513900520, "category": "footway", "footway": "sidewalk", "highway": "footway", "street:name": "Cloth Street"}}, {"type": "Feature", "geometry": {"type": "LineString", "coordinates": [[-0.097913, 51.5195345], [-0.0979089, 51.5195187]]}, "properties": {"osm_id": 1513900521, "category": "footway", "footway": "sidewalk", "highway": "footway", "street:name": "Cloth Street"}}, {"type": "Feature", "geometry": {"type": "LineString", "coordinates": [[-0.0979089, 51.5195187], [-0.0979118, 51.5195129], [-0.0979183, 51.5195089], [-0.097929, 51.5195043], [-0.0981972, 51.5194008], [-0.0985538, 51.5192623], [-0.098679, 51.5192138], [-0.0986932, 51.5192097], [-0.0987077, 51.5192071], [-0.0987225, 51.5192065], [-0.0987297, 51.5192065]]}, "properties": {"osm_id": 1513900522, "category": "footway", "footway": "sidewalk", "highway": "footway", "street:name": "Newbury Street"}}, {"type": "Feature", "geometry": {"type": "LineString", "coordinates": [[-0.0989574, 51.5193151], [-0.0989699, 51.5193152], [-0.0990048, 51.519307], [-0.0990812, 51.519275], [-0.0991735, 51.5192363], [-0.0993889, 51.5191425], [-0.0995384, 51.5190792], [-0.0997232, 51.5190068], [-0.0997491, 51.5190052], [-0.0997715, 51.519], [-0.0997934, 51.5189907], [-0.0998095, 51.5189787], [-0.0998194, 51.5189655], [-0.0998207, 51.5189499], [-0.0998351, 51.5189313], [-0.0999016, 51.5188916], [-0.0999196, 51.5188831], [-0.100075, 51.5188106], [-0.1002347, 51.5187238], [-0.1003443, 51.5186604], [-0.1003844, 51.5186338], [-0.1003958, 51.5186253], [-0.1004047, 51.5186156]]}, "properties": {"osm_id": 1513900523, "category": "footway", "footway": "sidewalk", "highway": "footway", "street:name": "Cloth Fair"}}, {"type": "Feature", "geometry": {"type": "LineString", "coordinates": [[-0.0985378, 51.5182686], [-0.0984963, 51.5182875], [-0.0984691, 51.5182999], [-0.0983017, 51.5183936], [-0.0982882, 51.5184217], [-0.0982651, 51.5184451], [-0.098176, 51.5185], [-0.0980878, 51.5185687], [-0.0980736, 51.5185964], [-0.0980705, 51.5186329], [-0.0980515, 51.5187043], [-0.0980484, 51.518724], [-0.0980776, 51.5187932], [-0.0981127, 51.5188263], [-0.0981834, 51.5188708], [-0.0982239, 51.5188962], [-0.0983713, 51.518971], [-0.0983875, 51.5189745], [-0.0984404, 51.5190127], [-0.0985053, 51.5190596], [-0.0985334, 51.5190759]]}, "properties": {"osm_id": 1513900524, "category": "footway", "footway": "sidewalk", "highway": "footway", "street:name": "Bartholomew Close"}}, {"type": "Feature", "geometry": {"type": "LineString", "coordinates": [[-0.0978936, 51.5195158], [-0.0978817, 51.519499], [-0.0978696, 51.5194819]]}, "properties": {"osm_id": 1513900525, "category": "footway", "crossing": "unmarked", "crossing:markings": "no", "footway": "crossing", "highway": "footway"}}, {"type": "Feature", "geometry": {"type": "LineString", "coordinates": [[-0.0978696, 51.5194819], [-0.0978755, 51.5194757]]}, "properties": {"osm_id": 1513900526, "category": "footway", "footway": "sidewalk", "highway": "footway", "street:name": "Cloth Street"}}, {"type": "Feature", "geometry": {"type": "LineString", "coordinates": [[-0.0979089, 51.5195187], [-0.0978936, 51.5195158]]}, "properties": {"osm_id": 1513900527, "category": "footway", "footway": "sidewalk", "highway": "footway", "street:name": "Cloth Street"}}, {"type": "Feature", "geometry": {"type": "LineString", "coordinates": [[-0.0980041, 51.5196611], [-0.0980189, 51.5196779], [-0.0980462, 51.5196975]]}, "properties": {"osm_id": 1513900528, "category": "footway", "crossing": "unmarked", "crossing:markings": "no", "footway": "crossing", "highway": "footway"}}, {"type": "Feature", "geometry": {"type": "LineString", "coordinates": [[-0.0980158, 51.5196495], [-0.0980041, 51.5196611]]}, "properties": {"osm_id": 1513900529, "category": "footway", "footway": "sidewalk", "highway": "footway", "street:name": "Cloth Street"}}, {"type": "Feature", "geometry": {"type": "LineString", "coordinates": [[-0.0988956, 51.5193425], [-0.0989207, 51.5193357], [-0.0989574, 51.5193151]]}, "properties": {"osm_id": 1513900530, "category": "footway", "crossing": "unmarked", "crossing:markings": "no", "footway": "crossing", "highway": "footway"}}, {"type": "Feature", "geometry": {"type": "LineString", "coordinates": [[-0.0988874, 51.5193413], [-0.0988956, 51.5193425]]}, "properties": {"osm_id": 1513900531, "category": "footway", "footway": "sidewalk", "highway": "footway", "street:name": "Kinghorn Street"}}, {"type": "Feature", "geometry": {"type": "LineString", "coordinates": [[-0.0980147, 51.5198489], [-0.098023, 51.5198349], [-0.0980239, 51.5198218], [-0.0979838, 51.519758], [-0.0978349, 51.5195874], [-0.0978055, 51.5195516], [-0.0977867, 51.5195076], [-0.0977437, 51.5194183]]}, "properties": {"osm_id": 1513900532, "category": "footway", "footway": "sidewalk", "highway": "footway", "street:name": "Cloth Street"}}, {"type": "Feature", "geometry": {"type": "LineString", "coordinates": [[-0.0925814, 51.5209237], [-0.0926715, 51.5209169], [-0.0929371, 51.520862]]}, "properties": {"osm_id": 1514088713, "category": "footway", "footway": "sidewalk", "highway": "footway"}}, {"type": "Feature", "geometry": {"type": "LineString", "coordinates": [[-0.0927029, 51.5202165], [-0.0926771, 51.5201697], [-0.0926421, 51.5201352]]}, "properties": {"osm_id": 1514088714, "category": "footway", "footway": "sidewalk", "highway": "footway"}}, {"type": "Feature", "geometry": {"type": "LineString", "coordinates": [[-0.0926421, 51.5201352], [-0.0925979, 51.5201006], [-0.0925134, 51.5200532]]}, "properties": {"osm_id": 1514088715, "category": "footway", "footway": "sidewalk", "highway": "footway"}}, {"type": "Feature", "geometry": {"type": "LineString", "coordinates": [[-0.0924544, 51.5200262], [-0.0925134, 51.5200532]]}, "properties": {"osm_id": 1514088716, "category": "footway", "footway": "sidewalk", "highway": "footway"}}, {"type": "Feature", "geometry": {"type": "LineString", "coordinates": [[-0.0924544, 51.5200262], [-0.0922973, 51.5199819]]}, "properties": {"osm_id": 1514088717, "category": "footway", "footway": "sidewalk", "highway": "footway"}}, {"type": "Feature", "geometry": {"type": "LineString", "coordinates": [[-0.0922973, 51.5199819], [-0.0922406, 51.5199667], [-0.0919942, 51.5199153]]}, "properties": {"osm_id": 1514088718, "category": "footway", "footway": "sidewalk", "highway": "footway"}}, {"type": "Feature", "geometry": {"type": "LineString", "coordinates": [[-0.0919942, 51.5199153], [-0.0919111, 51.5198955], [-0.0918176, 51.51987]]}, "properties": {"osm_id": 1514088719, "category": "footway", "footway": "sidewalk", "highway": "footway"}}, {"type": "Feature", "geometry": {"type": "LineString", "coordinates": [[-0.0918176, 51.51987], [-0.09176, 51.5198535]]}, "properties": {"osm_id": 1514088720, "category": "footway", "footway": "sidewalk", "highway": "footway"}}, {"type": "Feature", "geometry": {"type": "LineString", "coordinates": [[-0.0907647, 51.5187257], [-0.0906872, 51.5187]]}, "properties": {"osm_id": 1514088721, "category": "footway", "footway": "sidewalk", "highway": "footway"}}, {"type": "Feature", "geometry": {"type": "LineString", "coordinates": [[-0.0907647, 51.5187257], [-0.0906382, 51.5189456], [-0.0906239, 51.5189679]]}, "properties": {"osm_id": 1514088722, "category": "footway", "footway": "sidewalk", "highway": "footway"}}, {"type": "Feature", "geometry": {"type": "LineString", "coordinates": [[-0.0905589, 51.5190679], [-0.0906239, 51.5189679]]}, "properties": {"osm_id": 1514088723, "category": "footway", "footway": "sidewalk", "highway": "footway"}}, {"type": "Feature", "geometry": {"type": "LineString", "coordinates": [[-0.0905589, 51.5190679], [-0.0905452, 51.5190898], [-0.0905002, 51.5191612]]}, "properties": {"osm_id": 1514088724, "category": "footway", "footway": "sidewalk", "highway": "footway"}}, {"type": "Feature", "geometry": {"type": "LineString", "coordinates": [[-0.0904572, 51.5192246], [-0.0904786, 51.5191947], [-0.0905002, 51.5191612]]}, "properties": {"osm_id": 1514088725, "category": "footway", "footway": "sidewalk", "highway": "footway"}}, {"type": "Feature", "geometry": {"type": "LineString", "coordinates": [[-0.0904572, 51.5192246], [-0.0904258, 51.5192722]]}, "properties": {"osm_id": 1514088726, "category": "footway", "footway": "sidewalk", "highway": "footway"}}, {"type": "Feature", "geometry": {"type": "LineString", "coordinates": [[-0.0904258, 51.5192722], [-0.0904038, 51.5193059]]}, "properties": {"osm_id": 1514088727, "category": "footway", "footway": "sidewalk", "highway": "footway"}}, {"type": "Feature", "geometry": {"type": "LineString", "coordinates": [[-0.0904038, 51.5193059], [-0.0902775, 51.5194025]]}, "properties": {"osm_id": 1514088728, "category": "footway", "footway": "sidewalk", "highway": "footway"}}, {"type": "Feature", "geometry": {"type": "LineString", "coordinates": [[-0.0917091, 51.519842], [-0.09176, 51.5198535]]}, "properties": {"osm_id": 1514088729, "category": "footway", "footway": "sidewalk", "highway": "footway"}}, {"type": "Feature", "geometry": {"type": "LineString", "coordinates": [[-0.0917091, 51.519842], [-0.0914091, 51.5197728]]}, "properties": {"osm_id": 1514088730, "category": "footway", "footway": "sidewalk", "highway": "footway"}}, {"type": "Feature", "geometry": {"type": "LineString", "coordinates": [[-0.0914091, 51.5197728], [-0.0912768, 51.5197408], [-0.0912076, 51.5197231]]}, "properties": {"osm_id": 1514088731, "category": "footway", "footway": "sidewalk", "highway": "footway"}}, {"type": "Feature", "geometry": {"type": "LineString", "coordinates": [[-0.0912076, 51.5197231], [-0.0911635, 51.5197122]]}, "properties": {"osm_id": 1514088732, "category": "footway", "footway": "sidewalk", "highway": "footway"}}, {"type": "Feature", "geometry": {"type": "LineString", "coordinates": [[-0.0911635, 51.5197122], [-0.0911065, 51.5196989]]}, "properties": {"osm_id": 1514088733, "category": "footway", "footway": "sidewalk", "highway": "footway"}}, {"type": "Feature", "geometry": {"type": "LineString", "coordinates": [[-0.0903213, 51.5194883], [-0.0903886, 51.5195205], [-0.0910518, 51.5196862], [-0.0911065, 51.5196989]]}, "properties": {"osm_id": 1514088734, "category": "footway", "footway": "sidewalk", "highway": "footway"}}, {"type": "Feature", "geometry": {"type": "LineString", "coordinates": [[-0.0912669, 51.5197573], [-0.0912501, 51.5197871], [-0.0912334, 51.519816]]}, "properties": {"osm_id": 1514088735, "category": "footway", "crossing": "uncontrolled", "crossing:markings": "zebra", "footway": "crossing", "highway": "footway"}}, {"type": "Feature", "geometry": {"type": "LineString", "coordinates": [[-0.0924365, 51.5208949], [-0.0923809, 51.5209038], [-0.0923259, 51.5209146]]}, "properties": {"osm_id": 1514088736, "category": "footway", "crossing": "uncontrolled", "crossing:markings": "yes", "footway": "crossing", "highway": "footway"}}, {"type": "Feature", "geometry": {"type": "LineString", "coordinates": [[-0.0912768, 51.5197408], [-0.0912669, 51.5197573]]}, "properties": {"osm_id": 1514088737, "category": "footway", "footway": "crossing", "highway": "footway"}}, {"type": "Feature", "geometry": {"type": "LineString", "coordinates": [[-0.0912334, 51.519816], [-0.0912254, 51.5198261]]}, "properties": {"osm_id": 1514088738, "category": "footway", "footway": "crossing", "highway": "footway"}}, {"type": "Feature", "geometry": {"type": "LineString", "coordinates": [[-0.0925111, 51.5208815], [-0.0924365, 51.5208949]]}, "properties": {"osm_id": 1514088739, "category": "footway", "footway": "crossing", "highway": "footway"}}, {"type": "Feature", "geometry": {"type": "LineString", "coordinates": [[-0.0923259, 51.5209146], [-0.0923096, 51.5209171]]}, "properties": {"osm_id": 1514088740, "category": "footway", "footway": "crossing", "highway": "footway"}}, {"type": "Feature", "geometry": {"type": "LineString", "coordinates": [[-0.0972162, 51.521628], [-0.0971616, 51.5216245], [-0.0970997, 51.5216251], [-0.0970303, 51.5216286], [-0.0970148, 51.5216293], [-0.0967174, 51.5216425], [-0.0963283, 51.5216712]]}, "properties": {"osm_id": 1514148230, "category": "footway", "footway": "sidewalk", "highway": "footway", "street:name": "Fann Street"}}, {"type": "Feature", "geometry": {"type": "LineString", "coordinates": [[-0.0963283, 51.5216712], [-0.0962045, 51.521665]]}, "properties": {"osm_id": 1514148262, "category": "footway", "footway": "sidewalk", "highway": "footway", "street:name": "Fann Street"}}, {"type": "Feature", "geometry": {"type": "LineString", "coordinates": [[-0.0962045, 51.521665], [-0.096163, 51.5216629]]}, "properties": {"osm_id": 1514148263, "category": "footway", "crossing": "unmarked", "crossing:markings": "no", "footway": "crossing", "highway": "footway", "street:name": "Fann Street"}}, {"type": "Feature", "geometry": {"type": "LineString", "coordinates": [[-0.0974791, 51.5214566], [-0.0975087, 51.5214556], [-0.0975951, 51.5214555], [-0.097684, 51.5214555], [-0.097839, 51.5214593], [-0.0978502, 51.5214635], [-0.0978543, 51.5214691], [-0.0978586, 51.5214785], [-0.0978625, 51.5214873], [-0.0978637, 51.5215087], [-0.0978651, 51.5217105], [-0.0978656, 51.5217289], [-0.0978624, 51.521852], [-0.0978673, 51.5219817], [-0.0978902, 51.5220995], [-0.0978896, 51.5221044], [-0.0978814, 51.5221061], [-0.097853, 51.5221079], [-0.0977931, 51.5221121], [-0.0977507, 51.522115]]}, "properties": {"osm_id": 1514148267, "category": "footway", "footway": "sidewalk", "highway": "footway", "street:name": "Glasshouse Yard"}}, {"type": "Feature", "geometry": {"type": "LineString", "coordinates": [[-0.0988966, 51.521451], [-0.0988944, 51.5212182], [-0.0988942, 51.5212007]]}, "properties": {"osm_id": 1514158897, "category": "footway", "footway": "sidewalk", "highway": "footway", "street:name": "Rutland Place"}}, {"type": "Feature", "geometry": {"type": "LineString", "coordinates": [[-0.098777, 51.5209642], [-0.0987149, 51.5208544]]}, "properties": {"osm_id": 1514158898, "category": "footway", "footway": "sidewalk", "highway": "footway", "street:name": "Charterhouse Square"}}, {"type": "Feature", "geometry": {"type": "LineString", "coordinates": [[-0.0987149, 51.5208544], [-0.0985544, 51.5205937]]}, "properties": {"osm_id": 1514158899, "category": "footway", "footway": "sidewalk", "highway": "footway", "street:name": "Charterhouse Square"}}, {"type": "Feature", "geometry": {"type": "LineString", "coordinates": [[-0.097492, 51.5214011], [-0.0979127, 51.5214113]]}, "properties": {"osm_id": 1514158902, "category": "footway", "footway": "sidewalk", "highway": "footway", "street:name": "Glasshouse Yard"}}, {"type": "Feature", "geometry": {"type": "LineString", "coordinates": [[-0.0979127, 51.5214113], [-0.0982066, 51.5214037], [-0.098206, 51.5214225]]}, "properties": {"osm_id": 1514158940, "category": "footway", "footway": "sidewalk", "highway": "footway", "street:name": "Glasshouse Yard"}}, {"type": "Feature", "geometry": {"type": "LineString", "coordinates": [[-0.0925052, 51.5202292], [-0.0925193, 51.5202736], [-0.0924947, 51.5203255], [-0.0923898, 51.5205408]]}, "properties": {"osm_id": 1514168934, "category": "footway", "footway": "sidewalk", "highway": "footway"}}, {"type": "Feature", "geometry": {"type": "LineString", "coordinates": [[-0.0925052, 51.5202292], [-0.0924734, 51.5201782], [-0.0924628, 51.520167], [-0.0924083, 51.5201058]]}, "properties": {"osm_id": 1514168935, "category": "footway", "footway": "sidewalk", "highway": "footway"}}, {"type": "Feature", "geometry": {"type": "LineString", "coordinates": [[-0.0924083, 51.5201058], [-0.0923682, 51.5200936]]}, "properties": {"osm_id": 1514168936, "category": "footway", "footway": "sidewalk", "highway": "footway"}}, {"type": "Feature", "geometry": {"type": "LineString", "coordinates": [[-0.0923388, 51.5207068], [-0.0923898, 51.5205408]]}, "properties": {"osm_id": 1514168937, "category": "footway", "footway": "sidewalk", "highway": "footway"}}, {"type": "Feature", "geometry": {"type": "LineString", "coordinates": [[-0.0919978, 51.5200095], [-0.0923682, 51.5200936]]}, "properties": {"osm_id": 1514168938, "category": "footway", "footway": "sidewalk", "highway": "footway"}}, {"type": "Feature", "geometry": {"type": "LineString", "coordinates": [[-0.0923388, 51.5207068], [-0.0923096, 51.5209171], [-0.0923088, 51.5209228], [-0.092306, 51.5209428]]}, "properties": {"osm_id": 1514168939, "category": "footway", "footway": "sidewalk", "highway": "footway"}}, {"type": "Feature", "geometry": {"type": "LineString", "coordinates": [[-0.092273, 51.5209763], [-0.0922874, 51.5209669], [-0.092306, 51.5209428]]}, "properties": {"osm_id": 1514168940, "category": "footway", "footway": "sidewalk", "highway": "footway"}}, {"type": "Feature", "geometry": {"type": "LineString", "coordinates": [[-0.092273, 51.5209763], [-0.0922314, 51.5209804], [-0.0915721, 51.5209264], [-0.0906433, 51.5208219]]}, "properties": {"osm_id": 1514168941, "category": "footway", "footway": "sidewalk", "highway": "footway"}}, {"type": "Feature", "geometry": {"type": "LineString", "coordinates": [[-0.0919978, 51.5200095], [-0.0914372, 51.5198835]]}, "properties": {"osm_id": 1514168942, "category": "footway", "footway": "sidewalk", "highway": "footway"}}, {"type": "Feature", "geometry": {"type": "LineString", "coordinates": [[-0.0913062, 51.5198486], [-0.0914372, 51.5198835]]}, "properties": {"osm_id": 1514168943, "category": "footway", "footway": "sidewalk", "highway": "footway"}}, {"type": "Feature", "geometry": {"type": "LineString", "coordinates": [[-0.0912589, 51.5198337], [-0.0913062, 51.5198486]]}, "properties": {"osm_id": 1514168944, "category": "footway", "footway": "sidewalk", "highway": "footway"}}, {"type": "Feature", "geometry": {"type": "LineString", "coordinates": [[-0.0912589, 51.5198337], [-0.0912425, 51.5198308], [-0.0912254, 51.5198261], [-0.0911588, 51.5198119], [-0.0911239, 51.5198119], [-0.091103, 51.5198248]]}, "properties": {"osm_id": 1514168945, "category": "footway", "footway": "sidewalk", "highway": "footway"}}, {"type": "Feature", "geometry": {"type": "LineString", "coordinates": [[-0.091103, 51.5198248], [-0.0909458, 51.5200957], [-0.0906656, 51.5206899]]}, "properties": {"osm_id": 1514168946, "category": "footway", "footway": "sidewalk", "highway": "footway"}}, {"type": "Feature", "geometry": {"type": "LineString", "coordinates": [[-0.0909373, 51.5199018], [-0.0909918, 51.5198019]]}, "properties": {"osm_id": 1514168947, "category": "footway", "footway": "sidewalk", "highway": "footway"}}, {"type": "Feature", "geometry": {"type": "LineString", "coordinates": [[-0.0902633, 51.5195796], [-0.0910097, 51.5197564]]}, "properties": {"osm_id": 1514168948, "category": "footway", "footway": "sidewalk", "highway": "footway"}}, {"type": "Feature", "geometry": {"type": "LineString", "coordinates": [[-0.0909373, 51.5199018], [-0.0908268, 51.520104]]}, "properties": {"osm_id": 1514168949, "category": "footway", "footway": "sidewalk", "highway": "footway"}}, {"type": "Feature", "geometry": {"type": "LineString", "coordinates": [[-0.0908268, 51.520104], [-0.0908064, 51.5201281], [-0.0907917, 51.5201426]]}, "properties": {"osm_id": 1514168950, "category": "footway", "footway": "sidewalk", "highway": "footway"}}, {"type": "Feature", "geometry": {"type": "LineString", "coordinates": [[-0.0906656, 51.5206899], [-0.0906358, 51.5207808], [-0.0906251, 51.5208134], [-0.0906433, 51.5208219]]}, "properties": {"osm_id": 1514168951, "category": "footway", "footway": "sidewalk", "highway": "footway"}}, {"type": "Feature", "geometry": {"type": "LineString", "coordinates": [[-0.091103, 51.5198248], [-0.0910888, 51.5198228]]}, "properties": {"osm_id": 1514168952, "category": "footway", "footway": "sidewalk", "highway": "footway"}}, {"type": "Feature", "geometry": {"type": "LineString", "coordinates": [[-0.0909918, 51.5198019], [-0.0910097, 51.5197564]]}, "properties": {"osm_id": 1514168953, "category": "footway", "footway": "sidewalk", "highway": "footway"}}, {"type": "Feature", "geometry": {"type": "LineString", "coordinates": [[-0.0902017, 51.5196074], [-0.0900539, 51.5198368], [-0.0899941, 51.5199296], [-0.0900255, 51.5199419], [-0.0900685, 51.5199537], [-0.0900729, 51.5199638], [-0.0900625, 51.5199832]]}, "properties": {"osm_id": 1514168954, "category": "footway", "footway": "sidewalk", "highway": "footway"}}, {"type": "Feature", "geometry": {"type": "LineString", "coordinates": [[-0.0907377, 51.520202], [-0.0907348, 51.5202059], [-0.090732, 51.5202138], [-0.0905283, 51.5207087], [-0.0904811, 51.5207653], [-0.0904705, 51.520778]]}, "properties": {"osm_id": 1514168955, "category": "footway", "footway": "sidewalk", "highway": "footway"}}, {"type": "Feature", "geometry": {"type": "LineString", "coordinates": [[-0.0901933, 51.5200985], [-0.0907377, 51.520202]]}, "properties": {"osm_id": 1514168956, "category": "footway", "footway": "sidewalk", "highway": "footway"}}, {"type": "Feature", "geometry": {"type": "LineString", "coordinates": [[-0.0904705, 51.520778], [-0.0904459, 51.5207806]]}, "properties": {"osm_id": 1514168957, "category": "footway", "footway": "sidewalk", "highway": "footway"}}, {"type": "Feature", "geometry": {"type": "LineString", "coordinates": [[-0.0904459, 51.5207806], [-0.0901802, 51.5207327]]}, "properties": {"osm_id": 1514168958, "category": "footway", "footway": "sidewalk", "highway": "footway"}}, {"type": "Feature", "geometry": {"type": "LineString", "coordinates": [[-0.090027, 51.5200645], [-0.0901933, 51.5200985]]}, "properties": {"osm_id": 1514168959, "category": "footway", "footway": "sidewalk", "highway": "footway"}}, {"type": "Feature", "geometry": {"type": "LineString", "coordinates": [[-0.0897593, 51.5206617], [-0.0900221, 51.5200733], [-0.090027, 51.5200645]]}, "properties": {"osm_id": 1514168960, "category": "footway", "footway": "sidewalk", "highway": "footway"}}, {"type": "Feature", "geometry": {"type": "LineString", "coordinates": [[-0.0897593, 51.5206617], [-0.0898325, 51.5206772], [-0.0898404, 51.5206788], [-0.0898918, 51.5206889], [-0.0901802, 51.5207327]]}, "properties": {"osm_id": 1514168961, "category": "footway", "footway": "sidewalk", "highway": "footway"}}, {"type": "Feature", "geometry": {"type": "LineString", "coordinates": [[-0.0909893, 51.5211074], [-0.0910049, 51.5210405], [-0.0910223, 51.5209443], [-0.0905945, 51.5208931]]}, "properties": {"osm_id": 1514168962, "category": "footway", "footway": "sidewalk", "highway": "footway"}}, {"type": "Feature", "geometry": {"type": "LineString", "coordinates": [[-0.0905945, 51.5208931], [-0.0900321, 51.5208432]]}, "properties": {"osm_id": 1514168963, "category": "footway", "footway": "sidewalk", "highway": "footway"}}, {"type": "Feature", "geometry": {"type": "LineString", "coordinates": [[-0.0908326, 51.5221368], [-0.090839, 51.5220687], [-0.0908303, 51.5218987], [-0.0908257, 51.5218554], [-0.0908728, 51.521567], [-0.0909893, 51.5211074]]}, "properties": {"osm_id": 1514168964, "category": "footway", "footway": "sidewalk", "highway": "footway"}}, {"type": "Feature", "geometry": {"type": "LineString", "coordinates": [[-0.0907917, 51.5201426], [-0.0907584, 51.5201754], [-0.0907431, 51.5201962], [-0.0907377, 51.520202]]}, "properties": {"osm_id": 1514168966, "category": "footway", "crossing": "unmarked", "crossing:markings": "no", "footway": "crossing", "highway": "footway"}}, {"type": "Feature", "geometry": {"type": "LineString", "coordinates": [[-0.0900625, 51.5199832], [-0.0900473, 51.52002], [-0.090031, 51.5200501]]}, "properties": {"osm_id": 1514168967, "category": "footway", "crossing": "unmarked", "crossing:markings": "no", "footway": "crossing", "highway": "footway"}}, {"type": "Feature", "geometry": {"type": "LineString", "coordinates": [[-0.090027, 51.5200645], [-0.090031, 51.5200501]]}, "properties": {"osm_id": 1514168968, "category": "footway", "footway": "sidewalk", "highway": "footway"}}, {"type": "Feature", "geometry": {"type": "LineString", "coordinates": [[-0.0910226, 51.5198075], [-0.0910536, 51.5198145], [-0.0910888, 51.5198228]]}, "properties": {"osm_id": 1514168969, "category": "footway", "crossing": "unmarked", "crossing:markings": "no", "footway": "crossing", "highway": "footway"}}, {"type": "Feature", "geometry": {"type": "LineString", "coordinates": [[-0.0909918, 51.5198019], [-0.0910226, 51.5198075]]}, "properties": {"osm_id": 1514168970, "category": "footway", "footway": "sidewalk", "highway": "footway"}}, {"type": "Feature", "geometry": {"type": "LineString", "coordinates": [[-0.0900401, 51.5198336], [-0.0900013, 51.5198245], [-0.0899389, 51.5198104]]}, "properties": {"osm_id": 1514168976, "category": "footway", "crossing": "unmarked", "crossing:markings": "no", "footway": "crossing", "highway": "footway"}}, {"type": "Feature", "geometry": {"type": "LineString", "coordinates": [[-0.0900539, 51.5198368], [-0.0900401, 51.5198336]]}, "properties": {"osm_id": 1514168977, "category": "footway", "footway": "sidewalk", "highway": "footway"}}, {"type": "Feature", "geometry": {"type": "LineString", "coordinates": [[-0.0904811, 51.5207653], [-0.0904968, 51.5207684]]}, "properties": {"osm_id": 1514168979, "category": "footway", "footway": "sidewalk", "highway": "footway"}}, {"type": "Feature", "geometry": {"type": "LineString", "coordinates": [[-0.0904968, 51.5207684], [-0.0905786, 51.5207771], [-0.0906182, 51.5207788]]}, "properties": {"osm_id": 1514168980, "category": "footway", "crossing": "unmarked", "crossing:markings": "no", "footway": "crossing", "highway": "footway"}}, {"type": "Feature", "geometry": {"type": "LineString", "coordinates": [[-0.0906182, 51.5207788], [-0.0906358, 51.5207808]]}, "properties": {"osm_id": 1514168981, "category": "footway", "footway": "sidewalk", "highway": "footway"}}, {"type": "Feature", "geometry": {"type": "LineString", "coordinates": [[-0.0900142, 51.5200621], [-0.0899655, 51.5200527]]}, "properties": {"osm_id": 1514168982, "category": "footway", "crossing": "unmarked", "crossing:markings": "no", "footway": "crossing", "highway": "footway"}}, {"type": "Feature", "geometry": {"type": "LineString", "coordinates": [[-0.090027, 51.5200645], [-0.0900142, 51.5200621]]}, "properties": {"osm_id": 1514168983, "category": "footway", "footway": "sidewalk", "highway": "footway"}}, {"type": "Feature", "geometry": {"type": "LineString", "coordinates": [[-0.0939767, 51.5165127], [-0.0939494, 51.5165223]]}, "properties": {"osm_id": 1514327373, "category": "footway", "highway": "footway"}}, {"type": "Feature", "geometry": {"type": "LineString", "coordinates": [[-0.0940196, 51.5164436], [-0.0940138, 51.5164536]]}, "properties": {"osm_id": 1514327374, "category": "footway", "highway": "footway"}}, {"type": "Feature", "geometry": {"type": "LineString", "coordinates": [[-0.0971524, 51.521535], [-0.0970188, 51.5215513]]}, "properties": {"osm_id": 1514343622, "category": "footway", "footway": "sidewalk", "highway": "footway", "street:name": "Fann Street"}}, {"type": "Feature", "geometry": {"type": "LineString", "coordinates": [[-0.0970188, 51.5215513], [-0.0968846, 51.5215634]]}, "properties": {"osm_id": 1514343623, "category": "footway", "footway": "sidewalk", "highway": "footway", "street:name": "Fann Street"}}, {"type": "Feature", "geometry": {"type": "LineString", "coordinates": [[-0.0955481, 51.5210192], [-0.0959543, 51.5209507]]}, "properties": {"osm_id": 1514343624, "category": "footway", "footway": "sidewalk", "highway": "footway", "street:name": "Bridgewater Square"}}, {"type": "Feature", "geometry": {"type": "LineString", "coordinates": [[-0.0954958, 51.5209959], [-0.0955086, 51.5210112], [-0.0955218, 51.5210169], [-0.0955316, 51.5210189], [-0.0955481, 51.5210192]]}, "properties": {"osm_id": 1514343625, "category": "footway", "footway": "sidewalk", "highway": "footway", "street:name": "Bridgewater Street"}}, {"type": "Feature", "geometry": {"type": "LineString", "coordinates": [[-0.0954958, 51.5209959], [-0.095435, 51.5208659], [-0.0952762, 51.520524]]}, "properties": {"osm_id": 1514343626, "category": "footway", "footway": "sidewalk", "highway": "footway", "street:name": "Bridgewater Street"}}, {"type": "Feature", "geometry": {"type": "LineString", "coordinates": [[-0.0952974, 51.5214421], [-0.0952892, 51.5214412], [-0.0948378, 51.521468], [-0.0945001, 51.5214807], [-0.094412, 51.5214902], [-0.0943764, 51.5214978]]}, "properties": {"osm_id": 1514343627, "category": "footway", "footway": "sidewalk", "highway": "footway", "street:name": "Brackley Street"}}, {"type": "Feature", "geometry": {"type": "LineString", "coordinates": [[-0.0945471, 51.5219353], [-0.0944722, 51.5217351], [-0.0944447, 51.521667], [-0.0943985, 51.5215821]]}, "properties": {"osm_id": 1514343628, "category": "footway", "footway": "sidewalk", "highway": "footway", "street:name": "Golden Lane"}}, {"type": "Feature", "geometry": {"type": "LineString", "coordinates": [[-0.0941786, 51.5214713], [-0.0943832, 51.5219587]]}, "properties": {"osm_id": 1514343629, "category": "footway", "footway": "sidewalk", "highway": "footway", "street:name": "Golden Lane"}}, {"type": "Feature", "geometry": {"type": "LineString", "coordinates": [[-0.0941786, 51.5214713], [-0.0941731, 51.521459], [-0.0941582, 51.5214319], [-0.0941321, 51.5213735]]}, "properties": {"osm_id": 1514343630, "category": "footway", "footway": "sidewalk", "highway": "footway", "street:name": "Golden Lane"}}, {"type": "Feature", "geometry": {"type": "LineString", "coordinates": [[-0.0940679, 51.5212428], [-0.0941321, 51.5213735]]}, "properties": {"osm_id": 1514343631, "category": "footway", "footway": "sidewalk", "highway": "footway", "street:name": "Golden Lane"}}, {"type": "Feature", "geometry": {"type": "LineString", "coordinates": [[-0.0940679, 51.5212428], [-0.0939625, 51.5210211]]}, "properties": {"osm_id": 1514343632, "category": "footway", "footway": "sidewalk", "highway": "footway", "street:name": "Golden Lane"}}, {"type": "Feature", "geometry": {"type": "LineString", "coordinates": [[-0.0928583, 51.5209836], [-0.0931159, 51.5209231]]}, "properties": {"osm_id": 1514343635, "category": "footway", "footway": "sidewalk", "highway": "footway"}}, {"type": "Feature", "geometry": {"type": "LineString", "coordinates": [[-0.0952786, 51.5213643], [-0.095291, 51.5213988], [-0.095301, 51.5214281]]}, "properties": {"osm_id": 1514343637, "category": "footway", "crossing": "unmarked", "crossing:markings": "no", "footway": "crossing", "highway": "footway"}}, {"type": "Feature", "geometry": {"type": "LineString", "coordinates": [[-0.0943764, 51.5214978], [-0.0943657, 51.5215096], [-0.0943698, 51.5215304], [-0.0943985, 51.5215821]]}, "properties": {"osm_id": 1514343638, "category": "footway", "footway": "sidewalk", "highway": "footway", "street:name": "Golden Lane"}}, {"type": "Feature", "geometry": {"type": "LineString", "coordinates": [[-0.094374, 51.5214849], [-0.0943701, 51.5214642], [-0.0943653, 51.5214472]]}, "properties": {"osm_id": 1514343639, "category": "footway", "crossing": "unmarked", "crossing:markings": "no", "footway": "crossing", "highway": "footway"}}, {"type": "Feature", "geometry": {"type": "LineString", "coordinates": [[-0.0943764, 51.5214978], [-0.094374, 51.5214849]]}, "properties": {"osm_id": 1514343640, "category": "footway", "footway": "sidewalk", "highway": "footway"}}, {"type": "Feature", "geometry": {"type": "LineString", "coordinates": [[-0.0943653, 51.5214472], [-0.0943629, 51.521439]]}, "properties": {"osm_id": 1514343641, "category": "footway", "footway": "sidewalk", "highway": "footway"}}, {"type": "Feature", "geometry": {"type": "LineString", "coordinates": [[-0.0952974, 51.5214421], [-0.0953117, 51.5214432], [-0.0953333, 51.5214495], [-0.0953424, 51.5214614], [-0.0953554, 51.5214816], [-0.0953972, 51.5215701], [-0.095422, 51.5216461], [-0.0954311, 51.5216746], [-0.0954311, 51.5216812], [-0.0954306, 51.5216844], [-0.0954271, 51.5216896]]}, "properties": {"osm_id": 1514343642, "category": "footway", "footway": "sidewalk", "highway": "footway", "street:name": "Viscount Street"}}, {"type": "Feature", "geometry": {"type": "LineString", "coordinates": [[-0.0952974, 51.5214421], [-0.095301, 51.5214281]]}, "properties": {"osm_id": 1514343643, "category": "footway", "footway": "sidewalk", "highway": "footway", "street:name": "Brackley Street"}}, {"type": "Feature", "geometry": {"type": "LineString", "coordinates": [[-0.0952648, 51.5213506], [-0.0952786, 51.5213643]]}, "properties": {"osm_id": 1514343644, "category": "footway", "footway": "sidewalk", "highway": "footway", "street:name": "Brackley Street"}}, {"type": "Feature", "geometry": {"type": "LineString", "coordinates": [[-0.0962951, 51.5215672], [-0.0961281, 51.5215752], [-0.0960265, 51.5215835], [-0.0959072, 51.5215998], [-0.0956078, 51.5216569], [-0.0955618, 51.5216599], [-0.095539, 51.5216631]]}, "properties": {"osm_id": 1514343645, "category": "footway", "footway": "sidewalk", "highway": "footway", "street:name": "Fann Street"}}, {"type": "Feature", "geometry": {"type": "LineString", "coordinates": [[-0.0968846, 51.5215634], [-0.0968107, 51.5215681], [-0.0967053, 51.5215746]]}, "properties": {"osm_id": 1514343646, "category": "footway", "footway": "sidewalk", "highway": "footway", "street:name": "Fann Street"}}, {"type": "Feature", "geometry": {"type": "LineString", "coordinates": [[-0.0951926, 51.5205378], [-0.0953816, 51.5209307], [-0.0953882, 51.5209549], [-0.0953843, 51.5209652], [-0.0953617, 51.5209732]]}, "properties": {"osm_id": 1514343647, "category": "footway", "footway": "sidewalk", "highway": "footway", "street:name": "Bridgewater Street"}}, {"type": "Feature", "geometry": {"type": "LineString", "coordinates": [[-0.0953698, 51.5209867], [-0.0953779, 51.5210002], [-0.0954003, 51.5210418]]}, "properties": {"osm_id": 1514343649, "category": "footway", "crossing": "unmarked", "crossing:markings": "no", "footway": "crossing", "highway": "footway"}}, {"type": "Feature", "geometry": {"type": "LineString", "coordinates": [[-0.0954003, 51.5210418], [-0.0954033, 51.5210472]]}, "properties": {"osm_id": 1514343650, "category": "footway", "footway": "sidewalk", "highway": "footway", "street:name": "Cripplegate Street"}}, {"type": "Feature", "geometry": {"type": "LineString", "coordinates": [[-0.0953617, 51.5209732], [-0.0953698, 51.5209867]]}, "properties": {"osm_id": 1514343651, "category": "footway", "footway": "sidewalk", "highway": "footway", "street:name": "Cripplegate Street"}}, {"type": "Feature", "geometry": {"type": "LineString", "coordinates": [[-0.0960126, 51.5204147], [-0.0962685, 51.5209301]]}, "properties": {"osm_id": 1514346914, "category": "footway", "footway": "sidewalk", "highway": "footway"}}, {"type": "Feature", "geometry": {"type": "LineString", "coordinates": [[-0.0910325, 51.5209442], [-0.0910804, 51.5209507]]}, "properties": {"osm_id": 1514370089, "category": "footway", "crossing": "unmarked", "crossing:markings": "no", "footway": "crossing", "highway": "footway"}}, {"type": "Feature", "geometry": {"type": "LineString", "coordinates": [[-0.0910223, 51.5209443], [-0.0910325, 51.5209442]]}, "properties": {"osm_id": 1514370090, "category": "footway", "footway": "sidewalk", "highway": "footway"}}, {"type": "Feature", "geometry": {"type": "LineString", "coordinates": [[-0.0923046, 51.5210967], [-0.0922887, 51.5210839], [-0.0922571, 51.5210718], [-0.0920278, 51.5210576]]}, "properties": {"osm_id": 1515052488, "category": "footway", "footway": "sidewalk", "highway": "footway"}}, {"type": "Feature", "geometry": {"type": "LineString", "coordinates": [[-0.0920278, 51.5210576], [-0.0918456, 51.5210399], [-0.0917546, 51.5210307]]}, "properties": {"osm_id": 1515052489, "category": "footway", "footway": "sidewalk", "highway": "footway"}}, {"type": "Feature", "geometry": {"type": "LineString", "coordinates": [[-0.0917546, 51.5210307], [-0.0915884, 51.5210226], [-0.0913962, 51.5209914]]}, "properties": {"osm_id": 1515052490, "category": "footway", "footway": "sidewalk", "highway": "footway"}}, {"type": "Feature", "geometry": {"type": "LineString", "coordinates": [[-0.0913962, 51.5209914], [-0.0913655, 51.5209869], [-0.0911334, 51.5209598]]}, "properties": {"osm_id": 1515052491, "category": "footway", "footway": "sidewalk", "highway": "footway"}}, {"type": "Feature", "geometry": {"type": "LineString", "coordinates": [[-0.0909265, 51.5217861], [-0.0910775, 51.5211932]]}, "properties": {"osm_id": 1515052501, "category": "footway", "footway": "sidewalk", "highway": "footway"}}, {"type": "Feature", "geometry": {"type": "LineString", "coordinates": [[-0.0911245, 51.5209584], [-0.0910804, 51.5209507]]}, "properties": {"osm_id": 1515052503, "category": "footway", "crossing": "unmarked", "crossing:markings": "no", "footway": "crossing", "highway": "footway"}}, {"type": "Feature", "geometry": {"type": "LineString", "coordinates": [[-0.0911334, 51.5209598], [-0.0911245, 51.5209584]]}, "properties": {"osm_id": 1515052504, "category": "footway", "footway": "sidewalk", "highway": "footway"}}, {"type": "Feature", "geometry": {"type": "LineString", "coordinates": [[-0.0909265, 51.5217861], [-0.0909201, 51.5218035]]}, "properties": {"osm_id": 1515052505, "category": "footway", "footway": "sidewalk", "highway": "footway"}}, {"type": "Feature", "geometry": {"type": "LineString", "coordinates": [[-0.0909201, 51.5218035], [-0.0909151, 51.5218292], [-0.0909255, 51.5218691]]}, "properties": {"osm_id": 1515052506, "category": "footway", "crossing": "unmarked", "crossing:markings": "no", "footway": "crossing", "highway": "footway"}}, {"type": "Feature", "geometry": {"type": "LineString", "coordinates": [[-0.0909201, 51.5218035], [-0.0914288, 51.5217657]]}, "properties": {"osm_id": 1515052507, "category": "footway", "footway": "sidewalk", "highway": "footway"}}, {"type": "Feature", "geometry": {"type": "LineString", "coordinates": [[-0.0909267, 51.5218775], [-0.0909448, 51.5220361]]}, "properties": {"osm_id": 1515052508, "category": "footway", "footway": "sidewalk", "highway": "footway"}}, {"type": "Feature", "geometry": {"type": "LineString", "coordinates": [[-0.0909255, 51.5218691], [-0.0909267, 51.5218775]]}, "properties": {"osm_id": 1515052509, "category": "footway", "footway": "sidewalk", "highway": "footway"}}, {"type": "Feature", "geometry": {"type": "LineString", "coordinates": [[-0.0923046, 51.5210967], [-0.0923238, 51.5210971]]}, "properties": {"osm_id": 1515052518, "category": "footway", "footway": "sidewalk", "highway": "footway"}}, {"type": "Feature", "geometry": {"type": "LineString", "coordinates": [[-0.0923238, 51.5210971], [-0.0923742, 51.5210963]]}, "properties": {"osm_id": 1515052519, "category": "footway", "crossing": "unmarked", "crossing:markings": "no", "footway": "crossing", "highway": "footway"}}, {"type": "Feature", "geometry": {"type": "LineString", "coordinates": [[-0.0923046, 51.5210967], [-0.092477, 51.5216516]]}, "properties": {"osm_id": 1515052520, "category": "footway", "footway": "sidewalk", "highway": "footway"}}, {"type": "Feature", "geometry": {"type": "LineString", "coordinates": [[-0.092477, 51.5216516], [-0.0924813, 51.5216654]]}, "properties": {"osm_id": 1515052521, "category": "footway", "footway": "sidewalk", "highway": "footway"}}, {"type": "Feature", "geometry": {"type": "LineString", "coordinates": [[-0.0924813, 51.5216654], [-0.0924874, 51.5216814]]}, "properties": {"osm_id": 1515052522, "category": "footway", "crossing": "unmarked", "crossing:markings": "no", "footway": "crossing", "highway": "footway"}}, {"type": "Feature", "geometry": {"type": "LineString", "coordinates": [[-0.0924874, 51.5216814], [-0.0924907, 51.5216899]]}, "properties": {"osm_id": 1515052523, "category": "footway", "crossing": "unmarked", "crossing:markings": "no", "footway": "crossing", "highway": "footway"}}, {"type": "Feature", "geometry": {"type": "LineString", "coordinates": [[-0.0924907, 51.5216899], [-0.0924927, 51.521694]]}, "properties": {"osm_id": 1515052524, "category": "footway", "footway": "sidewalk", "highway": "footway"}}, {"type": "Feature", "geometry": {"type": "LineString", "coordinates": [[-0.0924927, 51.521694], [-0.0925751, 51.5220407], [-0.0926109, 51.5223779]]}, "properties": {"osm_id": 1515052525, "category": "footway", "footway": "sidewalk", "highway": "footway"}}, {"type": "Feature", "geometry": {"type": "LineString", "coordinates": [[-0.0924348, 51.5179775], [-0.0924539, 51.5179388]]}, "properties": {"osm_id": 1517407002, "category": "footway", "highway": "footway"}}, {"type": "Feature", "geometry": {"type": "LineString", "coordinates": [[-0.0921756, 51.5179028], [-0.0921721, 51.5179091]]}, "properties": {"osm_id": 1517407003, "category": "footway", "highway": "footway"}}, {"type": "Feature", "geometry": {"type": "LineString", "coordinates": [[-0.0919842, 51.5178633], [-0.0921721, 51.5179091]]}, "properties": {"osm_id": 1517407004, "category": "footway", "highway": "footway"}}, {"type": "Feature", "geometry": {"type": "LineString", "coordinates": [[-0.0972216, 51.520374], [-0.0972394, 51.5204616], [-0.0972774, 51.5206967], [-0.0972611, 51.5209862], [-0.0972348, 51.5211615]]}, "properties": {"osm_id": 1525081052, "category": "footway", "highway": "footway"}}, {"type": "Feature", "geometry": {"type": "LineString", "coordinates": [[-0.0975317, 51.5200693], [-0.0974901, 51.5200913], [-0.0975017, 51.520177]]}, "properties": {"osm_id": 1525081053, "category": "footway", "footway": "sidewalk", "highway": "footway", "lit": "yes", "street:name": "Aldersgate Street", "surface": "paving_stones"}}, {"type": "Feature", "geometry": {"type": "LineString", "coordinates": [[-0.0962174, 51.5176042], [-0.0961586, 51.5175981], [-0.0957627, 51.517599]]}, "properties": {"osm_id": 1525081054, "category": "footway", "footway": "sidewalk", "highway": "footway", "street:name": "London Wall"}}, {"type": "Feature", "geometry": {"type": "LineString", "coordinates": [[-0.0967822, 51.5180082], [-0.0967389, 51.517932], [-0.0967106, 51.5178944], [-0.0965915, 51.5178321], [-0.0963998, 51.5177063], [-0.0962569, 51.5176183]]}, "properties": {"osm_id": 1525081058, "category": "footway", "footway": "sidewalk", "highway": "footway", "layer": "-1", "street:name": "Aldersgate Street", "tunnel": "building_passage"}}, {"type": "Feature", "geometry": {"type": "LineString", "coordinates": [[-0.0962569, 51.5176183], [-0.0962387, 51.5176087], [-0.0962174, 51.5176042]]}, "properties": {"osm_id": 1525081059, "category": "footway", "footway": "sidewalk", "highway": "footway", "street:name": "Aldersgate Street"}}, {"type": "Feature", "geometry": {"type": "LineString", "coordinates": [[-0.0979574, 51.5176727], [-0.0978831, 51.5177174], [-0.0978682, 51.5177264]]}, "properties": {"osm_id": 1525081060, "category": "footway", "footway": "sidewalk", "highway": "footway", "street:name": "Montague Street", "tunnel": "building_passage"}}, {"type": "Feature", "geometry": {"type": "LineString", "coordinates": [[-0.0979699, 51.5175366], [-0.0978586, 51.5175992]]}, "properties": {"osm_id": 1525081061, "category": "footway", "footway": "sidewalk", "highway": "footway", "street:name": "Montague Street"}}, {"type": "Feature", "geometry": {"type": "LineString", "coordinates": [[-0.0974927, 51.5176511], [-0.0974931, 51.5176408], [-0.0974517, 51.5176442]]}, "properties": {"osm_id": 1525081062, "category": "footway", "footway": "sidewalk", "highway": "footway", "street:name": "Montague Street", "tunnel": "building_passage"}}, {"type": "Feature", "geometry": {"type": "LineString", "coordinates": [[-0.0974404, 51.5177374], [-0.0974888, 51.517737], [-0.0974894, 51.5177244]]}, "properties": {"osm_id": 1525081063, "category": "footway", "footway": "sidewalk", "highway": "footway", "street:name": "Montague Street", "tunnel": "building_passage"}}, {"type": "Feature", "geometry": {"type": "LineString", "coordinates": [[-0.0989863, 51.5214569], [-0.0989919, 51.5213503], [-0.0989812, 51.5213376], [-0.0989919, 51.5211973]]}, "properties": {"osm_id": 1525167427, "category": "footway", "footway": "sidewalk", "highway": "footway", "street:name": "Rutland Place"}}, {"type": "Feature", "geometry": {"type": "LineString", "coordinates": [[-0.0989919, 51.5211973], [-0.0997359, 51.5210868], [-0.0998109, 51.521069], [-0.0998866, 51.5210155], [-0.1000143, 51.5208941]]}, "properties": {"osm_id": 1525167428, "category": "footway", "footway": "sidewalk", "highway": "footway", "street:name": "Charterhouse Square"}}, {"type": "Feature", "geometry": {"type": "LineString", "coordinates": [[-0.1002514, 51.5205714], [-0.100224, 51.5205642], [-0.0998307, 51.5202758]]}, "properties": {"osm_id": 1525167441, "category": "footway", "footway": "sidewalk", "highway": "footway", "street:name": "Charterhouse Square"}}, {"type": "Feature", "geometry": {"type": "LineString", "coordinates": [[-0.0988942, 51.5212007], [-0.0988927, 51.5211747], [-0.0988439, 51.5210749], [-0.098777, 51.5209642]]}, "properties": {"osm_id": 1525167443, "category": "footway", "footway": "sidewalk", "highway": "footway", "street:name": "Charterhouse Square"}}, {"type": "Feature", "geometry": {"type": "LineString", "coordinates": [[-0.0989919, 51.5211973], [-0.0989513, 51.521206], [-0.0988944, 51.5212182]]}, "properties": {"osm_id": 1525167444, "category": "footway", "crossing": "unmarked", "crossing:markings": "no", "footway": "crossing", "highway": "footway"}}, {"type": "Feature", "geometry": {"type": "LineString", "coordinates": [[-0.0979072, 51.5221414], [-0.0979136, 51.5221375], [-0.097903, 51.5214713], [-0.0979215, 51.5214586]]}, "properties": {"osm_id": 1525167451, "category": "footway", "footway": "sidewalk", "highway": "footway", "street:name": "Glasshouse Yard"}}, {"type": "Feature", "geometry": {"type": "LineString", "coordinates": [[-0.0979215, 51.5214586], [-0.0982063, 51.5214477], [-0.098206, 51.5214225]]}, "properties": {"osm_id": 1525167452, "category": "footway", "footway": "sidewalk", "highway": "footway", "street:name": "Glasshouse Yard"}}, {"type": "Feature", "geometry": {"type": "LineString", "coordinates": [[-0.0995883, 51.5202459], [-0.0995519, 51.5202589], [-0.0994006, 51.5203048], [-0.0993736, 51.520313], [-0.0990361, 51.5204054], [-0.0987532, 51.5204734]]}, "properties": {"osm_id": 1525206697, "category": "footway", "footway": "sidewalk", "highway": "footway", "street:name": "Charterhouse Street"}}, {"type": "Feature", "geometry": {"type": "LineString", "coordinates": [[-0.0997796, 51.519415], [-0.0998471, 51.5194957], [-0.1002935, 51.5200225], [-0.1002788, 51.5200453]]}, "properties": {"osm_id": 1525206698, "category": "footway", "covered": "yes", "footway": "sidewalk", "highway": "footway", "street:name": "Lindsey Street", "surface": "paving_stones"}}, {"type": "Feature", "geometry": {"type": "LineString", "coordinates": [[-0.0996461, 51.5194888], [-0.0996107, 51.5194861], [-0.0995048, 51.5195222], [-0.0993328, 51.5195807], [-0.0992704, 51.5196011], [-0.0992408, 51.5196108]]}, "properties": {"osm_id": 1525206699, "category": "footway", "footway": "sidewalk", "highway": "footway", "lit": "yes", "street:name": "Long Lane", "surface": "paving_stones"}}, {"type": "Feature", "geometry": {"type": "LineString", "coordinates": [[-0.0980879, 51.5197547], [-0.0981357, 51.5198109], [-0.0981615, 51.5198136]]}, "properties": {"osm_id": 1525206700, "category": "footway", "footway": "sidewalk", "highway": "footway", "street:name": "Cloth Street"}}, {"type": "Feature", "geometry": {"type": "LineString", "coordinates": [[-0.0992704, 51.5196011], [-0.0992661, 51.5196156], [-0.0992662, 51.5196219], [-0.0994486, 51.5199012]]}, "properties": {"osm_id": 1525206701, "category": "footway", "footway": "sidewalk", "highway": "footway", "street:name": "Hayne Street"}}, {"type": "Feature", "geometry": {"type": "LineString", "coordinates": [[-0.0994486, 51.5199012], [-0.0994567, 51.5199141], [-0.0994629, 51.5199239]]}, "properties": {"osm_id": 1525206702, "category": "footway", "crossing": "unmarked", "crossing:markings": "no", "footway": "crossing", "highway": "footway"}}, {"type": "Feature", "geometry": {"type": "LineString", "coordinates": [[-0.0994629, 51.5199239], [-0.0995142, 51.519999]]}, "properties": {"osm_id": 1525206703, "category": "footway", "footway": "sidewalk", "highway": "footway", "street:name": "Hayne Street"}}, {"type": "Feature", "geometry": {"type": "LineString", "coordinates": [[-0.0995142, 51.519999], [-0.0995209, 51.5200086], [-0.0995266, 51.5200168]]}, "properties": {"osm_id": 1525206704, "category": "footway", "crossing": "unmarked", "crossing:markings": "no", "footway": "crossing", "highway": "footway"}}, {"type": "Feature", "geometry": {"type": "LineString", "coordinates": [[-0.0995266, 51.5200168], [-0.0996519, 51.5202024], [-0.0996781, 51.5202132]]}, "properties": {"osm_id": 1525206705, "category": "footway", "footway": "sidewalk", "highway": "footway", "street:name": "Hayne Street"}}, {"type": "Feature", "geometry": {"type": "LineString", "coordinates": [[-0.0995883, 51.5202459], [-0.0994487, 51.5199718]]}, "properties": {"osm_id": 1525206706, "category": "footway", "footway": "sidewalk", "highway": "footway", "street:name": "Hayne Street"}}, {"type": "Feature", "geometry": {"type": "LineString", "coordinates": [[-0.0994487, 51.5199718], [-0.0994434, 51.5199615], [-0.0994387, 51.5199523]]}, "properties": {"osm_id": 1525206707, "category": "footway", "crossing": "unmarked", "crossing:markings": "no", "footway": "crossing", "highway": "footway"}}, {"type": "Feature", "geometry": {"type": "LineString", "coordinates": [[-0.0994387, 51.5199523], [-0.0992182, 51.519644], [-0.0991955, 51.5196248]]}, "properties": {"osm_id": 1525206708, "category": "footway", "footway": "sidewalk", "highway": "footway", "street:name": "Hayne Street"}}, {"type": "Feature", "geometry": {"type": "LineString", "coordinates": [[-0.0998355, 51.5195003], [-0.0998471, 51.5194957]]}, "properties": {"osm_id": 1525206712, "category": "footway", "covered": "yes", "highway": "footway", "street:name": "Lindsey Street"}}, {"type": "Feature", "geometry": {"type": "LineString", "coordinates": [[-0.0972163, 51.520206], [-0.0970744, 51.5202035], [-0.0969295, 51.5202209]]}, "properties": {"osm_id": 1525420189, "category": "footway", "footway": "sidewalk", "highway": "footway", "street:name": "Beech Street"}}, {"type": "Feature", "geometry": {"type": "LineString", "coordinates": [[-0.0971723, 51.5200743], [-0.0970839, 51.5200979], [-0.0969879, 51.5201143]]}, "properties": {"osm_id": 1525420190, "category": "footway", "footway": "sidewalk", "highway": "footway", "street:name": "Beech Street"}}, {"type": "Feature", "geometry": {"type": "LineString", "coordinates": [[-0.0969295, 51.5202209], [-0.0958547, 51.5204222]]}, "properties": {"osm_id": 1525420191, "category": "footway", "footway": "sidewalk", "highway": "footway", "street:name": "Beech Street", "tunnel": "building_passage"}}, {"type": "Feature", "geometry": {"type": "LineString", "coordinates": [[-0.0958547, 51.5204222], [-0.0958344, 51.5204255], [-0.0958088, 51.5204296]]}, "properties": {"osm_id": 1525420192, "category": "footway", "crossing": "unmarked", "crossing:markings": "no", "footway": "crossing", "highway": "footway", "tunnel": "building_passage"}}, {"type": "Feature", "geometry": {"type": "LineString", "coordinates": [[-0.0958088, 51.5204296], [-0.0952537, 51.5205301], [-0.093958, 51.5207648]]}, "properties": {"osm_id": 1525420193, "category": "footway", "footway": "sidewalk", "highway": "footway", "street:name": "Beech Street", "tunnel": "building_passage"}}, {"type": "Feature", "geometry": {"type": "LineString", "coordinates": [[-0.093958, 51.5207648], [-0.0939285, 51.5207702], [-0.0939043, 51.5207747]]}, "properties": {"osm_id": 1525420194, "category": "footway", "crossing": "unmarked", "crossing:markings": "no", "footway": "crossing", "highway": "footway", "tunnel": "building_passage"}}, {"type": "Feature", "geometry": {"type": "LineString", "coordinates": [[-0.0939043, 51.5207747], [-0.0931159, 51.5209231]]}, "properties": {"osm_id": 1525420195, "category": "footway", "footway": "sidewalk", "highway": "footway", "street:name": "Beech Street", "tunnel": "building_passage"}}, {"type": "Feature", "geometry": {"type": "LineString", "coordinates": [[-0.0929371, 51.520862], [-0.093081, 51.5208476]]}, "properties": {"osm_id": 1525420196, "category": "footway", "footway": "sidewalk", "highway": "footway", "street:name": "Beech Street"}}, {"type": "Feature", "geometry": {"type": "LineString", "coordinates": [[-0.093081, 51.5208476], [-0.0936861, 51.52073]]}, "properties": {"osm_id": 1525420197, "category": "footway", "footway": "sidewalk", "highway": "footway", "street:name": "Beech Street", "tunnel": "building_passage"}}, {"type": "Feature", "geometry": {"type": "LineString", "coordinates": [[-0.0936861, 51.52073], [-0.0937117, 51.5207252], [-0.0938824, 51.5206934], [-0.0941405, 51.5206452], [-0.0941731, 51.5206391]]}, "properties": {"osm_id": 1525420198, "category": "footway", "crossing": "unmarked", "crossing:markings": "no", "footway": "crossing", "highway": "footway", "tunnel": "building_passage"}}, {"type": "Feature", "geometry": {"type": "LineString", "coordinates": [[-0.0941731, 51.5206391], [-0.0955193, 51.5203946]]}, "properties": {"osm_id": 1525420199, "category": "footway", "footway": "sidewalk", "highway": "footway", "street:name": "Beech Street", "tunnel": "building_passage"}}, {"type": "Feature", "geometry": {"type": "LineString", "coordinates": [[-0.0955193, 51.5203946], [-0.0955707, 51.5203844], [-0.0956301, 51.5203726]]}, "properties": {"osm_id": 1525420200, "category": "footway", "crossing": "unmarked", "crossing:markings": "no", "footway": "crossing", "highway": "footway", "tunnel": "building_passage"}}, {"type": "Feature", "geometry": {"type": "LineString", "coordinates": [[-0.0956301, 51.5203726], [-0.0963053, 51.5202455]]}, "properties": {"osm_id": 1525420201, "category": "footway", "footway": "sidewalk", "highway": "footway", "street:name": "Beech Street", "tunnel": "building_passage"}}, {"type": "Feature", "geometry": {"type": "LineString", "coordinates": [[-0.0963053, 51.5202455], [-0.0963429, 51.5202387], [-0.0963963, 51.520229]]}, "properties": {"osm_id": 1525420202, "category": "footway", "crossing": "unmarked", "crossing:markings": "no", "footway": "crossing", "highway": "footway", "tunnel": "building_passage"}}, {"type": "Feature", "geometry": {"type": "LineString", "coordinates": [[-0.0963963, 51.520229], [-0.0968871, 51.520137]]}, "properties": {"osm_id": 1525420203, "category": "footway", "footway": "sidewalk", "highway": "footway", "street:name": "Beech Street", "tunnel": "building_passage"}}, {"type": "Feature", "geometry": {"type": "LineString", "coordinates": [[-0.0969879, 51.5201143], [-0.0969651, 51.520119], [-0.0969404, 51.5201241]]}, "properties": {"osm_id": 1525420204, "category": "footway", "crossing": "unmarked", "crossing:markings": "no", "footway": "crossing", "highway": "footway"}}, {"type": "Feature", "geometry": {"type": "LineString", "coordinates": [[-0.0968871, 51.520137], [-0.0969404, 51.5201241]]}, "properties": {"osm_id": 1525420205, "category": "footway", "footway": "sidewalk", "highway": "footway", "street:name": "Beech Street"}}, {"type": "Feature", "geometry": {"type": "LineString", "coordinates": [[-0.0939625, 51.5210211], [-0.0939616, 51.5209612], [-0.0939043, 51.5207747]]}, "properties": {"osm_id": 1525420207, "category": "footway", "footway": "sidewalk", "highway": "footway", "street:name": "Golden Lane", "tunnel": "building_passage"}}, {"type": "Feature", "geometry": {"type": "LineString", "coordinates": [[-0.093958, 51.5207648], [-0.0940507, 51.5209484], [-0.0940868, 51.5209975]]}, "properties": {"osm_id": 1525420208, "category": "footway", "footway": "sidewalk", "highway": "footway", "street:name": "Golden Lane", "tunnel": "building_passage"}}, {"type": "Feature", "geometry": {"type": "LineString", "coordinates": [[-0.0941908, 51.5211763], [-0.0941707, 51.5211397], [-0.0941568, 51.5211127]]}, "properties": {"osm_id": 1525420209, "category": "footway", "crossing": "unmarked", "crossing:markings": "no", "footway": "crossing", "highway": "footway"}}, {"type": "Feature", "geometry": {"type": "LineString", "coordinates": [[-0.0941568, 51.5211127], [-0.0940868, 51.5209975]]}, "properties": {"osm_id": 1525420210, "category": "footway", "footway": "sidewalk", "highway": "footway", "street:name": "Golden Lane"}}, {"type": "Feature", "geometry": {"type": "LineString", "coordinates": [[-0.094316, 51.5214436], [-0.0942405, 51.5212802], [-0.0941908, 51.5211763]]}, "properties": {"osm_id": 1525420211, "category": "footway", "footway": "sidewalk", "highway": "footway", "street:name": "Golden Lane"}}, {"type": "Feature", "geometry": {"type": "LineString", "coordinates": [[-0.0943993, 51.5219562], [-0.0943832, 51.5219587], [-0.0943912, 51.5219876]]}, "properties": {"osm_id": 1525420212, "category": "footway", "foot": "yes", "highway": "footway", "lit": "no", "street:name": "Golden Lane", "surface": "asphalt"}}, {"type": "Feature", "geometry": {"type": "LineString", "coordinates": [[-0.0951857, 51.5210805], [-0.0952967, 51.5213475]]}, "properties": {"osm_id": 1525420213, "category": "footway", "footway": "sidewalk", "highway": "footway", "street:name": "Viscount Street"}}, {"type": "Feature", "geometry": {"type": "LineString", "coordinates": [[-0.0958354, 51.5212563], [-0.0956312, 51.5212982], [-0.0955026, 51.521068]]}, "properties": {"osm_id": 1525420214, "category": "footway", "footway": "sidewalk", "highway": "footway", "street:name": "Bridgewater Square"}}, {"type": "Feature", "geometry": {"type": "LineString", "coordinates": [[-0.0955026, 51.521068], [-0.0954379, 51.5210419]]}, "properties": {"osm_id": 1525420215, "category": "footway", "footway": "sidewalk", "highway": "footway", "street:name": "Bridgewater Street"}}, {"type": "Feature", "geometry": {"type": "LineString", "coordinates": [[-0.0954379, 51.5210419], [-0.0954033, 51.5210472]]}, "properties": {"osm_id": 1525420216, "category": "footway", "footway": "sidewalk", "highway": "footway", "street:name": "Cripplegate Street"}}, {"type": "Feature", "geometry": {"type": "LineString", "coordinates": [[-0.0954033, 51.5210472], [-0.0953221, 51.5210595], [-0.0952879, 51.5211171]]}, "properties": {"osm_id": 1525420217, "category": "footway", "footway": "sidewalk", "highway": "footway", "street:name": "Cripplegate Street"}}, {"type": "Feature", "geometry": {"type": "LineString", "coordinates": [[-0.0959543, 51.5209507], [-0.0960239, 51.5209249]]}, "properties": {"osm_id": 1525420218, "category": "footway", "footway": "sidewalk", "highway": "footway", "street:name": "Bridgewater Square", "tunnel": "yes"}}, {"type": "Feature", "geometry": {"type": "LineString", "coordinates": [[-0.0953617, 51.5209732], [-0.0951384, 51.5210095], [-0.0948315, 51.5210646], [-0.0947997, 51.5210932], [-0.0945387, 51.5211352], [-0.0945037, 51.5211507]]}, "properties": {"osm_id": 1525420219, "category": "footway", "footway": "sidewalk", "highway": "footway", "street:name": "Cripplegate Street"}}, {"type": "Feature", "geometry": {"type": "LineString", "coordinates": [[-0.0985608, 51.5182523], [-0.0985322, 51.5182466], [-0.0985194, 51.5182386]]}, "properties": {"osm_id": 1525433121, "category": "footway", "footway": "sidewalk", "highway": "footway", "street:name": "Albion Way"}}, {"type": "Feature", "geometry": {"type": "LineString", "coordinates": [[-0.0984963, 51.5182875], [-0.0984885, 51.5182686], [-0.0984788, 51.5182615]]}, "properties": {"osm_id": 1525433122, "category": "footway", "footway": "sidewalk", "highway": "footway", "street:name": "Albion Way"}}, {"type": "Feature", "geometry": {"type": "LineString", "coordinates": [[-0.0985194, 51.5182386], [-0.0983886, 51.518154]]}, "properties": {"osm_id": 1525433123, "category": "footway", "footway": "sidewalk", "highway": "footway", "street:name": "Albion Way", "tunnel": "building_passage"}}, {"type": "Feature", "geometry": {"type": "LineString", "coordinates": [[-0.0984788, 51.5182615], [-0.0983463, 51.5181768]]}, "properties": {"osm_id": 1525433124, "category": "footway", "footway": "sidewalk", "highway": "footway", "street:name": "Albion Way", "tunnel": "building_passage"}}, {"type": "Feature", "geometry": {"type": "LineString", "coordinates": [[-0.0983463, 51.5181768], [-0.0982822, 51.5181309], [-0.0982691, 51.5181215]]}, "properties": {"osm_id": 1525433125, "category": "footway", "footway": "sidewalk", "highway": "footway", "street:name": "Albion Way"}}, {"type": "Feature", "geometry": {"type": "LineString", "coordinates": [[-0.0983886, 51.518154], [-0.0983065, 51.518094], [-0.098186, 51.5179618], [-0.0980257, 51.5178184]]}, "properties": {"osm_id": 1525433126, "category": "footway", "footway": "sidewalk", "highway": "footway", "street:name": "Albion Way"}}, {"type": "Feature", "geometry": {"type": "LineString", "coordinates": [[-0.0982691, 51.5181215], [-0.0981227, 51.517975]]}, "properties": {"osm_id": 1525433127, "category": "footway", "crossing": "unmarked", "crossing:markings": "no", "footway": "crossing", "highway": "footway"}}, {"type": "Feature", "geometry": {"type": "LineString", "coordinates": [[-0.0981227, 51.517975], [-0.0979836, 51.5178405]]}, "properties": {"osm_id": 1525433128, "category": "footway", "footway": "sidewalk", "highway": "footway", "street:name": "Albion Way"}}, {"type": "Feature", "geometry": {"type": "LineString", "coordinates": [[-0.0980257, 51.5178184], [-0.0978831, 51.5177174]]}, "properties": {"osm_id": 1525433129, "category": "footway", "footway": "sidewalk", "highway": "footway", "street:name": "Albion Way", "tunnel": "building_passage"}}, {"type": "Feature", "geometry": {"type": "LineString", "coordinates": [[-0.0979836, 51.5178405], [-0.0978058, 51.5177088]]}, "properties": {"osm_id": 1525433130, "category": "footway", "footway": "sidewalk", "highway": "footway", "street:name": "Albion Way", "tunnel": "building_passage"}}, {"type": "Feature", "geometry": {"type": "LineString", "coordinates": [[-0.0978058, 51.5177088], [-0.0976997, 51.5177231], [-0.0975975, 51.5177276], [-0.0974894, 51.5177244]]}, "properties": {"osm_id": 1525433131, "category": "footway", "footway": "sidewalk", "highway": "footway", "street:name": "Montague Street", "tunnel": "building_passage"}}, {"type": "Feature", "geometry": {"type": "LineString", "coordinates": [[-0.0995628, 51.5181163], [-0.0995889, 51.51813], [-0.0996026, 51.5181216], [-0.0996198, 51.5181169], [-0.099651, 51.5181268]]}, "properties": {"osm_id": 1525433132, "category": "footway", "footway": "sidewalk", "highway": "footway", "street:name": "Little Britain"}}, {"type": "Feature", "geometry": {"type": "LineString", "coordinates": [[-0.0995889, 51.51813], [-0.099577, 51.5181392]]}, "properties": {"osm_id": 1525433133, "category": "footway", "footway": "sidewalk", "highway": "footway", "street:name": "Bartholomew Close"}}, {"type": "Feature", "geometry": {"type": "LineString", "coordinates": [[-0.0995453, 51.5181028], [-0.0995294, 51.5181126]]}, "properties": {"osm_id": 1525433134, "category": "footway", "footway": "sidewalk", "highway": "footway", "street:name": "Bartholomew Close"}}, {"type": "Feature", "geometry": {"type": "LineString", "coordinates": [[-0.099577, 51.5181392], [-0.0994553, 51.5182247]]}, "properties": {"osm_id": 1525433135, "category": "footway", "footway": "sidewalk", "highway": "footway", "street:name": "Bartholomew Close", "tunnel": "building_passage"}}, {"type": "Feature", "geometry": {"type": "LineString", "coordinates": [[-0.0995294, 51.5181126], [-0.0994033, 51.5181839]]}, "properties": {"osm_id": 1525433136, "category": "footway", "footway": "sidewalk", "highway": "footway", "street:name": "Bartholomew Close", "tunnel": "building_passage"}}, {"type": "Feature", "geometry": {"type": "LineString", "coordinates": [[-0.0985334, 51.5190759], [-0.0986457, 51.519141], [-0.0986795, 51.5191692]]}, "properties": {"osm_id": 1525433137, "category": "footway", "footway": "sidewalk", "highway": "footway", "street:name": "Kinghorn Street"}}, {"type": "Feature", "geometry": {"type": "LineString", "coordinates": [[-0.0986795, 51.5191692], [-0.0987027, 51.5191629], [-0.0987354, 51.5191613], [-0.0987794, 51.5191853], [-0.0988801, 51.5192685], [-0.0989243, 51.5193059], [-0.0989449, 51.5193132], [-0.0989574, 51.5193151]]}, "properties": {"osm_id": 1525433138, "category": "footway", "footway": "sidewalk", "highway": "footway", "street:name": "Kinghorn Street"}}, {"type": "Feature", "geometry": {"type": "LineString", "coordinates": [[-0.0988874, 51.5193413], [-0.0988891, 51.5193442], [-0.0988878, 51.5193486], [-0.0988836, 51.5193523], [-0.0986705, 51.5194295], [-0.0983442, 51.5195501], [-0.0980735, 51.5196468], [-0.0980565, 51.5196509], [-0.0980378, 51.519653]]}, "properties": {"osm_id": 1525433139, "category": "footway", "footway": "sidewalk", "highway": "footway", "street:name": "Middle Street"}}, {"type": "Feature", "geometry": {"type": "LineString", "coordinates": [[-0.0985312, 51.5192343], [-0.0985996, 51.5191996], [-0.0986685, 51.5191722], [-0.0986795, 51.5191692]]}, "properties": {"osm_id": 1525433140, "category": "footway", "footway": "sidewalk", "highway": "footway", "street:name": "Newbury Street"}}, {"type": "Feature", "geometry": {"type": "LineString", "coordinates": [[-0.0987297, 51.5192065], [-0.0987385, 51.5192119], [-0.0988821, 51.5193322], [-0.0988874, 51.5193413]]}, "properties": {"osm_id": 1525433141, "category": "footway", "footway": "sidewalk", "highway": "footway", "street:name": "Kinghorn Street"}}, {"type": "Feature", "geometry": {"type": "LineString", "coordinates": [[-0.0980462, 51.5196975], [-0.0980879, 51.5197547]]}, "properties": {"osm_id": 1525433142, "category": "footway", "footway": "sidewalk", "highway": "footway", "street:name": "Cloth Street"}}, {"type": "Feature", "geometry": {"type": "LineString", "coordinates": [[-0.0989911, 51.5193772], [-0.099058, 51.5193478]]}, "properties": {"osm_id": 1525433143, "category": "footway", "footway": "sidewalk", "highway": "footway", "street:name": "Cloth Fair"}}, {"type": "Feature", "geometry": {"type": "LineString", "coordinates": [[-0.099058, 51.5193478], [-0.0990747, 51.519341], [-0.0991078, 51.5193276], [-0.0991206, 51.5193224]]}, "properties": {"osm_id": 1525433144, "category": "footway", "crossing": "unmarked", "crossing:markings": "no", "footway": "crossing", "highway": "footway"}}, {"type": "Feature", "geometry": {"type": "LineString", "coordinates": [[-0.0991206, 51.5193224], [-0.0992193, 51.5192829]]}, "properties": {"osm_id": 1525433145, "category": "footway", "footway": "sidewalk", "highway": "footway", "street:name": "Cloth Fair"}}, {"type": "Feature", "geometry": {"type": "LineString", "coordinates": [[-0.0992193, 51.5192829], [-0.0992377, 51.5192754], [-0.0992631, 51.519265], [-0.0992777, 51.5192591]]}, "properties": {"osm_id": 1525433146, "category": "footway", "crossing": "unmarked", "crossing:markings": "no", "footway": "crossing", "highway": "footway"}}, {"type": "Feature", "geometry": {"type": "LineString", "coordinates": [[-0.0992777, 51.5192591], [-0.0994029, 51.5192057]]}, "properties": {"osm_id": 1525433147, "category": "footway", "footway": "sidewalk", "highway": "footway", "street:name": "Cloth Fair"}}, {"type": "Feature", "geometry": {"type": "LineString", "coordinates": [[-0.0994527, 51.5192566], [-0.0994126, 51.5192143], [-0.0994029, 51.5192057]]}, "properties": {"osm_id": 1525433148, "category": "footway", "highway": "footway"}}, {"type": "Feature", "geometry": {"type": "LineString", "coordinates": [[-0.0995276, 51.5191569], [-0.0995426, 51.5191505], [-0.0995753, 51.5191367], [-0.0995872, 51.5191316]]}, "properties": {"osm_id": 1525433149, "category": "footway", "crossing": "unmarked", "crossing:markings": "no", "footway": "crossing", "highway": "footway"}}, {"type": "Feature", "geometry": {"type": "LineString", "coordinates": [[-0.0995872, 51.5191316], [-0.0996592, 51.5191057]]}, "properties": {"osm_id": 1525433150, "category": "footway", "footway": "sidewalk", "highway": "footway", "street:name": "Cloth Fair"}}, {"type": "Feature", "geometry": {"type": "LineString", "coordinates": [[-0.0996592, 51.5191057], [-0.0996739, 51.5191], [-0.0996864, 51.5190952]]}, "properties": {"osm_id": 1525433151, "category": "footway", "crossing": "unmarked", "crossing:markings": "no", "footway": "crossing", "highway": "footway"}}, {"type": "Feature", "geometry": {"type": "LineString", "coordinates": [[-0.0996864, 51.5190952], [-0.0998051, 51.5190391], [-0.0998293, 51.5190209], [-0.0999421, 51.5189469], [-0.1000535, 51.5188732], [-0.1001579, 51.5188092], [-0.1002447, 51.5187526], [-0.1004171, 51.5186602], [-0.1004422, 51.5186637]]}, "properties": {"osm_id": 1525433152, "category": "footway", "footway": "sidewalk", "highway": "footway", "street:name": "Cloth Fair"}}, {"type": "Feature", "geometry": {"type": "LineString", "coordinates": [[-0.0994275, 51.5156868], [-0.1000091, 51.5157787], [-0.100038, 51.5157833]]}, "properties": {"osm_id": 1525468640, "category": "footway", "footway": "sidewalk", "highway": "footway", "street:name": "Newgate Street", "surface": "paving_stones"}}, {"type": "Feature", "geometry": {"type": "LineString", "coordinates": [[-0.0995016, 51.5155737], [-0.0995252, 51.5155809], [-0.0995401, 51.5155883]]}, "properties": {"osm_id": 1525468641, "category": "footway", "footway": "sidewalk", "highway": "footway", "street:name": "Newgate Street"}}, {"type": "Feature", "geometry": {"type": "LineString", "coordinates": [[-0.0985228, 51.515425], [-0.0984955, 51.5154115], [-0.0982968, 51.5153579], [-0.0982171, 51.5153347], [-0.0977403, 51.515188], [-0.0977123, 51.5151858], [-0.0976572, 51.515188], [-0.0975901, 51.5151956], [-0.0975158, 51.5152022], [-0.0974624, 51.5152155]]}, "properties": {"osm_id": 1525468642, "category": "footway", "footway": "sidewalk", "highway": "footway"}}, {"type": "Feature", "geometry": {"type": "LineString", "coordinates": [[-0.0983742, 51.5160668], [-0.0984139, 51.5160476], [-0.0984577, 51.5160092], [-0.098494, 51.515948], [-0.0985048, 51.5159082], [-0.0985405, 51.5155502], [-0.0985498, 51.5154639], [-0.0985407, 51.5154416], [-0.0985228, 51.515425]]}, "properties": {"osm_id": 1525468643, "category": "footway", "footway": "sidewalk", "highway": "footway", "street:name": "King Edward Street"}}, {"type": "Feature", "geometry": {"type": "LineString", "coordinates": [[-0.0985295, 51.5161537], [-0.0984858, 51.5161508], [-0.0983983, 51.5161772]]}, "properties": {"osm_id": 1525468644, "category": "footway", "footway": "sidewalk", "highway": "footway", "street:name": "King Edward Street"}}, {"type": "Feature", "geometry": {"type": "LineString", "coordinates": [[-0.0984512, 51.5160983], [-0.0984858, 51.5161508]]}, "properties": {"osm_id": 1525468645, "category": "footway", "footway": "sidewalk", "highway": "footway", "street:name": "King Edward Street"}}, {"type": "Feature", "geometry": {"type": "LineString", "coordinates": [[-0.0986767, 51.5169875], [-0.0986982, 51.5171857]]}, "properties": {"osm_id": 1525468646, "category": "footway", "footway": "sidewalk", "highway": "footway", "street:name": "Little Britain"}}, {"type": "Feature", "geometry": {"type": "LineString", "coordinates": [[-0.0966774, 51.520524], [-0.0966442, 51.5204546]]}, "properties": {"osm_id": 1525535338, "category": "steps", "bridge": "yes", "highway": "steps", "layer": "1", "name": "White Lyon Court"}}, {"type": "Feature", "geometry": {"type": "LineString", "coordinates": [[-0.0968312, 51.5208388], [-0.0966774, 51.520524]]}, "properties": {"osm_id": 1525535339, "category": "footway", "highway": "footway", "layer": "1", "level": "1", "name": "White Lyon Court"}}, {"type": "Feature", "geometry": {"type": "LineString", "coordinates": [[-0.0966402, 51.5204464], [-0.0965458, 51.5203506]]}, "properties": {"osm_id": 1525535340, "category": "footway", "highway": "footway", "layer": "1", "level": "2", "name": "White Lyon Court"}}, {"type": "Feature", "geometry": {"type": "LineString", "coordinates": [[-0.0912944, 51.5181841], [-0.091389, 51.5181994], [-0.0917338, 51.518277], [-0.0923047, 51.5184055]]}, "properties": {"osm_id": 1525711658, "category": "footway", "footway": "sidewalk", "highway": "footway", "street:name": "Fore Street"}}, {"type": "Feature", "geometry": {"type": "LineString", "coordinates": [[-0.0923047, 51.5184055], [-0.0923379, 51.5184137], [-0.0924015, 51.5184282]]}, "properties": {"osm_id": 1525711659, "category": "footway", "footway": "crossing", "highway": "footway", "street:name": "Fore Street"}}, {"type": "Feature", "geometry": {"type": "LineString", "coordinates": [[-0.0924015, 51.5184282], [-0.0926069, 51.5184769], [-0.0928267, 51.5185278], [-0.0930006, 51.5185681]]}, "properties": {"osm_id": 1525711660, "category": "footway", "footway": "sidewalk", "highway": "footway", "street:name": "Fore Street"}}, {"type": "Feature", "geometry": {"type": "LineString", "coordinates": [[-0.0930006, 51.5185681], [-0.0930341, 51.5185711], [-0.0930421, 51.5185708], [-0.0930822, 51.5185673], [-0.0931127, 51.5185587], [-0.0931285, 51.5185497], [-0.0931394, 51.5185394]]}, "properties": {"osm_id": 1525711661, "category": "footway", "footway": "crossing", "highway": "footway", "street:name": "Fore Street"}}, {"type": "Feature", "geometry": {"type": "LineString", "coordinates": [[-0.0931394, 51.5185394], [-0.0933383, 51.5182183]]}, "properties": {"osm_id": 1525711662, "category": "footway", "footway": "sidewalk", "highway": "footway", "street:name": "Wood Street"}}, {"type": "Feature", "geometry": {"type": "LineString", "coordinates": [[-0.093178, 51.5181078], [-0.0931645, 51.5180955], [-0.0931506, 51.5180891], [-0.0931347, 51.5180848], [-0.093017, 51.5180576], [-0.0929784, 51.5180487], [-0.0929386, 51.5180396], [-0.0927881, 51.518003]]}, "properties": {"osm_id": 1525711663, "category": "footway", "footway": "sidewalk", "highway": "footway", "street:name": "St Alphage Garden"}}, {"type": "Feature", "geometry": {"type": "LineString", "coordinates": [[-0.0927881, 51.518003], [-0.092699, 51.5179803], [-0.0926821, 51.5179687], [-0.0924651, 51.5179162]]}, "properties": {"osm_id": 1525711664, "category": "footway", "footway": "sidewalk", "highway": "footway", "street:name": "St Alphage Garden"}}, {"type": "Feature", "geometry": {"type": "LineString", "coordinates": [[-0.0924651, 51.5179162], [-0.0923116, 51.5178767], [-0.0922844, 51.5178654]]}, "properties": {"osm_id": 1525711665, "category": "footway", "footway": "sidewalk", "highway": "footway", "street:name": "St Alphage Garden"}}, {"type": "Feature", "geometry": {"type": "LineString", "coordinates": [[-0.0931947, 51.5180012], [-0.0933944, 51.5176816]]}, "properties": {"osm_id": 1525711666, "category": "footway", "footway": "sidewalk", "highway": "footway", "street:name": "Wood Street"}}, {"type": "Feature", "geometry": {"type": "LineString", "coordinates": [[-0.0912944, 51.5181841], [-0.091253, 51.5181808], [-0.0912106, 51.518186], [-0.0911656, 51.5182117], [-0.0909618, 51.5185206]]}, "properties": {"osm_id": 1525711667, "category": "footway", "footway": "sidewalk", "highway": "footway", "street:name": "Moor Lane"}}, {"type": "Feature", "geometry": {"type": "LineString", "coordinates": [[-0.0967914, 51.5169068], [-0.0967931, 51.5168846], [-0.0968437, 51.5164253], [-0.0968328, 51.5164009]]}, "properties": {"osm_id": 1525757287, "category": "footway", "footway": "sidewalk", "highway": "footway", "street:name": "St. Martin's Le Grand", "surface": "paving_stones"}}, {"type": "Feature", "geometry": {"type": "LineString", "coordinates": [[-0.0966897, 51.5172646], [-0.0967319, 51.5172273]]}, "properties": {"osm_id": 1525757288, "category": "footway", "footway": "sidewalk", "highway": "footway", "street:name": "Aldersgate Street", "surface": "paving_stones"}}, {"type": "Feature", "geometry": {"type": "LineString", "coordinates": [[-0.0967319, 51.5172273], [-0.0967434, 51.5172009], [-0.096749, 51.5171874], [-0.0967772, 51.517008], [-0.0967896, 51.516929], [-0.0967914, 51.5169068]]}, "properties": {"osm_id": 1525757289, "category": "footway", "footway": "sidewalk", "highway": "footway", "street:name": "Aldersgate Street", "surface": "paving_stones"}}, {"type": "Feature", "geometry": {"type": "LineString", "coordinates": [[-0.09648, 51.5173771], [-0.0965473, 51.5173547], [-0.0966121, 51.5173268], [-0.0966897, 51.5172646]]}, "properties": {"osm_id": 1525757290, "category": "footway", "footway": "sidewalk", "highway": "footway", "street:name": "Aldersgate Rotunda", "surface": "paving_stones"}}, {"type": "Feature", "geometry": {"type": "LineString", "coordinates": [[-0.0957038, 51.5175993], [-0.095552, 51.5175989]]}, "properties": {"osm_id": 1525757291, "category": "footway", "footway": "sidewalk", "highway": "footway", "street:name": "London Wall"}}, {"type": "Feature", "geometry": {"type": "LineString", "coordinates": [[-0.0954633, 51.5174086], [-0.095526, 51.5174164], [-0.0955946, 51.5174197]]}, "properties": {"osm_id": 1525757292, "category": "footway", "footway": "sidewalk", "highway": "footway", "street:name": "London Wall", "surface": "paving_stones"}}, {"type": "Feature", "geometry": {"type": "LineString", "coordinates": [[-0.0955946, 51.5174197], [-0.0956511, 51.5174191]]}, "properties": {"osm_id": 1525757293, "category": "footway", "covered": "yes", "footway": "sidewalk", "highway": "footway", "street:name": "London Wall", "surface": "paving_stones"}}, {"type": "Feature", "geometry": {"type": "LineString", "coordinates": [[-0.0957627, 51.517599], [-0.0957038, 51.5175993]]}, "properties": {"osm_id": 1525757294, "category": "footway", "covered": "yes", "footway": "sidewalk", "highway": "footway", "street:name": "London Wall"}}, {"type": "Feature", "geometry": {"type": "LineString", "coordinates": [[-0.0938937, 51.5172256], [-0.0939046, 51.5172093]]}, "properties": {"osm_id": 1525757295, "category": "footway", "footway": "sidewalk", "highway": "footway", "surface": "paving_stones"}}, {"type": "Feature", "geometry": {"type": "LineString", "coordinates": [[-0.0968975, 51.5185239], [-0.0968667, 51.5185437], [-0.0968109, 51.5185427], [-0.0964888, 51.5184649]]}, "properties": {"osm_id": 1525833065, "category": "footway", "footway": "sidewalk", "highway": "footway"}}, {"type": "Feature", "geometry": {"type": "LineString", "coordinates": [[-0.0964888, 51.5184649], [-0.09644, 51.5184529]]}, "properties": {"osm_id": 1525833066, "category": "footway", "covered": "yes", "footway": "sidewalk", "highway": "footway"}}, {"type": "Feature", "geometry": {"type": "LineString", "coordinates": [[-0.09644, 51.5184529], [-0.0963951, 51.5184424]]}, "properties": {"osm_id": 1525833067, "category": "footway", "footway": "sidewalk", "highway": "footway"}}, {"type": "Feature", "geometry": {"type": "LineString", "coordinates": [[-0.0958559, 51.5207331], [-0.0957787, 51.5207426]]}, "properties": {"osm_id": 1525881417, "category": "steps", "access": "private", "bridge": "yes", "highway": "steps"}}, {"type": "Feature", "geometry": {"type": "LineString", "coordinates": [[-0.0958595, 51.5207444], [-0.0957824, 51.5207538]]}, "properties": {"osm_id": 1525881418, "category": "steps", "access": "private", "bridge": "yes", "highway": "steps"}}, {"type": "Feature", "geometry": {"type": "LineString", "coordinates": [[-0.0957824, 51.5207538], [-0.0957733, 51.5207549], [-0.0957697, 51.5207437], [-0.0957787, 51.5207426]]}, "properties": {"osm_id": 1525881419, "category": "footway", "access": "private", "bridge": "yes", "highway": "footway"}}, {"type": "Feature", "geometry": {"type": "LineString", "coordinates": [[-0.0965844, 51.5204567], [-0.0965458, 51.5203506]]}, "properties": {"osm_id": 1525904774, "category": "footway", "highway": "footway", "layer": "1", "name": "White Lyon Court"}}, {"type": "Feature", "geometry": {"type": "LineString", "coordinates": [[-0.0968312, 51.5208388], [-0.0967547, 51.5208123]]}, "properties": {"osm_id": 1525904775, "category": "footway", "highway": "footway", "layer": "1", "name": "White Lyon Court"}}, {"type": "Feature", "geometry": {"type": "LineString", "coordinates": [[-0.0966442, 51.5204546], [-0.0966402, 51.5204464]]}, "properties": {"osm_id": 1525904776, "category": "footway", "bridge": "yes", "highway": "footway", "layer": "1", "level": "2", "name": "White Lyon Court"}}, {"type": "Feature", "geometry": {"type": "LineString", "coordinates": [[-0.096082, 51.5211144], [-0.0960399, 51.5211221]]}, "properties": {"osm_id": 1525904780, "category": "steps", "access": "private", "bridge": "yes", "highway": "steps"}}, {"type": "Feature", "geometry": {"type": "LineString", "coordinates": [[-0.0960753, 51.5211003], [-0.096033, 51.5211081]]}, "properties": {"osm_id": 1525904781, "category": "steps", "access": "private", "bridge": "yes", "highway": "steps"}}, {"type": "Feature", "geometry": {"type": "LineString", "coordinates": [[-0.0960399, 51.5211221], [-0.0960287, 51.5211242], [-0.0960217, 51.5211102], [-0.096033, 51.5211081]]}, "properties": {"osm_id": 1525904782, "category": "footway", "access": "private", "bridge": "yes", "highway": "footway"}}, {"type": "Feature", "geometry": {"type": "LineString", "coordinates": [[-0.0969407, 51.5202773], [-0.0971246, 51.5202429], [-0.0972017, 51.5202756], [-0.0972216, 51.520374]]}, "properties": {"osm_id": 1525904785, "category": "footway", "bicycle": "no", "highway": "footway", "layer": "2", "surface": "asphalt"}}, {"type": "Feature", "geometry": {"type": "LineString", "coordinates": [[-0.0969026, 51.5202843], [-0.0969216, 51.5202807], [-0.0969407, 51.5202773]]}, "properties": {"osm_id": 1525904786, "category": "footway", "bicycle": "no", "highway": "footway", "layer": "2", "surface": "asphalt", "tunnel": "building_passage"}}, {"type": "Feature", "geometry": {"type": "LineString", "coordinates": [[-0.0968378, 51.5201055], [-0.096829, 51.5200873]]}, "properties": {"osm_id": 1525904787, "category": "footway", "highway": "footway", "layer": "1", "level": "2", "lit": "yes", "surface": "paving_stones", "tunnel": "building_passage"}}, {"type": "Feature", "geometry": {"type": "LineString", "coordinates": [[-0.0962956, 51.5201496], [-0.0963394, 51.5201613], [-0.0964121, 51.5201782], [-0.0964281, 51.5201819]]}, "properties": {"osm_id": 1525904788, "category": "footway", "bridge": "yes", "highway": "footway", "layer": "1", "level": "2", "surface": "paving_stones", "tunnel": "building_passage"}}, {"type": "Feature", "geometry": {"type": "LineString", "coordinates": [[-0.0968585, 51.5212493], [-0.0968559, 51.5212439], [-0.0968533, 51.5212385], [-0.0968416, 51.5212144]]}, "properties": {"osm_id": 1525938951, "category": "steps", "access": "private", "bridge": "yes", "highway": "steps"}}, {"type": "Feature", "geometry": {"type": "LineString", "coordinates": [[-0.0968238, 51.5212176], [-0.0968355, 51.5212418], [-0.0968381, 51.5212472], [-0.0968407, 51.5212526]]}, "properties": {"osm_id": 1525938952, "category": "steps", "access": "private", "bridge": "yes", "highway": "steps"}}, {"type": "Feature", "geometry": {"type": "LineString", "coordinates": [[-0.0968416, 51.5212144], [-0.096839, 51.5212089], [-0.0968212, 51.5212122], [-0.0968238, 51.5212176]]}, "properties": {"osm_id": 1525938953, "category": "footway", "access": "private", "bridge": "yes", "highway": "footway"}}, {"type": "Feature", "geometry": {"type": "LineString", "coordinates": [[-0.0968533, 51.5212385], [-0.0968559, 51.5212439], [-0.0968381, 51.5212472], [-0.0968355, 51.5212418]]}, "properties": {"osm_id": 1525938954, "category": "footway", "access": "private", "bridge": "yes", "highway": "footway", "tunnel": "building_passage"}}, {"type": "Feature", "geometry": {"type": "LineString", "coordinates": [[-0.0968533, 51.5212385], [-0.0968416, 51.5212144]]}, "properties": {"osm_id": 1525938955, "category": "steps", "access": "private", "bridge": "yes", "highway": "steps", "tunnel": "building_passage"}}, {"type": "Feature", "geometry": {"type": "LineString", "coordinates": [[-0.0968416, 51.5212144], [-0.096839, 51.5212089], [-0.0968212, 51.5212122], [-0.0968238, 51.5212176]]}, "properties": {"osm_id": 1525938956, "category": "footway", "access": "private", "bridge": "yes", "highway": "footway", "tunnel": "building_passage"}}, {"type": "Feature", "geometry": {"type": "LineString", "coordinates": [[-0.0968238, 51.5212176], [-0.0968355, 51.5212418]]}, "properties": {"osm_id": 1525938957, "category": "steps", "access": "private", "bridge": "yes", "highway": "steps", "tunnel": "building_passage"}}, {"type": "Feature", "geometry": {"type": "LineString", "coordinates": [[-0.0969591, 51.5214999], [-0.0969565, 51.5214946], [-0.0969743, 51.5214912], [-0.096977, 51.5214966]]}, "properties": {"osm_id": 1525938962, "category": "footway", "access": "private", "bridge": "yes", "highway": "footway", "tunnel": "building_passage"}}, {"type": "Feature", "geometry": {"type": "LineString", "coordinates": [[-0.0969538, 51.5214891], [-0.0969565, 51.5214946], [-0.0969591, 51.5214999], [-0.0969709, 51.521524]]}, "properties": {"osm_id": 1525938964, "category": "steps", "access": "private", "bridge": "yes", "highway": "steps"}}, {"type": "Feature", "geometry": {"type": "LineString", "coordinates": [[-0.0969888, 51.5215208], [-0.096977, 51.5214966], [-0.0969743, 51.5214912], [-0.0969717, 51.5214858]]}, "properties": {"osm_id": 1525938965, "category": "steps", "access": "private", "bridge": "yes", "highway": "steps"}}, {"type": "Feature", "geometry": {"type": "LineString", "coordinates": [[-0.0969709, 51.521524], [-0.0969736, 51.5215295], [-0.0969914, 51.5215262], [-0.0969888, 51.5215208]]}, "properties": {"osm_id": 1525938966, "category": "footway", "access": "private", "bridge": "yes", "highway": "footway"}}, {"type": "Feature", "geometry": {"type": "LineString", "coordinates": [[-0.0969717, 51.5214858], [-0.0969582, 51.5214584]]}, "properties": {"osm_id": 1525938969, "category": "footway", "access": "private", "bridge": "yes", "highway": "footway"}}, {"type": "Feature", "geometry": {"type": "LineString", "coordinates": [[-0.0955229, 51.5154246], [-0.0955076, 51.5154239], [-0.0954918, 51.5154213], [-0.095478, 51.515415], [-0.0954697, 51.5154057], [-0.095465, 51.5153938], [-0.095456, 51.5150948], [-0.0954528, 51.5150408], [-0.0954513, 51.5150219], [-0.095451, 51.5150125]]}, "properties": {"osm_id": 1526028955, "category": "footway", "footway": "sidewalk", "highway": "footway", "street:name": "Gutter Lane"}}, {"type": "Feature", "geometry": {"type": "LineString", "coordinates": [[-0.0962409, 51.5155043], [-0.095633, 51.5154293], [-0.0955229, 51.5154246]]}, "properties": {"osm_id": 1526028956, "category": "footway", "footway": "sidewalk", "highway": "footway"}}, {"type": "Feature", "geometry": {"type": "LineString", "coordinates": [[-0.0955297, 51.5154799], [-0.0955299, 51.5157073], [-0.095531, 51.5158251], [-0.0955358, 51.5159007]]}, "properties": {"osm_id": 1526028957, "category": "footway", "footway": "sidewalk", "highway": "footway", "street:name": "Gutter Lane"}}, {"type": "Feature", "geometry": {"type": "LineString", "coordinates": [[-0.0954504, 51.5172884], [-0.0954552, 51.5173024], [-0.0954615, 51.517321]]}, "properties": {"osm_id": 1526107378, "category": "footway", "crossing": "unmarked", "crossing:markings": "no", "footway": "crossing", "highway": "footway"}}, {"type": "Feature", "geometry": {"type": "LineString", "coordinates": [[-0.0954615, 51.517321], [-0.0954633, 51.5174086]]}, "properties": {"osm_id": 1526107379, "category": "footway", "footway": "sidewalk", "highway": "footway", "street:name": "Noble Street"}}, {"type": "Feature", "geometry": {"type": "LineString", "coordinates": [[-0.0953415, 51.5172295], [-0.0953922, 51.51724], [-0.0954463, 51.5172512]]}, "properties": {"osm_id": 1526107380, "category": "footway", "footway": "sidewalk", "highway": "footway", "street:name": "Noble Street"}}, {"type": "Feature", "geometry": {"type": "LineString", "coordinates": [[-0.0951664, 51.521082], [-0.0951857, 51.5210805]]}, "properties": {"osm_id": 1526331127, "category": "footway", "highway": "footway", "name:etymology:wikidata": "Q1619586", "ref:GB:usrn": "8100158", "street:name": "Cripplegate Street"}}, {"type": "Feature", "geometry": {"type": "LineString", "coordinates": [[-0.0951489, 51.5210412], [-0.0951384, 51.5210095]]}, "properties": {"osm_id": 1526331128, "category": "footway", "footway": "sidewalk", "highway": "footway", "street:name": "Viscount Street"}}, {"type": "Feature", "geometry": {"type": "LineString", "coordinates": [[-0.0957297, 51.5204826], [-0.0957271, 51.5204897], [-0.0957249, 51.5204895], [-0.095718, 51.5204903], [-0.0957117, 51.5204922], [-0.0957067, 51.5204949], [-0.0957031, 51.5204982], [-0.0957008, 51.520502], [-0.0957002, 51.5205061], [-0.0957011, 51.5205101], [-0.0957037, 51.5205138], [-0.0957077, 51.520517], [-0.0957128, 51.5205195], [-0.0957187, 51.5205211], [-0.0957251, 51.5205218], [-0.0957316, 51.5205214]]}, "properties": {"osm_id": 1526508863, "category": "footway", "access": "private", "bridge": "yes", "highway": "footway", "layer": "3", "level": "2"}}, {"type": "Feature", "geometry": {"type": "LineString", "coordinates": [[-0.0957316, 51.5205214], [-0.0957377, 51.52052], [-0.0957435, 51.5205176], [-0.095748, 51.5205142], [-0.0957509, 51.5205102], [-0.095752, 51.5205059], [-0.0957511, 51.5205015], [-0.0957484, 51.5204975], [-0.0957441, 51.5204941], [-0.0957385, 51.5204915], [-0.0957328, 51.5204901]]}, "properties": {"osm_id": 1526508864, "category": "steps", "access": "private", "bridge": "yes", "highway": "steps", "layer": "3", "level": "1.5"}}, {"type": "Feature", "geometry": {"type": "LineString", "coordinates": [[-0.0957328, 51.5204901], [-0.0957271, 51.5204897], [-0.0957249, 51.5204895], [-0.095718, 51.5204903]]}, "properties": {"osm_id": 1526508865, "category": "steps", "access": "private", "bridge": "yes", "highway": "steps", "layer": "2", "level": "1.5", "tunnel": "building_passage"}}, {"type": "Feature", "geometry": {"type": "LineString", "coordinates": [[-0.095718, 51.5204903], [-0.0957117, 51.5204922], [-0.0957067, 51.5204949], [-0.0957031, 51.5204982], [-0.0957008, 51.520502], [-0.0957002, 51.5205061], [-0.0957011, 51.5205101], [-0.0957037, 51.5205138], [-0.0957077, 51.520517], [-0.0957128, 51.5205195], [-0.0957187, 51.5205211], [-0.0957251, 51.5205218], [-0.0957316, 51.5205214]]}, "properties": {"osm_id": 1526508866, "category": "footway", "access": "private", "bridge": "yes", "highway": "footway", "layer": "2", "level": "1", "tunnel": "building_passage"}}, {"type": "Feature", "geometry": {"type": "LineString", "coordinates": [[-0.0957316, 51.5205214], [-0.0957377, 51.52052], [-0.0957435, 51.5205176], [-0.095748, 51.5205142], [-0.0957509, 51.5205102], [-0.095752, 51.5205059], [-0.0957511, 51.5205015], [-0.0957484, 51.5204975], [-0.0957441, 51.5204941], [-0.0957385, 51.5204915], [-0.0957328, 51.5204901], [-0.0957271, 51.5204897], [-0.0957249, 51.5204895], [-0.095718, 51.5204903]]}, "properties": {"osm_id": 1526508867, "category": "steps", "access": "private", "bridge": "yes", "highway": "steps", "layer": "1", "level": "0.5", "tunnel": "building_passage"}}]}