{"type": "FeatureCollection", "features": [{"type": "Feature", "geometry": {"type": "Polygon", "coordinates": [[[-0.10158528321972117, 51.511878687485876], [-0.10158154724985495, 51.511968552548694], [-0.10143752712514674, 51.511966221299936], [-0.10144126337806045, 51.51187635624459], [-0.10158528321972117, 51.511878687485876]]]}, "properties": {"NoiseClass": "55.0-59.9"}}, {"type": "Feature", "geometry": {"type": "Polygon", "coordinates": [[[-0.08617150400183518, 51.51171810667981], [-0.08631552206598436, 51.51172045666216], [-0.08631175607433211, 51.51181032092963], [-0.08616773772714853, 51.51180797093976], [-0.08617150400183518, 51.51171810667981]]]}, "properties": {"NoiseClass": "55.0-59.9"}}, {"type": "Feature", "geometry": {"type": "Polygon", "coordinates": [[[-0.10475372463165267, 51.51192993008029], [-0.10475745435511674, 51.51184006485196], [-0.10504549438151874, 51.51184471901312], [-0.10504176522415282, 51.51193458425634], [-0.1051857855493593, 51.511936911079246], [-0.10518951442367691, 51.51184704582858], [-0.10533353448519024, 51.51184937246732], [-0.10532607728333147, 51.512029102981955], [-0.10518205665571798, 51.512026776328334], [-0.10517832774275329, 51.512116641575815], [-0.10489028597942679, 51.51211198772349], [-0.10488655648102989, 51.51220185295453], [-0.10474253534528824, 51.512199525755804], [-0.10475372463165267, 51.51192993008029]]]}, "properties": {"NoiseClass": "55.0-59.9"}}, {"type": "Feature", "geometry": {"type": "Polygon", "coordinates": [[[-0.08602371939948025, 51.511805620773174], [-0.08616773772714853, 51.51180797093976], [-0.08616397143294337, 51.51189783519814], [-0.08601995282223954, 51.511895485024034], [-0.08602371939948025, 51.511805620773174]]]}, "properties": {"NoiseClass": "55.0-59.9"}}, {"type": "Feature", "geometry": {"type": "Polygon", "coordinates": [[[-0.10143379085287198, 51.51205608635369], [-0.10142631825023281, 51.51223581645651], [-0.10070621367148254, 51.51222415744985], [-0.10071368910462655, 51.51204442742165], [-0.10100172974581884, 51.512049091524666], [-0.10100546686723968, 51.511959226493275], [-0.10129350701980325, 51.51196388987445], [-0.10128977046447936, 51.51205375492075], [-0.10143379085287198, 51.51205608635369]]]}, "properties": {"NoiseClass": "55.0-59.9"}}, {"type": "Feature", "geometry": {"type": "Polygon", "coordinates": [[[-0.08587593423105734, 51.511893134673194], [-0.08601995282223954, 51.511895485024034], [-0.08601618622547912, 51.51198534927332], [-0.08587216735125938, 51.51198299891495], [-0.08587593423105734, 51.511893134673194]]]}, "properties": {"NoiseClass": "55.0-59.9"}}, {"type": "Feature", "geometry": {"type": "Polygon", "coordinates": [[[-0.10157033922409185, 51.51223814772763], [-0.10171436021727859, 51.51224047882201], [-0.10171062445302148, 51.51233034388595], [-0.1015666031767821, 51.5123280127841], [-0.10157033922409185, 51.51223814772763]]]}, "properties": {"NoiseClass": "55.0-59.9"}}, {"type": "Feature", "geometry": {"type": "Polygon", "coordinates": [[[-0.10473507572440202, 51.512379256198244], [-0.10487909742625377, 51.512381583411866], [-0.10487536786987416, 51.51247144863816], [-0.10473134588496419, 51.51246912141711], [-0.10473507572440202, 51.512379256198244]]]}, "properties": {"NoiseClass": "55.0-59.9"}}, {"type": "Feature", "geometry": {"type": "Polygon", "coordinates": [[[-0.10487536786987416, 51.51247144863816], [-0.10516341189764544, 51.51247610255005], [-0.1051596828880566, 51.512565967789676], [-0.10487163829416686, 51.51256131386289], [-0.10487536786987416, 51.51247144863816]]]}, "properties": {"NoiseClass": "55.0-59.9"}}, {"type": "Feature", "geometry": {"type": "Polygon", "coordinates": [[[-0.10171062445302148, 51.51233034388595], [-0.10185464574865344, 51.51233267481106], [-0.10199866706364326, 51.51233500555941], [-0.10199119660927201, 51.5125147357124], [-0.10184717472817127, 51.51251240494912], [-0.10185091024809151, 51.51242253988088], [-0.10170688866940455, 51.51242020894832], [-0.10171062445302148, 51.51233034388595]]]}, "properties": {"NoiseClass": "55.0-59.9"}}, {"type": "Feature", "geometry": {"type": "Polygon", "coordinates": [[[-0.08558412966141547, 51.51197829766805], [-0.08572814849659227, 51.51198064837986], [-0.08587216735125938, 51.51198299891495], [-0.08586840045194129, 51.51207286315512], [-0.08572438131423545, 51.51207051261251], [-0.08571684689095407, 51.51225024107308], [-0.08557282720665695, 51.5122478903387], [-0.08558412966141547, 51.51197829766805]]]}, "properties": {"NoiseClass": "55.0-59.9"}}, {"type": "Feature", "geometry": {"type": "Polygon", "coordinates": [[[-0.10458359377759038, 51.51255665922914], [-0.10487163829416686, 51.51256131386289], [-0.10486790869913225, 51.51265117908602], [-0.10472388614810262, 51.512648851850074], [-0.10457986361643493, 51.512646524437386], [-0.10458359377759038, 51.51255665922914]]]}, "properties": {"NoiseClass": "55.0-59.9"}}, {"type": "Feature", "geometry": {"type": "Polygon", "coordinates": [[[-0.1038597512479612, 51.51263488472286], [-0.10400377368299077, 51.51263721301924], [-0.10400004237025681, 51.51272707819611], [-0.10385601965216623, 51.51272474989227], [-0.1038597512479612, 51.51263488472286]]]}, "properties": {"NoiseClass": "55.0-59.9"}}, {"type": "Feature", "geometry": {"type": "Polygon", "coordinates": [[[-0.10285532830227188, 51.512528716580576], [-0.10285906184079446, 51.51243885146016], [-0.10300308357427838, 51.51244118097882], [-0.10314710532713972, 51.51244351032074], [-0.10315083828020218, 51.512353645183815], [-0.103438881277815, 51.51235830332256], [-0.10343514889086501, 51.512448168474364], [-0.1035791707017592, 51.512450497286075], [-0.10356797427403268, 51.51272009275439], [-0.10342395161395983, 51.51271776392033], [-0.10343141648457264, 51.512538033624594], [-0.10285532830227188, 51.512528716580576]]]}, "properties": {"NoiseClass": "55.0-59.9"}}, {"type": "Feature", "geometry": {"type": "Polygon", "coordinates": [[[-0.1021314835365376, 51.51260693138052], [-0.10227550573941001, 51.51260926179776], [-0.10241952796160539, 51.51261159203829], [-0.10241579353520547, 51.51270145713322], [-0.10212774854401803, 51.51269679646051], [-0.1021314835365376, 51.51260693138052]]]}, "properties": {"NoiseClass": "55.0-59.9"}}, {"type": "Feature", "geometry": {"type": "Polygon", "coordinates": [[[-0.10198746135305094, 51.5126046007865], [-0.10198372607747151, 51.51269446585903], [-0.10183970363025396, 51.51269213508086], [-0.10184343918889158, 51.51260227001578], [-0.10198746135305094, 51.5126046007865]]]}, "properties": {"NoiseClass": "55.0-59.9"}}, {"type": "Feature", "geometry": {"type": "Polygon", "coordinates": [[[-0.08513323150522936, 51.512420565469206], [-0.08527725169703664, 51.51242291674884], [-0.08528101980661706, 51.51233305254506], [-0.08542503973487264, 51.51233540364043], [-0.08556905968268963, 51.51233775455907], [-0.08556529213919789, 51.51242761877788], [-0.08542127190833615, 51.51242526785171], [-0.08541750406227441, 51.51251513206141], [-0.08512946309307581, 51.51251042966385], [-0.08513323150522936, 51.512420565469206]]]}, "properties": {"NoiseClass": "55.0-59.9"}}, {"type": "Feature", "geometry": {"type": "Polygon", "coordinates": [[[-0.1039963110381864, 51.51281694337141], [-0.10399257968677914, 51.512906808545125], [-0.1038485564025614, 51.51290448022639], [-0.10385228803703285, 51.51281461506013], [-0.1039963110381864, 51.51281694337141]]]}, "properties": {"NoiseClass": "55.0-59.9"}}, {"type": "Feature", "geometry": {"type": "Polygon", "coordinates": [[[-0.08498544263775344, 51.51250807819998], [-0.08512946309307581, 51.51251042966385], [-0.08512569466139422, 51.51260029385691], [-0.0849816739230251, 51.51259794238551], [-0.08498544263775344, 51.51250807819998]]]}, "properties": {"NoiseClass": "55.0-59.9"}}, {"type": "Feature", "geometry": {"type": "Polygon", "coordinates": [[[-0.10470896644242167, 51.51300831269705], [-0.10485299012570805, 51.513010639962786], [-0.10484926043403016, 51.51310050517803], [-0.10470523646767602, 51.51309817790486], [-0.10470896644242167, 51.51300831269705]]]}, "properties": {"NoiseClass": "55.0-59.9"}}, {"type": "Feature", "geometry": {"type": "Polygon", "coordinates": [[[-0.0848338841869108, 51.51268545491382], [-0.08497790518876558, 51.51268780656948], [-0.08497413643497491, 51.51277767075186], [-0.08483011515007062, 51.51277531908868], [-0.0848338841869108, 51.51268545491382]]]}, "properties": {"NoiseClass": "55.0-59.9"}}, {"type": "Feature", "geometry": {"type": "Polygon", "coordinates": [[[-0.1037008012008375, 51.51299201688818], [-0.10369333726906414, 51.5131717471979], [-0.10354931317432474, 51.513169418503324], [-0.1035530454329494, 51.51307955335671], [-0.1032649978676644, 51.51307489545225], [-0.10326873067308139, 51.51298503031894], [-0.10355677767223284, 51.51298968820851], [-0.10356050989217468, 51.5128998230587], [-0.10370453313771393, 51.51290215173092], [-0.1037008012008375, 51.51299201688818]]]}, "properties": {"NoiseClass": "55.0-59.9"}}, {"type": "Feature", "geometry": {"type": "Polygon", "coordinates": [[[-0.10368960527416604, 51.513261612350405], [-0.10368587325992791, 51.513351477501324], [-0.10354184859904703, 51.51334914879186], [-0.10354558089635649, 51.51325928364839], [-0.10368960527416604, 51.513261612350405]]]}, "properties": {"NoiseClass": "55.0-59.9"}}, {"type": "Feature", "geometry": {"type": "Polygon", "coordinates": [[[-0.10483434147403285, 51.5134599660232], [-0.1048380712430255, 51.513370100814285], [-0.1048418009926901, 51.51328023560379], [-0.10484926043403016, 51.51310050517803], [-0.10513730842469333, 51.51310515919416], [-0.10513357927982686, 51.513195024422714], [-0.10527760358723272, 51.51319735117309], [-0.10527387470611106, 51.51328721640751], [-0.10512985011563386, 51.513284889649675], [-0.10512612093211439, 51.51337475487508], [-0.10527014580566413, 51.51337708164036], [-0.10526641688589344, 51.513466946871624], [-0.10512239172926999, 51.51346462009887], [-0.10511866250709787, 51.51355448532112], [-0.10497463708675664, 51.51355215836421], [-0.10483061168571009, 51.513549831230556], [-0.10483434147403285, 51.5134599660232]]]}, "properties": {"NoiseClass": "55.0-59.9"}}, {"type": "Feature", "geometry": {"type": "Polygon", "coordinates": [[[-0.1049559892706, 51.51400148441447], [-0.10495971887248792, 51.51391161920758], [-0.10510374542514513, 51.51391394619428], [-0.10510001610634052, 51.514003811408614], [-0.1052440429614401, 51.514006138226], [-0.105240313906391, 51.51409600344621], [-0.1049522596493828, 51.51409134961979], [-0.1049559892706, 51.51400148441447]]]}, "properties": {"NoiseClass": "55.0-59.9"}}, {"type": "Feature", "geometry": {"type": "Polygon", "coordinates": [[[-0.10364855205377253, 51.514250128923685], [-0.1037925795647562, 51.514252457530894], [-0.10378884762084918, 51.51434232267189], [-0.1036448198267775, 51.51433999405721], [-0.10364855205377253, 51.514250128923685]]]}, "properties": {"NoiseClass": "55.0-59.9"}}, {"type": "Feature", "geometry": {"type": "Polygon", "coordinates": [[[-0.10367467710116669, 51.51362107294463], [-0.10367094500956374, 51.51371093808921], [-0.10366721289861995, 51.51380080323224], [-0.10352318682236127, 51.51379847448552], [-0.10351198952423481, 51.514068069882754], [-0.10365601644973735, 51.514070398651825], [-0.10364855205377253, 51.514250128923685], [-0.10350452456209906, 51.51424780013971], [-0.10350079205201676, 51.514337665265785], [-0.10335676429659932, 51.51433533629761], [-0.10336049708976804, 51.51424547117898], [-0.10292841478888902, 51.51423848323629], [-0.1029358820157025, 51.514058753038974], [-0.10307990886382264, 51.51406108251505], [-0.10308364216512314, 51.51397121740656], [-0.1032276687495084, 51.51397354669844], [-0.10323513472790574, 51.51379381646183], [-0.10337916076544416, 51.51379614556203], [-0.10338289344254536, 51.51370628043392], [-0.10352691921638393, 51.51370860934995], [-0.10353065159106305, 51.5136187442128], [-0.10367467710116669, 51.51362107294463]]]}, "properties": {"NoiseClass": "55.0-59.9"}}, {"type": "Feature", "geometry": {"type": "Polygon", "coordinates": [[[-0.08478111589366392, 51.513943553217715], [-0.08492514085834493, 51.51394590497872], [-0.08492137183111116, 51.514035769138914], [-0.08477734658335997, 51.514033417370385], [-0.08478111589366392, 51.513943553217715]]]}, "properties": {"NoiseClass": "55.0-59.9"}}, {"type": "Feature", "geometry": {"type": "Polygon", "coordinates": [[[-0.10378884762084918, 51.51434232267189], [-0.10393287543429193, 51.51434465110981], [-0.10392914375413174, 51.514434516256685], [-0.10378511565759976, 51.5144321878113], [-0.10378884762084918, 51.51434232267189]]]}, "properties": {"NoiseClass": "55.0-59.9"}}, {"type": "Feature", "geometry": {"type": "Polygon", "coordinates": [[[-0.08477357725352128, 51.514123281521485], [-0.08491760278434382, 51.514125633297546], [-0.0849138337180441, 51.514215497454565], [-0.08476980790414823, 51.51421314567101], [-0.08477357725352128, 51.514123281521485]]]}, "properties": {"NoiseClass": "55.0-59.9"}}, {"type": "Feature", "geometry": {"type": "Polygon", "coordinates": [[[-0.105240313906391, 51.51409600344621], [-0.10581642265233965, 51.51410530897806], [-0.10580151076830156, 51.51446476996216], [-0.10565748242046842, 51.51446244381457], [-0.10565375411806642, 51.514552309049186], [-0.10550972550646338, 51.514549982717405], [-0.10550599690164447, 51.514639847943016], [-0.10536196802630222, 51.51463752142703], [-0.10536569691421432, 51.514547656208855], [-0.10522166834125994, 51.51454532952355], [-0.10521793917025503, 51.514635194734275], [-0.10507391033353398, 51.51463286786479], [-0.10508136922240213, 51.514453137456634], [-0.1052253974929384, 51.51445546431125], [-0.105240313906391, 51.51409600344621]]]}, "properties": {"NoiseClass": "55.0-59.9"}}, {"type": "Feature", "geometry": {"type": "Polygon", "coordinates": [[[-0.10549853963403621, 51.51481957838954], [-0.1053545101925024, 51.51481725185865], [-0.10535823911906515, 51.51472738664362], [-0.1055022682775026, 51.51472971316705], [-0.10549853963403621, 51.51481957838954]]]}, "properties": {"NoiseClass": "55.0-59.9"}}, {"type": "Feature", "geometry": {"type": "Polygon", "coordinates": [[[-0.1040582460883409, 51.51479630512679], [-0.10420227535589, 51.514798633248446], [-0.10419854414522452, 51.51488849840232], [-0.10405451459457941, 51.5148861702732], [-0.1040582460883409, 51.51479630512679]]]}, "properties": {"NoiseClass": "55.0-59.9"}}, {"type": "Feature", "geometry": {"type": "Polygon", "coordinates": [[[-0.10392168033579377, 51.514614246545676], [-0.10391421684009605, 51.514793976828365], [-0.10391048506323738, 51.514883841967325], [-0.10362242605861165, 51.51487918482532], [-0.10362615840166224, 51.51478931970126], [-0.10348212921144272, 51.51478699087259], [-0.10348586181824655, 51.51469712575437], [-0.10362989072537132, 51.51469945457561], [-0.10363362302973676, 51.51460958944837], [-0.10392168033579377, 51.514614246545676]]]}, "properties": {"NoiseClass": "55.0-59.9"}}, {"type": "Feature", "geometry": {"type": "Polygon", "coordinates": [[[-0.09743292070881318, 51.51468902046045], [-0.09772097748116731, 51.51469369278825], [-0.09771723353128396, 51.51478355760636], [-0.09771348956199706, 51.514873422422895], [-0.09756946059992025, 51.51487108633243], [-0.09757320485229917, 51.51478122152336], [-0.09742917619274898, 51.51477888526362], [-0.09743292070881318, 51.51468902046045]]]}, "properties": {"NoiseClass": "55.0-59.9"}}, {"type": "Feature", "geometry": {"type": "Polygon", "coordinates": [[[-0.09785751854347789, 51.51487575833661], [-0.09786126222967241, 51.51478589351259], [-0.0978650058964645, 51.51469602868701], [-0.09800903433113313, 51.51469836440904], [-0.09800529094743186, 51.514788229242086], [-0.09843737721719754, 51.51479523537004], [-0.09844111975162435, 51.51470537051459], [-0.0985851482638852, 51.514707705529595], [-0.09857392145169265, 51.51497730011369], [-0.09842989209015336, 51.51497496507628], [-0.09843363466337308, 51.51488510022396], [-0.09785751854347789, 51.51487575833661]]]}, "properties": {"NoiseClass": "55.0-59.9"}}, {"type": "Feature", "geometry": {"type": "Polygon", "coordinates": [[[-0.09871795083265665, 51.51497963497437], [-0.09886198023298175, 51.51498196965828], [-0.09885823848965394, 51.51507183453144], [-0.09871420880623247, 51.51506949984004], [-0.09871795083265665, 51.51497963497437]]]}, "properties": {"NoiseClass": "55.0-59.9"}}, {"type": "Feature", "geometry": {"type": "Polygon", "coordinates": [[[-0.10519556373836002, 51.5151743859655], [-0.10533959429299822, 51.51517671270292], [-0.1053358652698065, 51.51526657791005], [-0.10519183443206559, 51.51526425116518], [-0.10519556373836002, 51.5151743859655]]]}, "properties": {"NoiseClass": "55.0-59.9"}}, {"type": "Feature", "geometry": {"type": "Polygon", "coordinates": [[[-0.09914255671821241, 51.51516636827046], [-0.09914629791473716, 51.51507650338396], [-0.09943435741734188, 51.51508117152945], [-0.0994306167870135, 51.51517103643091], [-0.10015076729829994, 51.515182703738795], [-0.10014702806408529, 51.515272568675975], [-0.09942687613729863, 51.51526090133078], [-0.09928284581008893, 51.515258567331465], [-0.09928658674290337, 51.515168702439055], [-0.09914255671821241, 51.51516636827046]]]}, "properties": {"NoiseClass": "55.0-59.9"}}, {"type": "Feature", "geometry": {"type": "Polygon", "coordinates": [[[-0.09728889235172924, 51.51468668403143], [-0.09700083569581756, 51.51468201064314], [-0.09699709033048287, 51.51477187542387], [-0.09685306174853446, 51.51476953845711], [-0.09684557039344721, 51.51494926799891], [-0.0968380789607105, 51.515128997534354], [-0.0968343332152232, 51.51521886229974], [-0.09669030323721678, 51.51521652511886], [-0.09670528723507013, 51.514857066077816], [-0.09656125840888982, 51.51485472875009], [-0.09656500464290974, 51.51476486399335], [-0.09642097611920322, 51.514762526496355], [-0.09642472261689723, 51.51467266174552], [-0.09628069439569467, 51.514670324079255], [-0.09628444115706201, 51.51458045933432], [-0.09642846909517648, 51.51458279699311], [-0.09643221555403902, 51.5144929322391], [-0.09657624322848103, 51.51449526971369], [-0.09657998938484279, 51.51440540495063], [-0.0971560991443374, 51.51441475305152], [-0.09714860907688998, 51.514594482635864], [-0.09729263713147786, 51.51459681923415], [-0.09728889235172924, 51.51468668403143]]]}, "properties": {"NoiseClass": "55.0-59.9"}}, {"type": "Feature", "geometry": {"type": "Polygon", "coordinates": [[[-0.10533959429299822, 51.51517671270292], [-0.10534332329686301, 51.51508684749421], [-0.1051992930253268, 51.51508452076424], [-0.10505526277311823, 51.51508219385751], [-0.10505899232385767, 51.51499232866214], [-0.10506272185527019, 51.514902463465155], [-0.10520675154127916, 51.51490479035699], [-0.10521048077026322, 51.51481492515102], [-0.1053545101925024, 51.51481725185865], [-0.1053507812466151, 51.51490711707208], [-0.10549481097124654, 51.51490944361041], [-0.10549853963403621, 51.51481957838954], [-0.10564256909492363, 51.51482190474367], [-0.10563884071523232, 51.514911769971974], [-0.10578287047854104, 51.514914096156794], [-0.10577168607283173, 51.51518369185462], [-0.10591571670473506, 51.515186017885014], [-0.10591198881395988, 51.515275883121895], [-0.1060560197483167, 51.515278208982984], [-0.10605974735598836, 51.515188343738636], [-0.1062037780265598, 51.51519066941551], [-0.10620750533180935, 51.51510080416216], [-0.10649556616466746, 51.51510545497075], [-0.10649183942562422, 51.515195320239], [-0.10634780871641883, 51.51519299491562], [-0.10634408167495664, 51.51528286017483], [-0.1064881126672664, 51.51528518550565], [-0.10648438588959395, 51.51537505077073], [-0.10590826090386374, 51.51536574835722], [-0.10590453297444868, 51.51545561359094], [-0.10576050149322841, 51.51545328753823], [-0.10561647003130042, 51.51545096130875], [-0.10547243858869665, 51.515448634902526], [-0.1054836248669319, 51.51517903926357], [-0.10533959429299822, 51.51517671270292]]]}, "properties": {"NoiseClass": "55.0-59.9"}}, {"type": "Feature", "geometry": {"type": "Polygon", "coordinates": [[[-0.10404705154903834, 51.51506590056129], [-0.10404331999725956, 51.51515576570298], [-0.10418735039720335, 51.51515809385443], [-0.1041836191091873, 51.515247959002], [-0.10403958842614121, 51.515245630843076], [-0.10403585683568277, 51.5153354959816], [-0.10417988780183401, 51.51533782414798], [-0.1041761564751431, 51.51542768929235], [-0.10388809399593543, 51.51542303276797], [-0.10390302145149917, 51.51506357224052], [-0.10404705154903834, 51.51506590056129]]]}, "properties": {"NoiseClass": "55.0-59.9"}}, {"type": "Feature", "geometry": {"type": "Polygon", "coordinates": [[[-0.10388809399593543, 51.51542303276797], [-0.10388436208369185, 51.515512897895896], [-0.1037403305899762, 51.51551056936113], [-0.10374406278532651, 51.515420704240654], [-0.10388809399593543, 51.51542303276797]]]}, "properties": {"NoiseClass": "55.0-59.9"}}, {"type": "Feature", "geometry": {"type": "Polygon", "coordinates": [[[-0.10042761157628727, 51.51545696427627], [-0.10028358054719698, 51.51545463149933], [-0.10028731953706642, 51.51536476655782], [-0.10014328881049245, 51.515362433611564], [-0.10014702806408529, 51.515272568675975], [-0.1008671804753123, 51.515284231602294], [-0.10085970477977475, 51.51546396154659], [-0.10100373588636027, 51.51546629361648], [-0.10099626067954812, 51.51564602356935], [-0.10085222900675031, 51.51564369148451], [-0.10085596690294882, 51.515553826516324], [-0.1007119355326288, 51.51555149426218], [-0.10071567369255983, 51.515461629299885], [-0.10042761157628727, 51.51545696427627]]]}, "properties": {"NoiseClass": "55.0-59.9"}}, {"type": "Feature", "geometry": {"type": "Polygon", "coordinates": [[[-0.1011402923716843, 51.515648355477445], [-0.10128432408322141, 51.51565068720876], [-0.10128058701697641, 51.51574055219776], [-0.10113655502233061, 51.51573822045898], [-0.1011402923716843, 51.515648355477445]]]}, "properties": {"NoiseClass": "55.0-59.9"}}, {"type": "Feature", "geometry": {"type": "Polygon", "coordinates": [[[-0.10171268311708585, 51.51574754635357], [-0.10171641933400431, 51.515657681342205], [-0.10186045112300403, 51.5156600123665], [-0.10187165880826089, 51.51539041730055], [-0.10230375174340536, 51.51539740924578], [-0.10229628167123037, 51.515577139336045], [-0.10258434485724832, 51.515581799778914], [-0.10258061035834158, 51.515671664836596], [-0.10272464226349122, 51.51567399480034], [-0.10272090802833964, 51.51576385986391], [-0.10286494023592208, 51.51576618965834], [-0.10286120626452806, 51.515856054727784], [-0.10271717377383453, 51.51585372492589], [-0.10228507641778696, 51.51584673445964], [-0.10228881152162612, 51.515756869420024], [-0.10214477939146663, 51.51575453891856], [-0.10214104400451673, 51.51584440395072], [-0.10199701161057423, 51.51584207326502], [-0.10200074728063518, 51.51575220824032], [-0.10185671518919427, 51.51574987738532], [-0.10185297923602304, 51.51583974240258], [-0.1017089468808039, 51.51583741136336], [-0.10171268311708585, 51.51574754635357]]]}, "properties": {"NoiseClass": "55.0-59.9"}}, {"type": "Feature", "geometry": {"type": "Polygon", "coordinates": [[[-0.0966715728030825, 51.51566584888454], [-0.09666782665801198, 51.51575571363294], [-0.09652379500083838, 51.51575337623044], [-0.09652754142901519, 51.5156635114895], [-0.0966715728030825, 51.51566584888454]]]}, "properties": {"NoiseClass": "55.0-59.9"}}, {"type": "Feature", "geometry": {"type": "Polygon", "coordinates": [[[-0.10430153223579144, 51.51587934302493], [-0.10429780107618461, 51.51596920816727], [-0.10415376810889067, 51.51596688012553], [-0.10415749955161212, 51.515877014990636], [-0.10430153223579144, 51.51587934302493]]]}, "properties": {"NoiseClass": "55.0-59.9"}}, {"type": "Feature", "geometry": {"type": "Polygon", "coordinates": [[[-0.10271343949997673, 51.515943589986286], [-0.10285747227378374, 51.515945919795634], [-0.10285000423423682, 51.51612564992662], [-0.1027059708941997, 51.516123320102345], [-0.10270970520676496, 51.516033455045104], [-0.10256567216916701, 51.516031125051526], [-0.10256940674549339, 51.51594126000016], [-0.10271343949997673, 51.515943589986286]]]}, "properties": {"NoiseClass": "55.0-59.9"}}, {"type": "Feature", "geometry": {"type": "Polygon", "coordinates": [[[-0.10443810316698406, 51.516061401180494], [-0.10443064131731834, 51.51624113147219], [-0.10428660748133717, 51.51623880358488], [-0.10429406989723893, 51.51605907330807], [-0.10443810316698406, 51.516061401180494]]]}, "properties": {"NoiseClass": "55.0-59.9"}}, {"type": "Feature", "geometry": {"type": "Polygon", "coordinates": [[[-0.10285000423423682, 51.51612564992662], [-0.1029940375936565, 51.5161279795741], [-0.10299030382797335, 51.516217844644665], [-0.10284627018543624, 51.5162155149897], [-0.10285000423423682, 51.51612564992662]]]}, "properties": {"NoiseClass": "55.0-59.9"}}, {"type": "Feature", "geometry": {"type": "Polygon", "coordinates": [[[-0.1027059708941997, 51.516123320102345], [-0.10270223656228125, 51.51621318515801], [-0.10255820295844999, 51.51621085514953], [-0.10256193757348585, 51.516120990101335], [-0.1027059708941997, 51.516123320102345]]]}, "properties": {"NoiseClass": "55.0-59.9"}}, {"type": "Feature", "geometry": {"type": "Polygon", "coordinates": [[[-0.10529484473915673, 51.516255095084134], [-0.10543887871043145, 51.51625742173412], [-0.10543514973844031, 51.51634728692973], [-0.10529111548404418, 51.516344960272306], [-0.10529484473915673, 51.516255095084134]]]}, "properties": {"NoiseClass": "55.0-59.9"}}, {"type": "Feature", "geometry": {"type": "Polygon", "coordinates": [[[-0.10082980122273924, 51.516182881260434], [-0.10097383459420912, 51.516185213390045], [-0.10111786798501866, 51.5161875453429], [-0.10111413051944682, 51.51627741031494], [-0.10082606319093287, 51.516272746217574], [-0.10082980122273924, 51.516182881260434]]]}, "properties": {"NoiseClass": "55.0-59.9"}}, {"type": "Feature", "geometry": {"type": "Polygon", "coordinates": [[[-0.10068576787064115, 51.516180548954054], [-0.10068202955571773, 51.516270413903726], [-0.10053799593991215, 51.51626808141313], [-0.10054173453795266, 51.51617821647093], [-0.10068576787064115, 51.516180548954054]]]}, "properties": {"NoiseClass": "55.0-59.9"}}, {"type": "Feature", "geometry": {"type": "Polygon", "coordinates": [[[-0.10298657004293833, 51.516307709713644], [-0.10313060398794606, 51.516310039199276], [-0.10312687046668008, 51.51639990427416], [-0.10298283623855252, 51.516397574781074], [-0.10298657004293833, 51.516307709713644]]]}, "properties": {"NoiseClass": "55.0-59.9"}}, {"type": "Feature", "geometry": {"type": "Polygon", "coordinates": [[[-0.10154623165750644, 51.516284405135316], [-0.10169026540893744, 51.51628673638857], [-0.10168652905647152, 51.516376601388906], [-0.10154249502192148, 51.51637427012816], [-0.10154623165750644, 51.516284405135316]]]}, "properties": {"NoiseClass": "55.0-59.9"}}, {"type": "Feature", "geometry": {"type": "Polygon", "coordinates": [[[-0.1014021979254739, 51.516282073705284], [-0.10139846100676912, 51.51637193869069], [-0.1012544270109516, 51.51636960707644], [-0.10125816421277463, 51.5162797420985], [-0.1014021979254739, 51.516282073705284]]]}, "properties": {"NoiseClass": "55.0-59.9"}}, {"type": "Feature", "geometry": {"type": "Polygon", "coordinates": [[[-0.10039396234344745, 51.51626574874575], [-0.10053799593991215, 51.51626808141313], [-0.1005342573224955, 51.516357946353764], [-0.10039022344291253, 51.51635561367894], [-0.10039396234344745, 51.51626574874575]]]}, "properties": {"NoiseClass": "55.0-59.9"}}, {"type": "Feature", "geometry": {"type": "Polygon", "coordinates": [[[-0.09779761692562329, 51.51631359530583], [-0.09780136092226363, 51.51622373050709], [-0.0976573276942237, 51.51622139448127], [-0.0976610719545743, 51.51613152968844], [-0.09780510489949995, 51.51613386570678], [-0.09781259279576143, 51.51595413610146], [-0.09810065761134396, 51.515958807577974], [-0.09808942743652424, 51.51622840202847], [-0.09794539416967743, 51.516226066356154], [-0.09794165045615295, 51.51631593116235], [-0.09779761692562329, 51.51631359530583]]]}, "properties": {"NoiseClass": "55.0-59.9"}}, {"type": "Feature", "geometry": {"type": "Polygon", "coordinates": [[[-0.0965125555998099, 51.51602297044371], [-0.09650506256870772, 51.516202699911304], [-0.09636102951536828, 51.51620036229463], [-0.09635728268757643, 51.5162902270186], [-0.09606921607295782, 51.51628555124004], [-0.09607296346697822, 51.51619568653101], [-0.09592893047189656, 51.51619334838407], [-0.09593267812960737, 51.516103483680965], [-0.09607671084157673, 51.51610582182044], [-0.09608045819675337, 51.5160159571083], [-0.09622449064499657, 51.516018295063525], [-0.09622074357293105, 51.51610815978315], [-0.09636477632374102, 51.516110497569095], [-0.09636852311269468, 51.51602063284199], [-0.0965125555998099, 51.51602297044371]]]}, "properties": {"NoiseClass": "55.0-59.9"}}, {"type": "Feature", "geometry": {"type": "Polygon", "coordinates": [[[-0.08886757598568291, 51.51616842698797], [-0.08872354368043348, 51.51616607999558], [-0.08872730551310373, 51.51607621566882], [-0.08887133753524525, 51.516078562653696], [-0.08886757598568291, 51.51616842698797]]]}, "properties": {"NoiseClass": "55.0-59.9"}}, {"type": "Feature", "geometry": {"type": "Polygon", "coordinates": [[[-0.1001021557419157, 51.51635094779901], [-0.10024618958270652, 51.51635328082735], [-0.10039022344291253, 51.51635561367894], [-0.10038648452300063, 51.5164454786105], [-0.10009841625576492, 51.51644081271564], [-0.1001021557419157, 51.51635094779901]]]}, "properties": {"NoiseClass": "55.0-59.9"}}, {"type": "Feature", "geometry": {"type": "Polygon", "coordinates": [[[-0.09779761692562329, 51.51631359530583], [-0.09779387290957972, 51.51640346010296], [-0.09764983911530643, 51.51640112406218], [-0.09765358341446748, 51.51631125927252], [-0.09779761692562329, 51.51631359530583]]]}, "properties": {"NoiseClass": "55.0-59.9"}}, {"type": "Feature", "geometry": {"type": "Polygon", "coordinates": [[[-0.10139472406869846, 51.51646180367448], [-0.10153875836697104, 51.51646413511943], [-0.10153502169265398, 51.51655400010912], [-0.10139098711125877, 51.516551668656724], [-0.10139472406869846, 51.51646180367448]]]}, "properties": {"NoiseClass": "55.0-59.9"}}, {"type": "Feature", "geometry": {"type": "Polygon", "coordinates": [[[-0.09880211001263316, 51.516419807439], [-0.09880585204685295, 51.51632994258958], [-0.0989498857132016, 51.51633227720878], [-0.09894240219160566, 51.51651200692102], [-0.09879836795901895, 51.51650967228689], [-0.09880211001263316, 51.516419807439]]]}, "properties": {"NoiseClass": "55.0-59.9"}}, {"type": "Feature", "geometry": {"type": "Polygon", "coordinates": [[[-0.09649756945993741, 51.516382429372584], [-0.09664160309889312, 51.51638476682744], [-0.09663785679849916, 51.516474631563206], [-0.09649382287642597, 51.516472294100865], [-0.09649756945993741, 51.516382429372584]]]}, "properties": {"NoiseClass": "55.0-59.9"}}, {"type": "Feature", "geometry": {"type": "Polygon", "coordinates": [[[-0.10412764746834287, 51.51659593602572], [-0.10413137904643929, 51.51650607090184], [-0.10427541371245026, 51.51650839898827], [-0.10427914498808326, 51.51641853385541], [-0.10442317939030611, 51.51642086175763], [-0.1044194483977965, 51.51651072689794], [-0.10441571738594886, 51.51660059203672], [-0.10427168241747761, 51.5165982641196], [-0.10426795110316661, 51.516688129249346], [-0.10412391587090562, 51.516685801148], [-0.10412764746834287, 51.51659593602572]]]}, "properties": {"NoiseClass": "55.0-59.9"}}, {"type": "Feature", "geometry": {"type": "Polygon", "coordinates": [[[-0.08727192759233844, 51.51641219309541], [-0.08712789465230357, 51.51640984413615], [-0.08713165965768425, 51.51631997989678], [-0.08727569231460959, 51.51632232884851], [-0.08727192759233844, 51.51641219309541]]]}, "properties": {"NoiseClass": "55.0-59.9"}}, {"type": "Feature", "geometry": {"type": "Polygon", "coordinates": [[[-0.08669579594931182, 51.51640279619778], [-0.08655176308733696, 51.516400446531485], [-0.08655552922515808, 51.51631058232217], [-0.08669956180402384, 51.516312931980956], [-0.08669579594931182, 51.51640279619778]]]}, "properties": {"NoiseClass": "55.0-59.9"}}, {"type": "Feature", "geometry": {"type": "Polygon", "coordinates": [[[-0.08539950089442412, 51.51638164283775], [-0.08525546820816764, 51.51637929158061], [-0.08525923689397244, 51.51628942743899], [-0.08540326929711937, 51.51629177868861], [-0.08539950089442412, 51.51638164283775]]]}, "properties": {"NoiseClass": "55.0-59.9"}}, {"type": "Feature", "geometry": {"type": "Polygon", "coordinates": [[[-0.08727192759233844, 51.51641219309541], [-0.08741596055185445, 51.516414541877936], [-0.08741219609318505, 51.51650440613071], [-0.08726816285055758, 51.516502057340695], [-0.08727192759233844, 51.51641219309541]]]}, "properties": {"NoiseClass": "55.0-59.9"}}, {"type": "Feature", "geometry": {"type": "Polygon", "coordinates": [[[-0.08655176308733696, 51.516400446531485], [-0.08654799692999739, 51.51649031073919], [-0.08640396380446053, 51.516487960888604], [-0.08640773024491043, 51.51639809668842], [-0.08655176308733696, 51.516400446531485]]]}, "properties": {"NoiseClass": "55.0-59.9"}}, {"type": "Feature", "geometry": {"type": "Polygon", "coordinates": [[[-0.10239175957855591, 51.51674771517561], [-0.10253579486176534, 51.51675004540558], [-0.10253206011123846, 51.51683991044273], [-0.10238802454490203, 51.516837580205305], [-0.10239175957855591, 51.51674771517561]]]}, "properties": {"NoiseClass": "55.0-59.9"}}, {"type": "Feature", "geometry": {"type": "Polygon", "coordinates": [[[-0.09720650228696003, 51.516663709171524], [-0.09735053687237168, 51.516666045765014], [-0.09734679192934102, 51.51675591053341], [-0.09720275706080755, 51.51675357393245], [-0.09720650228696003, 51.516663709171524]]]}, "properties": {"NoiseClass": "55.0-59.9"}}, {"type": "Feature", "geometry": {"type": "Polygon", "coordinates": [[[-0.08625993069841313, 51.51648561086126], [-0.08640396380446053, 51.516487960888604], [-0.08640019734448859, 51.516577825087225], [-0.08625616395532967, 51.516575475052356], [-0.08625993069841313, 51.51648561086126]]]}, "properties": {"NoiseClass": "55.0-59.9"}}, {"type": "Feature", "geometry": {"type": "Polygon", "coordinates": [[[-0.08597186454491747, 51.5164809102763], [-0.0861158976119196, 51.516483260657175], [-0.08611213058572303, 51.51657312484075], [-0.08596809723560864, 51.516570774452376], [-0.08597186454491747, 51.5164809102763]]]}, "properties": {"NoiseClass": "55.0-59.9"}}, {"type": "Feature", "geometry": {"type": "Polygon", "coordinates": [[[-0.10153128499897068, 51.51664386509722], [-0.10196338970878258, 51.51665085841624], [-0.10225145961212452, 51.51665551974508], [-0.10224772431470239, 51.51674538476888], [-0.10181561863936958, 51.51673839248808], [-0.10181188247320738, 51.51682825748795], [-0.101667847003674, 51.51682592636671], [-0.10166411053501934, 51.516915791357555], [-0.10137603908782528, 51.516911128569824], [-0.10137977612273588, 51.51682126359392], [-0.10152381155350611, 51.516823595068686], [-0.10152754828592193, 51.51673373008375], [-0.10138351313827867, 51.51673139861642], [-0.10138725013445245, 51.51664153363737], [-0.10153128499897068, 51.51664386509722]]]}, "properties": {"NoiseClass": "55.0-59.9"}}, {"type": "Feature", "geometry": {"type": "Polygon", "coordinates": [[[-0.09893866040171875, 51.51660187177478], [-0.0990826949368174, 51.51660420623963], [-0.09908643644358286, 51.51651434137841], [-0.09923047071491961, 51.51651667565903], [-0.09923795310403899, 51.5163369459169], [-0.09909391939894033, 51.51633461165123], [-0.0991014022767362, 51.51615488191771], [-0.09953350175156371, 51.51616188413967], [-0.09952976117170902, 51.51625174902961], [-0.09996186167036052, 51.516258749683125], [-0.09995812192047124, 51.5163486145939], [-0.09952602057246739, 51.516341613917994], [-0.09952227995384007, 51.51643147880476], [-0.09937824592681194, 51.51642914488514], [-0.09936702310524492, 51.51669873951359], [-0.09922298824824262, 51.5166964053948], [-0.09921924698581841, 51.51678627026034], [-0.09936328212594528, 51.51678860438659], [-0.09935954112725719, 51.516878469258025], [-0.0992155057040045, 51.516876135124306], [-0.09907147030017333, 51.5168738008138], [-0.09907895341066145, 51.516694071099245], [-0.09893491859243939, 51.516691736626946], [-0.09893866040171875, 51.51660187177478]]]}, "properties": {"NoiseClass": "55.0-59.9"}}, {"type": "Feature", "geometry": {"type": "Polygon", "coordinates": [[[-0.08740843161500518, 51.516594270381965], [-0.08741219609318505, 51.51650440613071], [-0.08755622935535372, 51.51650675474397], [-0.0875524651602869, 51.51659661900273], [-0.087840532309343, 51.516601315714], [-0.08783676866099822, 51.5166911799862], [-0.08769273479361693, 51.51668883171144], [-0.08754870094571197, 51.51668648325989], [-0.08740466711731477, 51.51668413463162], [-0.08740843161500518, 51.516594270381965]]]}, "properties": {"NoiseClass": "55.0-59.9"}}, {"type": "Feature", "geometry": {"type": "Polygon", "coordinates": [[[-0.08625239719272339, 51.51666533924189], [-0.0863964308649966, 51.51666768928427], [-0.08639266436598574, 51.516757553479714], [-0.08624863041059624, 51.516755203429796], [-0.08625239719272339, 51.51666533924189]]]}, "properties": {"NoiseClass": "55.0-59.9"}}, {"type": "Feature", "geometry": {"type": "Polygon", "coordinates": [[[-0.10252832534135528, 51.5169297754783], [-0.10267236121017663, 51.516932105546424], [-0.10266862670406846, 51.517021970587834], [-0.1028126628753461, 51.51702430048667], [-0.10280892863301384, 51.517114165533975], [-0.10252085574351999, 51.51710950554469], [-0.10252459055211618, 51.51701964051228], [-0.1023805544195206, 51.517017310259966], [-0.10238428949188946, 51.51692744523343], [-0.10252832534135528, 51.5169297754783]]]}, "properties": {"NoiseClass": "55.0-59.9"}}, {"type": "Feature", "geometry": {"type": "Polygon", "coordinates": [[[-0.08855317603832857, 51.51679278301681], [-0.08869721030583931, 51.51679513023852], [-0.08869344831719454, 51.51688499455262], [-0.08854941376656522, 51.51688264732341], [-0.08855317603832857, 51.51679278301681]]]}, "properties": {"NoiseClass": "55.0-59.9"}}, {"type": "Feature", "geometry": {"type": "Polygon", "coordinates": [[[-0.08812107335272613, 51.516785740291084], [-0.08812483645434174, 51.51669587600548], [-0.08841290432566339, 51.51670057131769], [-0.08841666684154546, 51.51661070701545], [-0.0885607005233588, 51.5166130543989], [-0.08856446273662641, 51.51652319008756], [-0.08870849615478907, 51.51652553728674], [-0.08870473422463614, 51.51661540160559], [-0.08884876794544472, 51.51661774863553], [-0.08886005282807279, 51.51634815565175], [-0.08900408571903433, 51.516350502482396], [-0.08900784702447681, 51.51626063814377], [-0.08886381441662555, 51.516258291320625], [-0.08886757598568291, 51.51616842698797], [-0.0891556406546622, 51.516173120442474], [-0.0891631626018661, 51.515993391742306], [-0.08930719439934587, 51.5159957381894], [-0.08930343371859638, 51.516085602547804], [-0.08944746581870854, 51.51608794882566], [-0.0894437054015763, 51.516177813189934], [-0.08929967301835659, 51.51617546690459], [-0.089295912298627, 51.51626533125978], [-0.08943994496495658, 51.516267677552634], [-0.089436184508847, 51.51635754191378], [-0.08929215155940594, 51.51635519561341], [-0.08928839080069463, 51.516445059965456], [-0.08943242403324722, 51.51644740627333], [-0.089424903023582, 51.51662713498767], [-0.08928086922480005, 51.51662478866477], [-0.08928463002249387, 51.516534924315906], [-0.08914059652635306, 51.51653257782375], [-0.08913683544554496, 51.51662244216512], [-0.08928086922480005, 51.51662478866477], [-0.089277108407616, 51.51671465301207], [-0.08913307434524306, 51.516712306504914], [-0.08912931322545087, 51.51680217084309], [-0.08898527889941853, 51.51679982415167], [-0.08898904030232896, 51.516709959820986], [-0.08855693829059298, 51.51670291870866], [-0.08855317603832857, 51.51679278301681], [-0.08840914179028192, 51.51679043561833], [-0.08840537923540029, 51.51688029991742], [-0.08826134472373634, 51.51687795233468], [-0.08826510756173783, 51.51678808804309], [-0.08812107335272613, 51.516785740291084]]]}, "properties": {"NoiseClass": "55.0-59.9"}}, {"type": "Feature", "geometry": {"type": "Polygon", "coordinates": [[[-0.08754493671162893, 51.51677634751548], [-0.08768897084265055, 51.51677869597453], [-0.08768520687217518, 51.516868560236055], [-0.08754117245803533, 51.51686621176948], [-0.08754493671162893, 51.51677634751548]]]}, "properties": {"NoiseClass": "55.0-59.9"}}, {"type": "Feature", "geometry": {"type": "Polygon", "coordinates": [[[-0.09719152126588522, 51.51702316820572], [-0.0973355569837965, 51.51702550482909], [-0.09734679192934102, 51.51675591053341], [-0.09763486172460409, 51.51676058320504], [-0.09763860610138902, 51.51667071842169], [-0.09792667540803046, 51.516675390371304], [-0.09793790672322643, 51.51640579596696], [-0.09808194055630658, 51.51640813165421], [-0.09807819708709592, 51.51649799646471], [-0.09822223122269594, 51.51650033198268], [-0.09821848801720467, 51.51659019679908], [-0.09820351500123896, 51.51694965604883], [-0.09834755057185689, 51.5169519914274], [-0.09834380755249171, 51.51704185624338], [-0.09819977169874636, 51.517039520857345], [-0.09805573586440065, 51.51703718529455], [-0.09806322301623945, 51.51685745569094], [-0.09791918776754976, 51.51685511996632], [-0.09792293159749194, 51.516765255169595], [-0.09777889665136111, 51.51676291927569], [-0.09777140840582396, 51.516942648852584], [-0.09748333743921708, 51.51693797650457], [-0.09747959272108553, 51.51702784127571], [-0.09762362847781353, 51.51703017754557], [-0.09761988402340382, 51.517120042322595], [-0.09733181196312919, 51.51711536959117], [-0.09718777596209013, 51.51711303296031], [-0.09719152126588522, 51.51702316820572]]]}, "properties": {"NoiseClass": "55.0-59.9"}}, {"type": "Feature", "geometry": {"type": "Polygon", "coordinates": [[[-0.09517127398652496, 51.517080301567795], [-0.09502723827680574, 51.51707796228545], [-0.09503098782751289, 51.51698809764305], [-0.09517502325410516, 51.51699043691792], [-0.09517127398652496, 51.517080301567795]]]}, "properties": {"NoiseClass": "55.0-59.9"}}, {"type": "Feature", "geometry": {"type": "Polygon", "coordinates": [[[-0.08927334757094094, 51.51680451735775], [-0.089277108407616, 51.51671465301207], [-0.08942114248951465, 51.516716999342464], [-0.08940986077037377, 51.51698659239737], [-0.0892658258391156, 51.51698424604446], [-0.08927334757094094, 51.51680451735775]]]}, "properties": {"NoiseClass": "55.0-59.9"}}, {"type": "Feature", "geometry": {"type": "Polygon", "coordinates": [[[-0.08466048827429366, 51.51681920531836], [-0.08494855634116028, 51.51682390914518], [-0.08494478697192907, 51.51691377326226], [-0.08465671833882872, 51.516909069420386], [-0.08466048827429366, 51.51681920531836]]]}, "properties": {"NoiseClass": "55.0-59.9"}}, {"type": "Feature", "geometry": {"type": "Polygon", "coordinates": [[[-0.0993483180148618, 51.51714806386278], [-0.09949235430689235, 51.517150397842144], [-0.09948861351378198, 51.5172402627147], [-0.0993445769386189, 51.51723792872786], [-0.0993483180148618, 51.51714806386278]]]}, "properties": {"NoiseClass": "55.0-59.9"}}, {"type": "Feature", "geometry": {"type": "Polygon", "coordinates": [[[-0.09531530971564386, 51.517082640673365], [-0.09531905870009826, 51.51699277601602], [-0.09560712965040383, 51.51699745368193], [-0.09561087804917716, 51.51690758900803], [-0.09589894851097273, 51.516912265951895], [-0.09589520067845064, 51.517002130640776], [-0.09603923622161162, 51.51700446885504], [-0.09603548865279261, 51.517094333549814], [-0.0958914528265042, 51.51709199532807], [-0.09588770495513434, 51.51718186001376], [-0.09574366886514321, 51.51717952160775], [-0.09559963279457596, 51.51717718302498], [-0.095603381232203, 51.51708731835424], [-0.09531530971564386, 51.517082640673365]]]}, "properties": {"NoiseClass": "55.0-59.9"}}, {"type": "Feature", "geometry": {"type": "Polygon", "coordinates": [[[-0.09502723827680574, 51.51707796228545], [-0.0950234887066663, 51.517167826926226], [-0.09487945273325188, 51.51716548745962], [-0.09488320258651908, 51.517075622826326], [-0.09502723827680574, 51.51707796228545]]]}, "properties": {"NoiseClass": "55.0-59.9"}}, {"type": "Feature", "geometry": {"type": "Polygon", "coordinates": [[[-0.09459138084475874, 51.517160807996135], [-0.09444734492965297, 51.51715846799923], [-0.09445109563230317, 51.5170686033884], [-0.09459513126428154, 51.51707094337779], [-0.09459138084475874, 51.517160807996135]]]}, "properties": {"NoiseClass": "55.0-59.9"}}, {"type": "Feature", "geometry": {"type": "Polygon", "coordinates": [[[-0.09430330903401597, 51.51715612782555], [-0.09415927315778935, 51.51715378747514], [-0.09416302442669397, 51.517063922879274], [-0.09430706001979354, 51.5170662632222], [-0.09430330903401597, 51.51715612782555]]]}, "properties": {"NoiseClass": "55.0-59.9"}}, {"type": "Feature", "geometry": {"type": "Polygon", "coordinates": [[[-0.0885456514753028, 51.51697251162841], [-0.0886896863090536, 51.51697485886515], [-0.08868592428141525, 51.51706472317604], [-0.08854188916454303, 51.517062375931815], [-0.0885456514753028, 51.51697251162841]]]}, "properties": {"NoiseClass": "55.0-59.9"}}, {"type": "Feature", "geometry": {"type": "Polygon", "coordinates": [[[-0.08494478697192907, 51.51691377326226], [-0.0850888213178013, 51.51691612491804], [-0.08508505221215316, 51.51700598904104], [-0.0849410175831631, 51.51700363737771], [-0.08494478697192907, 51.51691377326226]]]}, "properties": {"NoiseClass": "55.0-59.9"}}, {"type": "Feature", "geometry": {"type": "Polygon", "coordinates": [[[-0.0993445769386189, 51.51723792872786], [-0.09934083584298664, 51.517327793591384], [-0.09919679900408228, 51.517325459420306], [-0.0992005403828475, 51.51723559456426], [-0.0993445769386189, 51.51723792872786]]]}, "properties": {"NoiseClass": "55.0-59.9"}}, {"type": "Feature", "geometry": {"type": "Polygon", "coordinates": [[[-0.09415927315778935, 51.51715378747514], [-0.09415552186944223, 51.51724365206944], [-0.09401148572952883, 51.51724131153476], [-0.09401523730100454, 51.51715144694794], [-0.09415927315778935, 51.51715378747514]]]}, "properties": {"NoiseClass": "55.0-59.9"}}, {"type": "Feature", "geometry": {"type": "Polygon", "coordinates": [[[-0.09242708947420354, 51.517215553986695], [-0.09228305356770945, 51.517213211330834], [-0.09213901768070881, 51.517210868498196], [-0.09214277293284266, 51.51712100400877], [-0.09243084416008454, 51.51712568948227], [-0.09242708947420354, 51.517215553986695]]]}, "properties": {"NoiseClass": "55.0-59.9"}}, {"type": "Feature", "geometry": {"type": "Polygon", "coordinates": [[[-0.08926206494396738, 51.51707411038539], [-0.08940610015834778, 51.517076456745826], [-0.08940986077037377, 51.51698659239737], [-0.08984196568104488, 51.516993630395554], [-0.08983444613624275, 51.51717335913594], [-0.08940233952683033, 51.517166321092716], [-0.08925830402932529, 51.517163974724774], [-0.08926206494396738, 51.51707411038539]]]}, "properties": {"NoiseClass": "55.0-59.9"}}, {"type": "Feature", "geometry": {"type": "Polygon", "coordinates": [[[-0.08537312152870072, 51.51701069183737], [-0.08551715621628797, 51.51701304297041], [-0.08551338794046662, 51.5171029071144], [-0.0853693529697587, 51.51710055597384], [-0.08537312152870072, 51.51701069183737]]]}, "properties": {"NoiseClass": "55.0-59.9"}}, {"type": "Feature", "geometry": {"type": "Polygon", "coordinates": [[[-0.10280892863301384, 51.517114165533975], [-0.10309700159995286, 51.51711882481618], [-0.10310446893273685, 51.516939094690144], [-0.10339254084452243, 51.51694375323548], [-0.10338880775406872, 51.51703361831416], [-0.10338507464426626, 51.51712348339131], [-0.10352911119546004, 51.517125812413724], [-0.10353284402213035, 51.51703594732912], [-0.10367688030950616, 51.51703827616733], [-0.10366941520308708, 51.51721800634982], [-0.10352537834944418, 51.517215677496736], [-0.10351791259937246, 51.517395407658], [-0.1036619500192884, 51.517397736526], [-0.10365821739837071, 51.517487601611705], [-0.10322610434718361, 51.51748061445503], [-0.10322983781751685, 51.51739074939167], [-0.10308580045564522, 51.51738841999337], [-0.10308953418976581, 51.51729855493589], [-0.10294549713035167, 51.51729622536824], [-0.10294923112825569, 51.51720636031665], [-0.102805194371328, 51.51720403057972], [-0.10280892863301384, 51.517114165533975]]]}, "properties": {"NoiseClass": "55.0-59.9"}}, {"type": "Feature", "geometry": {"type": "Polygon", "coordinates": [[[-0.09919679900408228, 51.517325459420306], [-0.09919305760592584, 51.517415324274786], [-0.09904902050330844, 51.51741298991948], [-0.09905276218459985, 51.51732312507248], [-0.09919679900408228, 51.517325459420306]]]}, "properties": {"NoiseClass": "55.0-59.9"}}, {"type": "Feature", "geometry": {"type": "Polygon", "coordinates": [[[-0.098188541674864, 51.517309115273335], [-0.09833257837800265, 51.51731145068178], [-0.09832883528104049, 51.51740131549142], [-0.09818479829476812, 51.517398980075505], [-0.098188541674864, 51.517309115273335]]]}, "properties": {"NoiseClass": "55.0-59.9"}}, {"type": "Feature", "geometry": {"type": "Polygon", "coordinates": [[[-0.09285919731040719, 51.51722258089372], [-0.09257112540015887, 51.5172178964658], [-0.09257487980291211, 51.5171280319539], [-0.09286295114690604, 51.517132716366824], [-0.0928667049639488, 51.51704285183837], [-0.09329881127648723, 51.51704987710956], [-0.09329505830882268, 51.517139741660486], [-0.09343909406837757, 51.51714208307151], [-0.0934315886409513, 51.517321812183646], [-0.09328755231513927, 51.51731947075764], [-0.09314351600878007, 51.51731712915488], [-0.09314726929847625, 51.51722726461457], [-0.09285919731040719, 51.51722258089372]]]}, "properties": {"NoiseClass": "55.0-59.9"}}, {"type": "Feature", "geometry": {"type": "Polygon", "coordinates": [[[-0.09113076701657397, 51.5171944637203], [-0.0912748027673383, 51.51719680779029], [-0.0912710457969753, 51.51728667223313], [-0.09112700976308352, 51.51728432815564], [-0.09113076701657397, 51.5171944637203]]]}, "properties": {"NoiseClass": "55.0-59.9"}}, {"type": "Feature", "geometry": {"type": "Polygon", "coordinates": [[[-0.09055462420829162, 51.51718508567268], [-0.09055838257481133, 51.51709522126574], [-0.09070241796455004, 51.51709756603529], [-0.09070617602846641, 51.51700770161931], [-0.09099424630009463, 51.5170123906131], [-0.09099048880242629, 51.517102255044115], [-0.09113452425059167, 51.51710459928338], [-0.09113076701657397, 51.5171944637203], [-0.09069865988115534, 51.51718743044973], [-0.09069490177828349, 51.517277294862566], [-0.09055086582229317, 51.517274950078026], [-0.09055462420829162, 51.51718508567268]]]}, "properties": {"NoiseClass": "55.0-59.9"}}, {"type": "Feature", "geometry": {"type": "Polygon", "coordinates": [[[-0.08983444613624275, 51.51717335913594], [-0.08997848171170088, 51.51717570479681], [-0.08997472219319602, 51.517265569172146], [-0.08983068633461291, 51.51726322350376], [-0.08983444613624275, 51.51717335913594]]]}, "properties": {"NoiseClass": "55.0-59.9"}}, {"type": "Feature", "geometry": {"type": "Polygon", "coordinates": [[[-0.08565742293067233, 51.51710525807819], [-0.08580145794043827, 51.51710760886521], [-0.08579769021133182, 51.51719747302267], [-0.08565365491844323, 51.517195122228124], [-0.08565742293067233, 51.51710525807819]]]}, "properties": {"NoiseClass": "55.0-59.9"}}, {"type": "Feature", "geometry": {"type": "Polygon", "coordinates": [[[-0.10365821739837071, 51.517487601611705], [-0.1038022551208026, 51.51748993031039], [-0.10379852276368061, 51.51757979540195], [-0.10365448475810862, 51.51757746669582], [-0.10365821739837071, 51.517487601611705]]]}, "properties": {"NoiseClass": "55.0-59.9"}}, {"type": "Feature", "geometry": {"type": "Polygon", "coordinates": [[[-0.0912710457969753, 51.51728667223313], [-0.09155911792313974, 51.517291359857836], [-0.09155536149956389, 51.517381224314086], [-0.09126728880714108, 51.517376536674384], [-0.0912710457969753, 51.51728667223313]]]}, "properties": {"NoiseClass": "55.0-59.9"}}, {"type": "Feature", "geometry": {"type": "Polygon", "coordinates": [[[-0.08738207972145494, 51.51722332009627], [-0.08767015079520005, 51.517228017266255], [-0.08766638672718687, 51.517317881519844], [-0.08737831508719088, 51.51731318433482], [-0.08738207972145494, 51.51722332009627]]]}, "properties": {"NoiseClass": "55.0-59.9"}}, {"type": "Feature", "geometry": {"type": "Polygon", "coordinates": [[[-0.08508128308697147, 51.51709585316246], [-0.0853693529697587, 51.51710055597384], [-0.08536558439128515, 51.51719042010876], [-0.0852215491569854, 51.5171880687839], [-0.08521778027585802, 51.51727793290968], [-0.08507374477800343, 51.517275581400554], [-0.08508128308697147, 51.51709585316246]]]}, "properties": {"NoiseClass": "55.0-59.9"}}, {"type": "Feature", "geometry": {"type": "Polygon", "coordinates": [[[-0.09918931618837888, 51.51750518912765], [-0.09933335359355429, 51.51750752331366], [-0.09932961243975337, 51.517597388172426], [-0.09918557475143942, 51.51759505397895], [-0.09918931618837888, 51.51750518912765]]]}, "properties": {"NoiseClass": "55.0-59.9"}}, {"type": "Feature", "geometry": {"type": "Polygon", "coordinates": [[[-0.09789298041466164, 51.51748417349899], [-0.0980370176452649, 51.51748650927592], [-0.09803327394322962, 51.51757637406746], [-0.09788923642948984, 51.51757403828309], [-0.09789298041466164, 51.51748417349899]]]}, "properties": {"NoiseClass": "55.0-59.9"}}, {"type": "Feature", "geometry": {"type": "Polygon", "coordinates": [[[-0.09328379928912194, 51.517409335303824], [-0.093427835898065, 51.51741167673732], [-0.0934240831357274, 51.51750154128944], [-0.09328004624365299, 51.517499199848466], [-0.09328379928912194, 51.517409335303824]]]}, "properties": {"NoiseClass": "55.0-59.9"}}, {"type": "Feature", "geometry": {"type": "Polygon", "coordinates": [[[-0.10379852276368061, 51.51757979540195], [-0.10408659883282513, 51.5175844522839], [-0.10407913519311718, 51.51776418249216], [-0.10393509658260566, 51.517761854124664], [-0.10393882869527389, 51.517671989028784], [-0.10379479038721305, 51.51766966049199], [-0.10379852276368061, 51.51757979540195]]]}, "properties": {"NoiseClass": "55.0-59.9"}}, {"type": "Feature", "geometry": {"type": "Polygon", "coordinates": [[[-0.09832134902891693, 51.51758104510596], [-0.098465386600831, 51.51758338036007], [-0.09846164372880728, 51.51767324517243], [-0.09831760587375507, 51.517670909910876], [-0.09832134902891693, 51.51758104510596]]]}, "properties": {"NoiseClass": "55.0-59.9"}}, {"type": "Feature", "geometry": {"type": "Polygon", "coordinates": [[[-0.09401148572952883, 51.51724131153476], [-0.09399647924919007, 51.517600769866206], [-0.09385244199622317, 51.51759842912482], [-0.09386369773504055, 51.51732883540107], [-0.09371966135088608, 51.517326494505355], [-0.09372341350806507, 51.5172366299351], [-0.0935793774264877, 51.51723428887012], [-0.0935831298473476, 51.51714442430576], [-0.0938712014636937, 51.517149106243984], [-0.09386744960908941, 51.517238970823314], [-0.09401148572952883, 51.51724131153476]]]}, "properties": {"NoiseClass": "55.0-59.9"}}, {"type": "Feature", "geometry": {"type": "Polygon", "coordinates": [[[-0.08795069492391741, 51.51741244226486], [-0.08794693138314388, 51.51750230653032], [-0.0878028949481182, 51.5174999583647], [-0.08780665877202107, 51.51741009410675], [-0.08795069492391741, 51.51741244226486]]]}, "properties": {"NoiseClass": "55.0-59.9"}}, {"type": "Feature", "geometry": {"type": "Polygon", "coordinates": [[[-0.09875346180288196, 51.517588050337935], [-0.09889749943301962, 51.51759038506171], [-0.09890498342005213, 51.51741065538741], [-0.09904902050330844, 51.51741298991948], [-0.09904527880262574, 51.51750285476487], [-0.09903405358422, 51.517772449291634], [-0.09874597717199413, 51.517767779990955], [-0.09875346180288196, 51.517588050337935]]]}, "properties": {"NoiseClass": "55.0-59.9"}}, {"type": "Feature", "geometry": {"type": "Polygon", "coordinates": [[[-0.09788549242491325, 51.51766390306557], [-0.0981735680380723, 51.51766857447253], [-0.09831760587375507, 51.517670909910876], [-0.098313862699194, 51.51776077471417], [-0.09788174840093343, 51.51775376784646], [-0.09788549242491325, 51.51766390306557]]]}, "properties": {"NoiseClass": "55.0-59.9"}}, {"type": "Feature", "geometry": {"type": "Polygon", "coordinates": [[[-0.09701752032843833, 51.517739749338205], [-0.09687348238431559, 51.517737412301464], [-0.09687722839026823, 51.5176475475729], [-0.09702126605125207, 51.517649884602164], [-0.09701752032843833, 51.517739749338205]]]}, "properties": {"NoiseClass": "55.0-59.9"}}, {"type": "Feature", "geometry": {"type": "Polygon", "coordinates": [[[-0.09658915312648123, 51.51764287298409], [-0.09673319074866575, 51.51764521036688], [-0.09672944445957539, 51.517735075087955], [-0.09658540655425273, 51.5177327376977], [-0.09658915312648123, 51.51764287298409]]]}, "properties": {"NoiseClass": "55.0-59.9"}}, {"type": "Feature", "geometry": {"type": "Polygon", "coordinates": [[[-0.09399647924919007, 51.517600769866206], [-0.09428455381351679, 51.51760545081873], [-0.09428080271109462, 51.51769531541259], [-0.0939927275804968, 51.51769063444512], [-0.09399647924919007, 51.517600769866206]]]}, "properties": {"NoiseClass": "55.0-59.9"}}, {"type": "Feature", "geometry": {"type": "Polygon", "coordinates": [[[-0.08794693138314388, 51.51750230653032], [-0.08809096783767344, 51.517504654519186], [-0.08808720456052516, 51.51759451879057], [-0.08794316782286546, 51.517592170794174], [-0.08794693138314388, 51.51750230653032]]]}, "properties": {"NoiseClass": "55.0-59.9"}}, {"type": "Feature", "geometry": {"type": "Polygon", "coordinates": [[[-0.08651410063557821, 51.51729908853739], [-0.08694620777359452, 51.51730613723155], [-0.08693867674776767, 51.517485865658855], [-0.0867946404493248, 51.51748351625589], [-0.08679087462400964, 51.5175733804596], [-0.086502801519417, 51.51756868110831], [-0.08650656791099054, 51.517478816919606], [-0.08636253167113374, 51.51747646698633], [-0.08636629832631502, 51.51738660280354], [-0.08651033428304442, 51.51738895272929], [-0.08651410063557821, 51.51729908853739]]]}, "properties": {"NoiseClass": "55.0-59.9"}}, {"type": "Feature", "geometry": {"type": "Polygon", "coordinates": [[[-0.10493963711245465, 51.517868014131295], [-0.10493590694312882, 51.517957879276146], [-0.10479186765029568, 51.51795555195439], [-0.1047955981027688, 51.517865686817], [-0.10493963711245465, 51.517868014131295]]]}, "properties": {"NoiseClass": "55.0-59.9"}}, {"type": "Feature", "geometry": {"type": "Polygon", "coordinates": [[[-0.09428080271109462, 51.51769531541259], [-0.09442484030552616, 51.517697655631174], [-0.09456887791942731, 51.517699995673], [-0.09456512736383803, 51.51778986028028], [-0.09427705158923026, 51.5177851800049], [-0.09428080271109462, 51.51769531541259]]]}, "properties": {"NoiseClass": "55.0-59.9"}}, {"type": "Feature", "geometry": {"type": "Polygon", "coordinates": [[[-0.08808720456052516, 51.51759451879057], [-0.08823124131765758, 51.51759686661016], [-0.08822747830413612, 51.51768673088747], [-0.0880834412638723, 51.51768438306037], [-0.08808720456052516, 51.51759451879057]]]}, "properties": {"NoiseClass": "55.0-59.9"}}, {"type": "Feature", "geometry": {"type": "Polygon", "coordinates": [[[-0.0977339660138249, 51.517841296642196], [-0.09787800435754801, 51.51784363262578], [-0.09787426029475821, 51.51793349740351], [-0.0977302216678926, 51.51793116141247], [-0.0977339660138249, 51.517841296642196]]]}, "properties": {"NoiseClass": "55.0-59.9"}}, {"type": "Feature", "geometry": {"type": "Polygon", "coordinates": [[[-0.0934128247320183, 51.51777113493629], [-0.09355686249291546, 51.51777347622299], [-0.09356061503046528, 51.51768361166811], [-0.09341657755270544, 51.517681270388906], [-0.09342033035394087, 51.51759140583998], [-0.09356436754856576, 51.51759374711168], [-0.09356812004721893, 51.51750388255367], [-0.09371215697818965, 51.51750622364112], [-0.0937084047626702, 51.51759608820664], [-0.09385244199622317, 51.51759842912482], [-0.09384869004439336, 51.51768829369621], [-0.09370465252770545, 51.517685952770556], [-0.09369714799943196, 51.51786568189366], [-0.09340907189188145, 51.51786099948208], [-0.0934128247320183, 51.51777113493629]]]}, "properties": {"NoiseClass": "55.0-59.9"}}, {"type": "Feature", "geometry": {"type": "Polygon", "coordinates": [[[-0.0931247492685115, 51.51776645183259], [-0.09312850265547093, 51.517676587300194], [-0.09327254009436152, 51.517678928932945], [-0.09326878699053782, 51.517768793472825], [-0.09326503386726248, 51.51785865801113], [-0.093120995862098, 51.5178563163634], [-0.0931247492685115, 51.51776645183259]]]}, "properties": {"NoiseClass": "55.0-59.9"}}, {"type": "Feature", "geometry": {"type": "Polygon", "coordinates": [[[-0.09283667388285011, 51.51776176802182], [-0.09298071156596986, 51.51776411001559], [-0.092976957876419, 51.5178539745389], [-0.09283291991016156, 51.51785163253764], [-0.09283667388285011, 51.51776176802182]]]}, "properties": {"NoiseClass": "55.0-59.9"}}, {"type": "Feature", "geometry": {"type": "Polygon", "coordinates": [[[-0.09254859857501341, 51.51775708350397], [-0.09269263621918604, 51.51775942585128], [-0.09268888196335973, 51.51784929035962], [-0.09254484403604979, 51.51784694800482], [-0.09254859857501341, 51.51775708350397]]]}, "properties": {"NoiseClass": "55.0-59.9"}}, {"type": "Feature", "geometry": {"type": "Polygon", "coordinates": [[[-0.09024399891529418, 51.51771958190655], [-0.09038803624798068, 51.51772192708213], [-0.09053207360011734, 51.51772427208098], [-0.09067611097176373, 51.51772661690304], [-0.09067235275202509, 51.51781648130639], [-0.09024023984615033, 51.51780944628739], [-0.09024399891529418, 51.51771958190655]]]}, "properties": {"NoiseClass": "55.0-59.9"}}, {"type": "Feature", "geometry": {"type": "Polygon", "coordinates": [[[-0.08793940424308085, 51.51768203505648], [-0.08793564064378968, 51.5177718993172], [-0.08779160335936982, 51.51776955112903], [-0.08779536724179353, 51.517679686875816], [-0.08793940424308085, 51.51768203505648]]]}, "properties": {"NoiseClass": "55.0-59.9"}}, {"type": "Feature", "geometry": {"type": "Polygon", "coordinates": [[[-0.10407913519311718, 51.51776418249216], [-0.10436721247223195, 51.5177688386968], [-0.10451125114076522, 51.517771166534], [-0.10450752014133602, 51.51786103165807], [-0.10436348118965713, 51.51785870381345], [-0.10435228722589805, 51.51812829915391], [-0.10434855586596667, 51.518218164264226], [-0.10420451580099944, 51.51821583621306], [-0.10406047575537063, 51.518213507985095], [-0.1040642076816048, 51.518123642889655], [-0.10420824744408241, 51.51812597111016], [-0.10421944225728526, 51.51785637579206], [-0.10407540334425185, 51.5178540475939], [-0.10407913519311718, 51.51776418249216]]]}, "properties": {"NoiseClass": "55.0-59.9"}}, {"type": "Feature", "geometry": {"type": "Polygon", "coordinates": [[[-0.09758243841192195, 51.51801869000582], [-0.09772647730255472, 51.51802102618114], [-0.09772273291780921, 51.518110890948236], [-0.09757869374403164, 51.51810855476547], [-0.09758243841192195, 51.51801869000582]]]}, "properties": {"NoiseClass": "55.0-59.9"}}, {"type": "Feature", "geometry": {"type": "Polygon", "coordinates": [[[-0.09628983646662022, 51.51790779177941], [-0.09629358364396755, 51.5178179270839], [-0.09643762179359247, 51.51782026483519], [-0.09643387489938605, 51.51791012953819], [-0.09657791335153965, 51.51791246712019], [-0.09657416672105744, 51.518002331829045], [-0.09657042007115568, 51.51809219653636], [-0.09642638105271556, 51.518089858939376], [-0.09643012798576137, 51.51799999423957], [-0.09628608926985299, 51.51799765647331], [-0.09628983646662022, 51.51790779177941]]]}, "properties": {"NoiseClass": "55.0-59.9"}}, {"type": "Feature", "geometry": {"type": "Polygon", "coordinates": [[[-0.0918208987171658, 51.517925098041026], [-0.0918246546912797, 51.51783523357926], [-0.09240080612816455, 51.517844605473236], [-0.09254484403604979, 51.51784694800482], [-0.092537334899746, 51.518026677001714], [-0.09181714272358389, 51.51801496250121], [-0.0918208987171658, 51.517925098041026]]]}, "properties": {"NoiseClass": "55.0-59.9"}}, {"type": "Feature", "geometry": {"type": "Polygon", "coordinates": [[[-0.09067235275202509, 51.51781648130639], [-0.09081639042628596, 51.51781882595919], [-0.09081263247020793, 51.517908690368444], [-0.09080887449465161, 51.517998554776156], [-0.09066483625411564, 51.51799621010834], [-0.09067235275202509, 51.51781648130639]]]}, "properties": {"NoiseClass": "55.0-59.9"}}, {"type": "Feature", "geometry": {"type": "Polygon", "coordinates": [[[-0.08922821601047627, 51.51788288938283], [-0.0892319770810558, 51.51779302505613], [-0.08937601456047048, 51.51779537147661], [-0.08952005205937383, 51.51779771772032], [-0.08951629155506576, 51.517887582062045], [-0.08937225377302707, 51.51788523581081], [-0.0893684929660906, 51.51797510014347], [-0.08922445492040287, 51.51797275370798], [-0.08922821601047627, 51.51788288938283]]]}, "properties": {"NoiseClass": "55.0-59.9"}}, {"type": "Feature", "geometry": {"type": "Polygon", "coordinates": [[[-0.10406047575537063, 51.518213507985095], [-0.10405674380979563, 51.51830337307896], [-0.10391270350039174, 51.51830104466675], [-0.10391643572911997, 51.518211179580355], [-0.10406047575537063, 51.518213507985095]]]}, "properties": {"NoiseClass": "55.0-59.9"}}, {"type": "Feature", "geometry": {"type": "Polygon", "coordinates": [[[-0.08980436717758257, 51.51789227403418], [-0.08994840501809043, 51.5178946197551], [-0.08995216467298889, 51.51780475539086], [-0.09009620224981155, 51.51780710092751], [-0.09009244287804885, 51.517896965299244], [-0.09008492407606938, 51.51807669403803], [-0.08994088564983314, 51.51807434847886], [-0.08994464534370453, 51.517984484117775], [-0.08980060722005928, 51.517982138389364], [-0.08980436717758257, 51.51789227403418]]]}, "properties": {"NoiseClass": "55.0-59.9"}}, {"type": "Feature", "geometry": {"type": "Polygon", "coordinates": [[[-0.08879234090034276, 51.51796571334086], [-0.08879610283982735, 51.51787584903824], [-0.0889401405438923, 51.51787819599653], [-0.08894390218074295, 51.517788331684855], [-0.08908793962116954, 51.51779067845888], [-0.08908417826745464, 51.51788054277807], [-0.089076655501539, 51.51806027141175], [-0.08878857894136115, 51.51805557764189], [-0.08879234090034276, 51.51796571334086]]]}, "properties": {"NoiseClass": "55.0-59.9"}}, {"type": "Feature", "geometry": {"type": "Polygon", "coordinates": [[[-0.10420078413857689, 51.51830570131435], [-0.10434482448669616, 51.518308029372996], [-0.10434109308808721, 51.51839789448015], [-0.10419705245681389, 51.518395566414064], [-0.10420078413857689, 51.51830570131435]]]}, "properties": {"NoiseClass": "55.0-59.9"}}, {"type": "Feature", "geometry": {"type": "Polygon", "coordinates": [[[-0.10391270350039174, 51.51830104466675], [-0.10390897125232114, 51.51839090975156], [-0.10376493067907266, 51.518388581155165], [-0.10376866321029689, 51.5182987160778], [-0.10391270350039174, 51.51830104466675]]]}, "properties": {"NoiseClass": "55.0-59.9"}}, {"type": "Feature", "geometry": {"type": "Polygon", "coordinates": [[[-0.09743090961921684, 51.51819608315649], [-0.09757494905673332, 51.518198419523515], [-0.09757120435002738, 51.51828828427998], [-0.09742716462936364, 51.518285947905476], [-0.09743090961921684, 51.51819608315649]]]}, "properties": {"NoiseClass": "55.0-59.9"}}, {"type": "Feature", "geometry": {"type": "Polygon", "coordinates": [[[-0.09456512736383803, 51.51778986028028], [-0.09470916528031627, 51.51779220015282], [-0.09485320321620055, 51.51779453984858], [-0.09484945320745174, 51.51788440446928], [-0.09556964459416403, 51.51789610033396], [-0.09571368292981165, 51.517898438976594], [-0.09600175965938525, 51.517903115731535], [-0.09600550740301357, 51.517813251050995], [-0.09614954551376212, 51.51781558915584], [-0.09614579805327352, 51.51790545384386], [-0.0961420505733646, 51.51799531853029], [-0.0955658959816867, 51.517985964990466], [-0.09556214734978039, 51.5180758296454], [-0.0952740696042369, 51.51807115179988], [-0.09527032038661377, 51.51816101643827], [-0.09512628125986043, 51.51815867724287], [-0.09512253173966016, 51.51824854187218], [-0.09483445297810039, 51.5182438629361], [-0.09483820306459162, 51.51815399832178], [-0.09469416399614096, 51.518151658596075], [-0.09470166467710339, 51.51797192937758], [-0.09455762619434568, 51.517969589490086], [-0.09456512736383803, 51.51778986028028]]]}, "properties": {"NoiseClass": "55.0-59.9"}}, {"type": "Feature", "geometry": {"type": "Polygon", "coordinates": [[[-0.10390897125232114, 51.51839090975156], [-0.10405301184487822, 51.51839323817119], [-0.10419705245681389, 51.518395566414064], [-0.10419332075570849, 51.5184854315122], [-0.10390523898490572, 51.5184807748348], [-0.10390897125232114, 51.51839090975156]]]}, "properties": {"NoiseClass": "55.0-59.9"}}, {"type": "Feature", "geometry": {"type": "Polygon", "coordinates": [[[-0.08792058605156756, 51.5181313563442], [-0.08791682235474527, 51.518221220597], [-0.08777278365463839, 51.51821887237128], [-0.08777654763460035, 51.51812900812598], [-0.08792058605156756, 51.5181313563442]]]}, "properties": {"NoiseClass": "55.0-59.9"}}, {"type": "Feature", "geometry": {"type": "Polygon", "coordinates": [[[-0.08778783945743955, 51.51785941538062], [-0.08778031159505385, 51.51803914387913], [-0.08763627348076708, 51.51803679549166], [-0.08762874497407258, 51.518216523968775], [-0.0874847063129851, 51.51821417538949], [-0.08748847085922772, 51.518124311159234], [-0.08734443250079055, 51.51812196241071], [-0.08734819731065999, 51.5180320981864], [-0.08720415925490446, 51.51802974926862], [-0.08720792432839913, 51.51793988505023], [-0.08764003770485057, 51.51794693125072], [-0.08764380190942589, 51.5178570670082], [-0.08778783945743955, 51.51785941538062]]]}, "properties": {"NoiseClass": "55.0-59.9"}}, {"type": "Feature", "geometry": {"type": "Polygon", "coordinates": [[[-0.10390523898490572, 51.5184807748348], [-0.10390150669814632, 51.51857063991647], [-0.10375746555858623, 51.51856831130516], [-0.10376119812850244, 51.51847844623095], [-0.10390523898490572, 51.5184807748348]]]}, "properties": {"NoiseClass": "55.0-59.9"}}, {"type": "Feature", "geometry": {"type": "Polygon", "coordinates": [[[-0.09080887449465161, 51.517998554776156], [-0.09095291275463445, 51.518000899267186], [-0.0915290659893958, 51.51801027546362], [-0.09151779619299709, 51.518279868789676], [-0.09137375700566382, 51.518277524983226], [-0.09137000008477851, 51.5183673894146], [-0.09093788179021092, 51.51836035691212], [-0.09094163956053132, 51.51827049250324], [-0.09079760045112331, 51.51826814798971], [-0.0908013584851103, 51.51817828358676], [-0.09065731967829253, 51.51817593890396], [-0.09066107797594289, 51.518086074506954], [-0.09080511649961934, 51.51808841918226], [-0.09080887449465161, 51.517998554776156]]]}, "properties": {"NoiseClass": "55.0-59.9"}}, {"type": "Feature", "geometry": {"type": "Polygon", "coordinates": [[[-0.08892133206719428, 51.51832751753133], [-0.08892509380152638, 51.51823765322752], [-0.08906913265764603, 51.51824000003909], [-0.08906537120645641, 51.51832986435039], [-0.08892133206719428, 51.51832751753133]]]}, "properties": {"NoiseClass": "55.0-59.9"}}, {"type": "Feature", "geometry": {"type": "Polygon", "coordinates": [[[-0.09670696631728132, 51.518274263381336], [-0.09669947344784695, 51.51845399279982], [-0.09655543327736565, 51.518451655349715], [-0.09655168653037198, 51.518541520049084], [-0.09626360568139644, 51.518536844603595], [-0.09626735299469259, 51.51844697991918], [-0.09641139312633444, 51.51844931772283], [-0.09641514013706028, 51.51835945302934], [-0.09655918000494142, 51.51836179064873], [-0.09656292671309849, 51.51827192594619], [-0.09670696631728132, 51.518274263381336]]]}, "properties": {"NoiseClass": "55.0-59.9"}}, {"type": "Feature", "geometry": {"type": "Polygon", "coordinates": [[[-0.09741967459142502, 51.51846567739872], [-0.09756371487838923, 51.51846801378818], [-0.09755622532911722, 51.51864774329004], [-0.09741218447584735, 51.51864540688565], [-0.09741967459142502, 51.51846567739872]]]}, "properties": {"NoiseClass": "55.0-59.9"}}, {"type": "Feature", "geometry": {"type": "Polygon", "coordinates": [[[-0.09655168653037198, 51.518541520049084], [-0.09669572698400411, 51.51854385750667], [-0.09669198050074336, 51.518633722211966], [-0.09654793976395759, 51.51863138474691], [-0.09655168653037198, 51.518541520049084]]]}, "properties": {"NoiseClass": "55.0-59.9"}}, {"type": "Feature", "geometry": {"type": "Polygon", "coordinates": [[[-0.08876976885398695, 51.51850489912329], [-0.08877729294743034, 51.51832517053548], [-0.08892133206719428, 51.51832751753133], [-0.0889100467472187, 51.5185971104332], [-0.08876600677801771, 51.51859476341482], [-0.08876976885398695, 51.51850489912329]]]}, "properties": {"NoiseClass": "55.0-59.9"}}, {"type": "Feature", "geometry": {"type": "Polygon", "coordinates": [[[-0.08746964793290297, 51.51857363229469], [-0.08746588328910458, 51.51866349651703], [-0.08732184323180597, 51.51866114772342], [-0.08732560815875168, 51.5185712835086], [-0.08746964793290297, 51.51857363229469]]]}, "properties": {"NoiseClass": "55.0-59.9"}}, {"type": "Feature", "geometry": {"type": "Polygon", "coordinates": [[[-0.09682852879848464, 51.518815788921025], [-0.09682478254012815, 51.51890565362906], [-0.09668074093445524, 51.51890331631834], [-0.09668448747596932, 51.51881345161779], [-0.09682852879848464, 51.518815788921025]]]}, "properties": {"NoiseClass": "55.0-59.9"}}, {"type": "Feature", "geometry": {"type": "Polygon", "coordinates": [[[-0.0868859573811505, 51.51874396447264], [-0.08688972317705569, 51.518654100281935], [-0.08703376317578014, 51.51865644960587], [-0.08702999766302344, 51.51874631380409], [-0.0868859573811505, 51.51874396447264]]]}, "properties": {"NoiseClass": "55.0-59.9"}}, {"type": "Feature", "geometry": {"type": "Polygon", "coordinates": [[[-0.08674191711876622, 51.5187416149644], [-0.08659787687590004, 51.51873926527941], [-0.08660164323810136, 51.51864940110374], [-0.08674568319781908, 51.51865175078123], [-0.08674191711876622, 51.5187416149644]]]}, "properties": {"NoiseClass": "55.0-59.9"}}, {"type": "Feature", "geometry": {"type": "Polygon", "coordinates": [[[-0.09668074093445524, 51.51890331631834], [-0.09667699437352241, 51.51899318101731], [-0.09653295250411102, 51.51899084352234], [-0.09653669934820219, 51.518900978830835], [-0.09668074093445524, 51.51890331631834]]]}, "properties": {"NoiseClass": "55.0-59.9"}}, {"type": "Feature", "geometry": {"type": "Polygon", "coordinates": [[[-0.08674191711876622, 51.5187416149644], [-0.0868859573811505, 51.51874396447264], [-0.08688219156572764, 51.51883382866175], [-0.08673815102019293, 51.51883147914602], [-0.08674191711876622, 51.5187416149644]]]}, "properties": {"NoiseClass": "55.0-59.9"}}, {"type": "Feature", "geometry": {"type": "Polygon", "coordinates": [[[-0.08817855735354617, 51.51885496634859], [-0.08832259809419336, 51.518857314096586], [-0.08831883509077243, 51.51894717835925], [-0.08817479406697243, 51.518944830603736], [-0.08817855735354617, 51.51885496634859]]]}, "properties": {"NoiseClass": "55.0-59.9"}}, {"type": "Feature", "geometry": {"type": "Polygon", "coordinates": [[[-0.08731431331937312, 51.518840876148325], [-0.08731054833388753, 51.51893074035839], [-0.08716650744668229, 51.518928391365456], [-0.08717027271531913, 51.51883852716291], [-0.08731431331937312, 51.518840876148325]]]}, "properties": {"NoiseClass": "55.0-59.9"}}, {"type": "Feature", "geometry": {"type": "Polygon", "coordinates": [[[-0.09667324779317332, 51.51908304571468], [-0.09681728996516495, 51.51908538304035], [-0.09681354364855795, 51.51917524774363], [-0.09666950119340349, 51.51917291041048], [-0.09652545875767013, 51.51917057290055], [-0.09652920564060073, 51.51908070821222], [-0.09667324779317332, 51.51908304571468]]]}, "properties": {"NoiseClass": "55.0-59.9"}}, {"type": "Feature", "geometry": {"type": "Polygon", "coordinates": [[[-0.08673815102019293, 51.51883147914602], [-0.08673438490210193, 51.51892134332602], [-0.08687842573078752, 51.518923692849256], [-0.08688219156572764, 51.51883382866175], [-0.08702623213075025, 51.51883617800072], [-0.08702246657896177, 51.51892604219576], [-0.08716650744668229, 51.518928391365456], [-0.08716274215852898, 51.51901825556645], [-0.08701870100765483, 51.51901590638923], [-0.08701493541683299, 51.519105770581106], [-0.08658281123188706, 51.51909872196622], [-0.08659411049417787, 51.51882912945349], [-0.08673815102019293, 51.51883147914602]]]}, "properties": {"NoiseClass": "55.0-59.9"}}, {"type": "Feature", "geometry": {"type": "Polygon", "coordinates": [[[-0.10419332075570849, 51.5184854315122], [-0.1044814026038749, 51.51849008748249], [-0.10476948452942851, 51.51849474274567], [-0.1047657539416107, 51.51858460787204], [-0.1047582927079705, 51.51876433811999], [-0.10490233454919534, 51.518766665508764], [-0.10489860418653334, 51.518856530637834], [-0.10475456206214656, 51.51885420324161], [-0.10474710071249255, 51.51903393348009], [-0.10473963928549435, 51.51921366371227], [-0.10459559604774846, 51.519211336109485], [-0.1045918650220748, 51.51930120121576], [-0.10473590854298982, 51.51930352882599], [-0.10473217778114924, 51.51939339393814], [-0.10458813397706392, 51.51939106632046], [-0.1045844029127154, 51.51948093142356], [-0.10444035884479784, 51.519478603621664], [-0.10445528411884376, 51.519119143229545], [-0.10431124120297605, 51.51911681528065], [-0.10431497275630557, 51.51902695018611], [-0.1044590153890077, 51.51902927812754], [-0.10446274663983242, 51.51893941302398], [-0.10431870429029542, 51.51893708508999], [-0.10432616730025153, 51.51875735489303], [-0.10447020908346462, 51.51875968281213], [-0.1044776714497427, 51.51857995259396], [-0.10418958903526228, 51.51857529660876], [-0.10419332075570849, 51.5184854315122]]]}, "properties": {"NoiseClass": "55.0-59.9"}}, {"type": "Feature", "geometry": {"type": "Polygon", "coordinates": [[[-0.09767405415007324, 51.519279132776774], [-0.09781809702424756, 51.519281468879946], [-0.09781435265096389, 51.519371333632385], [-0.09767030949362321, 51.51936899752174], [-0.09767405415007324, 51.519279132776774]]]}, "properties": {"NoiseClass": "55.0-59.9"}}, {"type": "Feature", "geometry": {"type": "Polygon", "coordinates": [[[-0.08801946223649182, 51.51921207540489], [-0.08816350409022113, 51.51921442335971], [-0.08815974072562639, 51.519304287608556], [-0.08801569858873906, 51.51930193964621], [-0.08801946223649182, 51.51921207540489]]]}, "properties": {"NoiseClass": "55.0-59.9"}}, {"type": "Feature", "geometry": {"type": "Polygon", "coordinates": [[[-0.09665826127758619, 51.519442504488396], [-0.0966545146001423, 51.51953236917788], [-0.09651047103174795, 51.51953003163802], [-0.09651421799235932, 51.51944016695602], [-0.09665826127758619, 51.519442504488396]]]}, "properties": {"NoiseClass": "55.0-59.9"}}, {"type": "Feature", "geometry": {"type": "Polygon", "coordinates": [[[-0.1045844029127154, 51.51948093142356], [-0.10472844699997304, 51.51948325904869], [-0.10471725454042219, 51.51975285437089], [-0.10457320960363971, 51.51975052672342], [-0.1045844029127154, 51.51948093142356]]]}, "properties": {"NoiseClass": "55.0-59.9"}}, {"type": "Feature", "geometry": {"type": "Polygon", "coordinates": [[[-0.0966545146001423, 51.51953236917788], [-0.09679855818795854, 51.51953470654095], [-0.0967948117742659, 51.51962457123629], [-0.09665076790328096, 51.51962223386575], [-0.0966545146001423, 51.51953236917788]]]}, "properties": {"NoiseClass": "55.0-59.9"}}, {"type": "Feature", "geometry": {"type": "Polygon", "coordinates": [[[-0.08701116980649425, 51.51919563477139], [-0.0871552115236777, 51.51919798396366], [-0.08715144617697894, 51.51928784815989], [-0.08714768081076409, 51.51937771235455], [-0.08714391542503473, 51.5194675765476], [-0.08699987285837489, 51.51946522733279], [-0.08701116980649425, 51.51919563477139]]]}, "properties": {"NoiseClass": "55.0-59.9"}}, {"type": "Feature", "geometry": {"type": "Polygon", "coordinates": [[[-0.0967948117742659, 51.51962457123629], [-0.09693885566463425, 51.51962690843007], [-0.09693510951469403, 51.51971677313135], [-0.09679106534115375, 51.519714435930105], [-0.0967948117742659, 51.51962457123629]]]}, "properties": {"NoiseClass": "55.0-59.9"}}, {"type": "Feature", "geometry": {"type": "Polygon", "coordinates": [[[-0.08786412855098104, 51.519479319969946], [-0.08800817123471398, 51.519481668124094], [-0.08800440752844002, 51.519571532360686], [-0.08786036456154511, 51.519569184199035], [-0.08786412855098104, 51.519479319969946]]]}, "properties": {"NoiseClass": "55.0-59.9"}}, {"type": "Feature", "geometry": {"type": "Polygon", "coordinates": [[[-0.10471352368189664, 51.519842719475136], [-0.10485756892116042, 51.519845046953265], [-0.10485383832647865, 51.51993491206337], [-0.10470979280403506, 51.51993258457779], [-0.10471352368189664, 51.519842719475136]]]}, "properties": {"NoiseClass": "55.0-59.9"}}, {"type": "Feature", "geometry": {"type": "Polygon", "coordinates": [[[-0.09765907540782219, 51.519638591747174], [-0.09780311941466789, 51.51964092788026], [-0.09779563049343355, 51.51982065737095], [-0.0976515859202429, 51.51981832122291], [-0.09765907540782219, 51.519638591747174]]]}, "properties": {"NoiseClass": "55.0-59.9"}}, {"type": "Feature", "geometry": {"type": "Polygon", "coordinates": [[[-0.08814845051481089, 51.519573880345554], [-0.08815974072562639, 51.519304287608556], [-0.08859186725337816, 51.519311330434896], [-0.08857681699789183, 51.51967078750451], [-0.08828873036126635, 51.51966609240366], [-0.08829249352071894, 51.51957622815363], [-0.08814845051481089, 51.519573880345554]]]}, "properties": {"NoiseClass": "55.0-59.9"}}, {"type": "Feature", "geometry": {"type": "Polygon", "coordinates": [[[-0.0879968800573725, 51.51975126082907], [-0.08814092361007286, 51.51975360882895], [-0.08813716012844405, 51.5198434730683], [-0.08799311629257733, 51.51984112506089], [-0.0879968800573725, 51.51975126082907]]]}, "properties": {"NoiseClass": "55.0-59.9"}}, {"type": "Feature", "geometry": {"type": "Polygon", "coordinates": [[[-0.1044105073683933, 51.52019752433012], [-0.10426646105442068, 51.52019519629184], [-0.1042701928398462, 51.52010533121628], [-0.10441423887063536, 51.5201076592471], [-0.1044105073683933, 51.52019752433012]]]}, "properties": {"NoiseClass": "55.0-59.9"}}, {"type": "Feature", "geometry": {"type": "Polygon", "coordinates": [[[-0.09779188600370523, 51.51991052211391], [-0.09779563049343355, 51.51982065737095], [-0.09822776432953574, 51.51982766475432], [-0.0982240206893323, 51.51991752951968], [-0.09807997577471796, 51.51991519389453], [-0.09807248786974442, 51.52009492340562], [-0.09792844240818116, 51.520092587588756], [-0.09793593087950876, 51.51991285809261], [-0.09779188600370523, 51.51991052211391]]]}, "properties": {"NoiseClass": "55.0-59.9"}}, {"type": "Feature", "geometry": {"type": "Polygon", "coordinates": [[[-0.10499042318728068, 51.52011696960253], [-0.10513446931479065, 51.52011929674943], [-0.10512700912281345, 51.52029902698837], [-0.10498296242893422, 51.52029669982659], [-0.10498669281777508, 51.52020683471537], [-0.10484264642641611, 51.520204507384236], [-0.10484637707910674, 51.520114642278855], [-0.10499042318728068, 51.52011696960253]]]}, "properties": {"NoiseClass": "55.0-59.9"}}, {"type": "Feature", "geometry": {"type": "Polygon", "coordinates": [[[-0.1044105073683933, 51.52019752433012], [-0.10455455370173893, 51.52019985219161], [-0.10455082246334263, 51.520289717280505], [-0.104406775846812, 51.520287389411564], [-0.1044105073683933, 51.52019752433012]]]}, "properties": {"NoiseClass": "55.0-59.9"}}, {"type": "Feature", "geometry": {"type": "Polygon", "coordinates": [[[-0.08699234146204123, 51.51964495569916], [-0.08697727843516498, 51.520004412412845], [-0.08683323418906172, 51.52000206297615], [-0.08668918996244829, 51.51999971336268], [-0.0866929563147815, 51.51990984920168], [-0.0868370002582258, 51.51991219880764], [-0.08684076630787183, 51.519822334637524], [-0.0866967226475947, 51.519819985039085], [-0.08670048896088663, 51.51973012087488], [-0.08684453233799862, 51.519732470465804], [-0.08684829834860493, 51.51964260629255], [-0.08699234146204123, 51.51964495569916]]]}, "properties": {"NoiseClass": "55.0-59.9"}}, {"type": "Feature", "geometry": {"type": "Polygon", "coordinates": [[[-0.10512700912281345, 51.52029902698837], [-0.10541510256853989, 51.520303680781566], [-0.10541137300992558, 51.52039354591358], [-0.1052673259941936, 51.52039121909792], [-0.10512327899782391, 51.52038889210549], [-0.10512700912281345, 51.52029902698837]]]}, "properties": {"NoiseClass": "55.0-59.9"}}, {"type": "Feature", "geometry": {"type": "Polygon", "coordinates": [[[-0.09763660671217583, 51.520177780155386], [-0.0977806524180728, 51.520180116333314], [-0.09777690785071179, 51.520269981069966], [-0.09763286186163457, 51.520267644884555], [-0.09763660671217583, 51.520177780155386]]]}, "properties": {"NoiseClass": "55.0-59.9"}}, {"type": "Feature", "geometry": {"type": "Polygon", "coordinates": [[[-0.09805376776771828, 51.52054424715569], [-0.09819781466459798, 51.520546582833134], [-0.09819407086916213, 51.520636447585886], [-0.098050023689097, 51.52063411190096], [-0.09805376776771828, 51.52054424715569]]]}, "properties": {"NoiseClass": "55.0-59.9"}}, {"type": "Feature", "geometry": {"type": "Polygon", "coordinates": [[[-0.09776567403217928, 51.5205395752704], [-0.097909720890245, 51.520541911301436], [-0.09790597652843629, 51.52063177603923], [-0.0977619293871848, 51.520629440000725], [-0.09776567403217928, 51.5205395752704]]]}, "properties": {"NoiseClass": "55.0-59.9"}}, {"type": "Feature", "geometry": {"type": "Polygon", "coordinates": [[[-0.09790597652843629, 51.52063177603923], [-0.098050023689097, 51.52063411190096], [-0.09804627959106933, 51.52072397664463], [-0.0979022321472216, 51.52072164077543], [-0.09790597652843629, 51.52063177603923]]]}, "properties": {"NoiseClass": "55.0-59.9"}}, {"type": "Feature", "geometry": {"type": "Polygon", "coordinates": [[[-0.09690139329147915, 51.52052555537165], [-0.09704544003307032, 51.52052789246341], [-0.09704169397214595, 51.520617757156366], [-0.09703794789180603, 51.520707621847706], [-0.09689390058384165, 51.52070528474099], [-0.09690139329147915, 51.52052555537165]]]}, "properties": {"NoiseClass": "55.0-59.9"}}, {"type": "Feature", "geometry": {"type": "Polygon", "coordinates": [[[-0.09775818472278111, 51.520719304729454], [-0.0979022321472216, 51.52072164077543], [-0.09789848774659776, 51.520811505510075], [-0.09775444003896827, 51.52080916945662], [-0.09775818472278111, 51.520719304729454]]]}, "properties": {"NoiseClass": "55.0-59.9"}}, {"type": "Feature", "geometry": {"type": "Polygon", "coordinates": [[[-0.08783025194373788, 51.52028809797448], [-0.08797429717598507, 51.52029044619626], [-0.08797053329414228, 51.52038031041859], [-0.08811457882904211, 51.52038265847106], [-0.08810705157318753, 51.52056238692598], [-0.08825109769398262, 51.5205647348167], [-0.08824357092646001, 51.520744463280344], [-0.08781143092354504, 51.52073741903273], [-0.08783025194373788, 51.52028809797448]]]}, "properties": {"NoiseClass": "55.0-59.9"}}, {"type": "Feature", "geometry": {"type": "Polygon", "coordinates": [[[-0.09703420179204861, 51.52079748653749], [-0.09702670953428678, 51.52097721591227], [-0.09673861323866939, 51.52097254147719], [-0.09674235994364101, 51.52088267680554], [-0.09688640779853328, 51.52088501410401], [-0.09689015420089683, 51.52079514942329], [-0.09703420179204861, 51.52079748653749]]]}, "properties": {"NoiseClass": "55.0-59.9"}}, {"type": "Feature", "geometry": {"type": "Polygon", "coordinates": [[[-0.09673861323866939, 51.52097254147719], [-0.09672737300723272, 51.52124213548271], [-0.0968714219948989, 51.521244472811055], [-0.09686767549544341, 51.521334337483886], [-0.09643552774105069, 51.521327324945965], [-0.09643178037258174, 51.52141718959476], [-0.0962877308767854, 51.52141485172105], [-0.09629147852845255, 51.52132498707972], [-0.09614742933524724, 51.5213226490367], [-0.09615867302328705, 51.521053055125705], [-0.09659081811238661, 51.521060068657086], [-0.09659456511997189, 51.520970203994466], [-0.09673861323866939, 51.52097254147719]]]}, "properties": {"NoiseClass": "55.0-59.9"}}, {"type": "Feature", "geometry": {"type": "Polygon", "coordinates": [[[-0.10579503919665657, 51.52156877216236], [-0.10579131021702555, 51.52165863729455], [-0.10564725917852358, 51.52165631090507], [-0.10565098844136342, 51.521566445780316], [-0.1055069377054294, 51.52156411922145], [-0.10551066723214685, 51.52147425410254], [-0.10536661679871957, 51.52147192737437], [-0.10537407636057046, 51.52129219714669], [-0.10523002651288464, 51.52128987025659], [-0.10523375654801449, 51.521200005147826], [-0.10508970700289424, 51.52119767808836], [-0.10509343730189097, 51.52110781298545], [-0.10494938805927546, 51.521105485756664], [-0.10495684916565982, 51.520925755561045], [-0.10510089784187909, 51.520928082774944], [-0.10509716758155205, 51.521017947881], [-0.10524121656027287, 51.52102027492557], [-0.10523748656381111, 51.52111014003748], [-0.10538153584509392, 51.52111246691268], [-0.10537780611249863, 51.52120233203047], [-0.1055218556963144, 51.52120465873633], [-0.10551812622758917, 51.521294523859986], [-0.10566217611390734, 51.5212968503965], [-0.10565471768487403, 51.52147658065395], [-0.1057987681569611, 51.52147890702855], [-0.10579503919665657, 51.52156877216236]]]}, "properties": {"NoiseClass": "55.0-59.9"}}, {"type": "Feature", "geometry": {"type": "Polygon", "coordinates": [[[-0.09772822670881541, 51.52143822250247], [-0.09774320587107475, 51.5210787636286], [-0.09774695061311549, 51.520988898906175], [-0.09789099888712816, 51.52099123497458], [-0.09787602093529085, 51.521350693884656], [-0.09802007036149492, 51.52135302980618], [-0.0980125818355271, 51.52153275926669], [-0.09786853184292237, 51.5215304233302], [-0.0978722763988108, 51.52144055860825], [-0.09772822670881541, 51.52143822250247]]]}, "properties": {"NoiseClass": "55.0-59.9"}}, {"type": "Feature", "geometry": {"type": "Polygon", "coordinates": [[[-0.09686392897656922, 51.52142420215513], [-0.09685268930343449, 51.52169379615935], [-0.09699673972655139, 51.521696133348335], [-0.09699299341320611, 51.52178599802073], [-0.0964167907044711, 51.521776648174146], [-0.09642803298469008, 51.52150705424196], [-0.09657208278314143, 51.52150939194635], [-0.09657582988783296, 51.52141952729167], [-0.09686392897656922, 51.52142420215513]]]}, "properties": {"NoiseClass": "55.0-59.9"}}, {"type": "Feature", "geometry": {"type": "Polygon", "coordinates": [[[-0.10490835059159406, 51.522094001719736], [-0.10476429825303261, 51.52209167423222], [-0.10476802931181299, 51.52200180916002], [-0.10491208136715922, 51.52200413664009], [-0.10490835059159406, 51.522094001719736]]]}, "properties": {"NoiseClass": "55.0-59.9"}}, {"type": "Feature", "geometry": {"type": "Polygon", "coordinates": [[[-0.10418808909225472, 51.522082362514205], [-0.10404403685040332, 51.52208003414269], [-0.10404776932525621, 51.521990169107724], [-0.10419182128389277, 51.52199249747178], [-0.10418808909225472, 51.522082362514205]]]}, "properties": {"NoiseClass": "55.0-59.9"}}, {"type": "Feature", "geometry": {"type": "Polygon", "coordinates": [[[-0.10274756754459939, 51.52205907084317], [-0.10260351549627778, 51.52205674070367], [-0.10260725080326384, 51.521966875743246], [-0.1027513025683726, 51.521969205875294], [-0.10274756754459939, 51.52205907084317]]]}, "properties": {"NoiseClass": "55.0-59.9"}}, {"type": "Feature", "geometry": {"type": "Polygon", "coordinates": [[[-0.10490835059159406, 51.522094001719736], [-0.10505240294949311, 51.52209632903044], [-0.10504867243780718, 51.52218619411596], [-0.10490461979669129, 51.5221838667978], [-0.10490835059159406, 51.522094001719736]]]}, "properties": {"NoiseClass": "55.0-59.9"}}, {"type": "Feature", "geometry": {"type": "Polygon", "coordinates": [[[-0.10433214135341906, 51.52208469070891], [-0.10433587326184311, 51.52199482565904], [-0.10447992525916805, 51.521997153669496], [-0.10448365686503529, 51.521907288610635], [-0.1046277085984918, 51.521909616436815], [-0.10462024593384223, 51.52208934656792], [-0.10447619363395887, 51.52208701872681], [-0.10447246198940804, 51.52217688378252], [-0.10432840942565226, 51.522174555757175], [-0.10433214135341906, 51.52208469070891]]]}, "properties": {"NoiseClass": "55.0-59.9"}}, {"type": "Feature", "geometry": {"type": "Polygon", "coordinates": [[[-0.10404403685040332, 51.52208003414269], [-0.10404030435620606, 51.52216989917607], [-0.10389625185048344, 51.52216757062031], [-0.10389998462789712, 51.52207770559439], [-0.10404403685040332, 51.52208003414269]]]}, "properties": {"NoiseClass": "55.0-59.9"}}, {"type": "Feature", "geometry": {"type": "Polygon", "coordinates": [[[-0.0977057573831216, 51.52197741076584], [-0.09784980877234435, 51.52197974691645], [-0.09784606410000174, 51.52206961162894], [-0.09770201242756892, 51.52206727547084], [-0.0977057573831216, 51.52197741076584]]]}, "properties": {"NoiseClass": "55.0-59.9"}}, {"type": "Feature", "geometry": {"type": "Polygon", "coordinates": [[[-0.10404030435620606, 51.52216989917607], [-0.10418435688127227, 51.52217222755502], [-0.10418062465094423, 51.52226209259428], [-0.10403657184266042, 51.52225976420787], [-0.10404030435620606, 51.52216989917607]]]}, "properties": {"NoiseClass": "55.0-59.9"}}, {"type": "Feature", "geometry": {"type": "Polygon", "coordinates": [[[-0.10259978016993068, 51.52214660566252], [-0.10274383250146715, 51.52214893580947], [-0.10274756754459939, 51.52205907084317], [-0.10289161961227973, 51.522061400805875], [-0.10289535435283967, 51.521971535830524], [-0.10303940615663405, 51.52197386560897], [-0.10303567169928653, 51.52206373059178], [-0.10317972380568384, 51.52206606020088], [-0.10317598961219523, 51.52215592518953], [-0.10303193722258308, 51.522153595572966], [-0.10302820272652256, 51.52224346055263], [-0.10274009743897375, 51.52223880077421], [-0.1025960448242221, 51.5222364706198], [-0.10259978016993068, 51.52214660566252]]]}, "properties": {"NoiseClass": "55.0-59.9"}}, {"type": "Feature", "geometry": {"type": "Polygon", "coordinates": [[[-0.10159141439146925, 51.52213028968347], [-0.10159888898978411, 51.52195055986859], [-0.10174294061930488, 51.52195289123823], [-0.10173920361304457, 51.522042756153915], [-0.10188325554517742, 51.52204508735421], [-0.10188699226822608, 51.52195522243106], [-0.10246319905754676, 51.5219645454344], [-0.1024594634673479, 51.52205441038738], [-0.10260351549627778, 51.52205674070367], [-0.10259978016993068, 51.52214660566252], [-0.1020235710374447, 51.52213728330672], [-0.10201983455887402, 51.522227148234165], [-0.10173172954241537, 51.52222248598055], [-0.10173546658741531, 51.52213262106801], [-0.10159141439146925, 51.52213028968347]]]}, "properties": {"NoiseClass": "55.0-59.9"}}, {"type": "Feature", "geometry": {"type": "Polygon", "coordinates": [[[-0.1033163080915324, 51.52224811962385], [-0.10360441353392463, 51.52225277798786], [-0.10360068015137741, 51.52234264299575], [-0.1031685211671499, 51.52233565516217], [-0.10317225539935036, 51.522245790176655], [-0.1033163080915324, 51.52224811962385]]]}, "properties": {"NoiseClass": "55.0-59.9"}}, {"type": "Feature", "geometry": {"type": "Polygon", "coordinates": [[[-0.10158767706325453, 51.522220154588545], [-0.10173172954241537, 51.52222248598055], [-0.10172799247804527, 51.52231235089151], [-0.10158393971566758, 51.52231001949204], [-0.10158767706325453, 51.522220154588545]]]}, "properties": {"NoiseClass": "55.0-59.9"}}, {"type": "Feature", "geometry": {"type": "Polygon", "coordinates": [[[-0.09784231940824799, 51.52215947633987], [-0.09798637138330167, 51.52216181232866], [-0.09798262695535159, 51.522251677045475], [-0.09783857469708548, 51.522249341049225], [-0.09784231940824799, 51.52215947633987]]]}, "properties": {"NoiseClass": "55.0-59.9"}}, {"type": "Feature", "geometry": {"type": "Polygon", "coordinates": [[[-0.0971258059320247, 51.522057929070456], [-0.09726985752677396, 51.52206026593576], [-0.09726236585816404, 51.52223999529624], [-0.0971183136969915, 51.52223765841598], [-0.09712205982421668, 51.52214779374401], [-0.09697800796564349, 51.52214545669447], [-0.09698175435666201, 51.522055592028394], [-0.0971258059320247, 51.522057929070456]]]}, "properties": {"NoiseClass": "55.0-59.9"}}, {"type": "Feature", "geometry": {"type": "Polygon", "coordinates": [[[-0.10143988697263268, 51.52230768791578], [-0.10158393971566758, 51.52231001949204], [-0.10158020234870958, 51.522399884393955], [-0.10143614932245675, 51.52239755281024], [-0.10143988697263268, 51.52230768791578]]]}, "properties": {"NoiseClass": "55.0-59.9"}}, {"type": "Feature", "geometry": {"type": "Polygon", "coordinates": [[[-0.10143988697263268, 51.52230768791578], [-0.10129583424896964, 51.52230535616271], [-0.10129209631557685, 51.522395221049706], [-0.1011480433281034, 51.522392889112375], [-0.10115925791980718, 51.52212329446902], [-0.10130331005763259, 51.522125626383975], [-0.10129957216298821, 51.522215491274146], [-0.10144362460343524, 51.52221782301974], [-0.10143988697263268, 51.52230768791578]]]}, "properties": {"NoiseClass": "55.0-59.9"}}, {"type": "Feature", "geometry": {"type": "Polygon", "coordinates": [[[-0.10085993741122255, 51.522388224707306], [-0.10071588448188244, 51.52238589223959], [-0.10071962354814405, 51.52229602738244], [-0.100863676194267, 51.522298359842715], [-0.10085993741122255, 51.522388224707306]]]}, "properties": {"NoiseClass": "55.0-59.9"}}, {"type": "Feature", "geometry": {"type": "Polygon", "coordinates": [[[-0.10100399035997347, 51.52239055699824], [-0.1011480433281034, 51.522392889112375], [-0.10114430509211723, 51.52248275399031], [-0.10100025184076815, 51.522480421868735], [-0.10100399035997347, 51.52239055699824]]]}, "properties": {"NoiseClass": "55.0-59.9"}}, {"type": "Feature", "geometry": {"type": "Polygon", "coordinates": [[[-0.10503375019769585, 51.522545654442254], [-0.10517780399099753, 51.5225479816134], [-0.10517407366585178, 51.522637846698466], [-0.10503001958932576, 51.52263551951989], [-0.10503375019769585, 51.522545654442254]]]}, "properties": {"NoiseClass": "55.0-59.9"}}, {"type": "Feature", "geometry": {"type": "Polygon", "coordinates": [[[-0.09725487411189246, 51.522419724650355], [-0.0973989268589396, 51.52242206136877], [-0.0973951812398959, 51.52251192605094], [-0.09725112820963197, 51.52250958932506], [-0.09725487411189246, 51.522419724650355]]]}, "properties": {"NoiseClass": "55.0-59.9"}}, {"type": "Feature", "geometry": {"type": "Polygon", "coordinates": [[[-0.10402164159501145, 51.52261922431932], [-0.10416569553617804, 51.52262155273553], [-0.10416196320912254, 51.52271141776687], [-0.10401790898473158, 51.522709089343216], [-0.10402164159501145, 51.52261922431932]]]}, "properties": {"NoiseClass": "55.0-59.9"}}, {"type": "Feature", "geometry": {"type": "Polygon", "coordinates": [[[-0.10057183157189103, 51.52238355959504], [-0.10056809220303048, 51.522473424443135], [-0.10042403902920168, 51.522471091614364], [-0.10042029935773938, 51.522560956453404], [-0.10027624592011004, 51.52255862344035], [-0.10027250594604284, 51.522648488270356], [-0.10012845224454264, 51.52264615507301], [-0.10013593273973179, 51.522466425426366], [-0.10027998587479194, 51.52246875860875], [-0.10028746572599982, 51.52228902894084], [-0.10043151831397511, 51.52229136193152], [-0.10042777868128025, 51.52238122677373], [-0.10057183157189103, 51.52238355959504]]]}, "properties": {"NoiseClass": "55.0-59.9"}}, {"type": "Feature", "geometry": {"type": "Polygon", "coordinates": [[[-0.09811544668237443, 51.522523607028326], [-0.09811919088533241, 51.522433742308785], [-0.09826324374881396, 51.52243607796637], [-0.09825575588992683, 51.52261580741884], [-0.09811170246000929, 51.52261347174629], [-0.09811544668237443, 51.522523607028326]]]}, "properties": {"NoiseClass": "55.0-59.9"}}, {"type": "Feature", "geometry": {"type": "Polygon", "coordinates": [[[-0.10416196320912254, 51.52271141776687], [-0.10430601745282762, 51.52271374601373], [-0.10445007171590935, 51.52271607408378], [-0.10445380347651491, 51.52262620903752], [-0.10459785747571666, 51.522628536923314], [-0.10474191149422576, 51.522630864632305], [-0.10488596553210679, 51.5226331921645], [-0.10488223462117471, 51.522723057233115], [-0.104878503690905, 51.52281292230011], [-0.1047344490865729, 51.52281059475305], [-0.10473818030006894, 51.52272072969347], [-0.10459412599833504, 51.52271840197703], [-0.10459039450161223, 51.522808267029134], [-0.10444633993596018, 51.522805939128446], [-0.10444260813666785, 51.52289580417154], [-0.10429855330713225, 51.5228934760866], [-0.10430228538965253, 51.52280361105094], [-0.10415823086272148, 51.52280128279664], [-0.10416196320912254, 51.52271141776687]]]}, "properties": {"NoiseClass": "55.0-59.9"}}, {"type": "Feature", "geometry": {"type": "Polygon", "coordinates": [[[-0.10257363234337977, 51.522775660330275], [-0.10257736780525757, 51.52268579538249], [-0.10272142183610995, 51.522688125574184], [-0.10271768665745656, 51.52277799052941], [-0.1028617409908932, 51.52278032055175], [-0.10285800607610467, 51.52287018551289], [-0.10256989686213931, 51.522865525276515], [-0.10257363234337977, 51.522775660330275]]]}, "properties": {"NoiseClass": "55.0-59.9"}}, {"type": "Feature", "geometry": {"type": "Polygon", "coordinates": [[[-0.09969255013006581, 51.52272901921879], [-0.09968880898433365, 51.52281888401578], [-0.09940070062294956, 51.522814216000036], [-0.09925664647138341, 51.522811881726966], [-0.09926413044278994, 51.52263215217625], [-0.0994081840279117, 51.52263448643438], [-0.09940444233512807, 51.52272435121799], [-0.09969255013006581, 51.52272901921879]]]}, "properties": {"NoiseClass": "55.0-59.9"}}, {"type": "Feature", "geometry": {"type": "Polygon", "coordinates": [[[-0.09825201193137567, 51.52270567214269], [-0.09839606566395019, 51.5227080076459], [-0.0983923219692135, 51.522797872375676], [-0.09824826795341696, 51.52279553686498], [-0.09825201193137567, 51.52270567214269]]]}, "properties": {"NoiseClass": "55.0-59.9"}}, {"type": "Feature", "geometry": {"type": "Polygon", "coordinates": [[[-0.08639356767187052, 51.52017474189262], [-0.08653761242578248, 51.52017709187471], [-0.08653384573171279, 51.52026695602342], [-0.08638980069462814, 51.52026460603385], [-0.08638603369786012, 51.52035447017351], [-0.08624198839715617, 51.520352119999615], [-0.08623822109768825, 51.52044198413015], [-0.08609417553330508, 51.52043963377198], [-0.08609040793113522, 51.52052949789339], [-0.08623445377869551, 51.520531848259104], [-0.08622315170455601, 51.5208014406365], [-0.0863671984211529, 51.52080379084799], [-0.08636343130723632, 51.52089365497814], [-0.08621938430745642, 51.52089130475914], [-0.08607533732717348, 51.520888954363336], [-0.08607156962736243, 51.52097881847688], [-0.0862156168908296, 51.52098116888019], [-0.08635966417379415, 51.5209835191067], [-0.08635589702082755, 51.521073383233684], [-0.08621184945467714, 51.52107103299964], [-0.08620431452378874, 51.52125076123382], [-0.08606026641075973, 51.52124841080795], [-0.08605273083538124, 51.521428139020756], [-0.08619677951479225, 51.52143048946167], [-0.08618170926246563, 51.52178994589838], [-0.0863257590941559, 51.52179229619257], [-0.08632199176545395, 51.521882160305296], [-0.08646604189990059, 51.52188451043024], [-0.08645850775031741, 51.52206423866601], [-0.08660255847069193, 51.52206658862919], [-0.0865987916498158, 51.52215645275221], [-0.08645474064623798, 51.52215410278152], [-0.08644720637950148, 51.52233383100778], [-0.0865912579494915, 51.52233618099352], [-0.0865874910700425, 51.52242604511179], [-0.08687559483498143, 51.522430744567906], [-0.08687182850242817, 51.522520608699644], [-0.0867277763270021, 51.52251825905246], [-0.08672400969171434, 51.52260812317509], [-0.0865799572525713, 51.522605773343614], [-0.08658372417106913, 51.52251590922848], [-0.08643967203466173, 51.52251355922772], [-0.08644343921684401, 51.52242369511855], [-0.08629938738317154, 51.5224213449485], [-0.08630315482903708, 51.52233148084524], [-0.08615910329813053, 51.52232913050593], [-0.0861553355690573, 51.522418994601665], [-0.08601128377444202, 51.522416644078], [-0.08602258775269286, 51.522147051808666], [-0.08616663869768944, 51.52214940230974], [-0.08617794165056478, 51.52187981000359], [-0.08588984147934459, 51.52187510886976], [-0.08589360965764292, 51.521785244779586], [-0.08574955988451165, 51.521782893955], [-0.08575332832647699, 51.52169302987076], [-0.08560927885607345, 51.5216906788769], [-0.08560551013091082, 51.52178054295363], [-0.08546146039684627, 51.521778191775454], [-0.08546899839402917, 51.5215984636355], [-0.08532494924592396, 51.52159611229559], [-0.08535510271877252, 51.52087719973257], [-0.08549914960136765, 51.52087955101229], [-0.08551422473621442, 51.52052009466269], [-0.0856582705056547, 51.52052244573555], [-0.08566203895735498, 51.52043258163669], [-0.08551799347109103, 51.52043023057137], [-0.0855217621864348, 51.520340366478415], [-0.08566580738952409, 51.520342717536224], [-0.0856733441952668, 51.52016298933056], [-0.08581738885154419, 51.520165340196534], [-0.08581362074161136, 51.52025520430766], [-0.08595766570058952, 51.52025755500438], [-0.08596143352734965, 51.52016769088573], [-0.08610547822265215, 51.52017004139814], [-0.08610171067906432, 51.52025990552433], [-0.0862457556770985, 51.52026225586748], [-0.08624952293751321, 51.52017239173379], [-0.08639356767187052, 51.52017474189262]]]}, "properties": {"NoiseClass": "55.0-59.9"}}, {"type": "Feature", "geometry": {"type": "Polygon", "coordinates": [[[-0.08578347515904597, 51.52097411713988], [-0.08577970687333646, 51.521063981236765], [-0.08592375438093104, 51.52106633200118], [-0.0859275223834551, 51.520976467896766], [-0.08578347515904597, 51.52097411713988]]]}, "properties": {"NoiseClass": "55.0-59.9"}}, {"type": "Feature", "geometry": {"type": "Polygon", "coordinates": [[[-0.1017055696850452, 51.52285154032403], [-0.10184962416615159, 51.52285387159144], [-0.10184588724941396, 51.5229437364988], [-0.10170183248508037, 51.52294140522392], [-0.1017055696850452, 51.52285154032403]]]}, "properties": {"NoiseClass": "55.0-59.9"}}, {"type": "Feature", "geometry": {"type": "Polygon", "coordinates": [[[-0.10141746078097683, 51.52284687725877], [-0.10156151522333959, 51.5228492088798], [-0.10155777774014886, 51.522939073772235], [-0.10141372301455932, 51.52293674214374], [-0.10141746078097683, 51.52284687725877]]]}, "properties": {"NoiseClass": "55.0-59.9"}}, {"type": "Feature", "geometry": {"type": "Polygon", "coordinates": [[[-0.0874442721801973, 51.5226198696806], [-0.08758832473642776, 51.522622218451296], [-0.08758455978089628, 51.52271208261745], [-0.08744050694145178, 51.52270973383922], [-0.0874442721801973, 51.5226198696806]]]}, "properties": {"NoiseClass": "55.0-59.9"}}, {"type": "Feature", "geometry": {"type": "Polygon", "coordinates": [[[-0.09939695889137623, 51.5229040807805], [-0.09939321714040922, 51.522993945559385], [-0.09924916242239316, 51.52299161127138], [-0.0992529044565861, 51.52290174649996], [-0.09939695889137623, 51.5229040807805]]]}, "properties": {"NoiseClass": "55.0-59.9"}}, {"type": "Feature", "geometry": {"type": "Polygon", "coordinates": [[[-0.09853263257346585, 51.52289007244519], [-0.0985363760043834, 51.52280020770956], [-0.09868043005899034, 51.52280254286664], [-0.0986841731872823, 51.52271267812194], [-0.09882822697806652, 51.52271501309476], [-0.09882074126852691, 51.52289474259753], [-0.09896479564512645, 51.52289707740847], [-0.09896105304448197, 51.522986942164955], [-0.09881699838465724, 51.522984607346515], [-0.09867294374420116, 51.52298227235127], [-0.09852888912314588, 51.522979937179244], [-0.09853263257346585, 51.52289007244519]]]}, "properties": {"NoiseClass": "55.0-59.9"}}, {"type": "Feature", "geometry": {"type": "Polygon", "coordinates": [[[-0.10199367866659646, 51.52285620268205], [-0.10228178772565326, 51.5228608643329], [-0.10228552377334564, 51.52277099940159], [-0.10242957804869628, 51.52277332995433], [-0.10242584228422986, 51.522863194893084], [-0.10256989686213931, 51.522865525276515], [-0.10256616136153658, 51.522955390221135], [-0.10242210650039997, 51.522953059830286], [-0.10241463487464868, 51.52313278969989], [-0.10212652407748975, 51.52312812835793], [-0.10213399683615834, 51.522948398518146], [-0.10198994203308516, 51.52294606759686], [-0.10199367866659646, 51.52285620268205]]]}, "properties": {"NoiseClass": "55.0-59.9"}}, {"type": "Feature", "geometry": {"type": "Polygon", "coordinates": [[[-0.10068971047538665, 51.52301494619532], [-0.10083376538728622, 51.52301727871528], [-0.10083002644920419, 51.52310714356726], [-0.10068597125407588, 51.52310481103982], [-0.10068971047538665, 51.52301494619532]]]}, "properties": {"NoiseClass": "55.0-59.9"}}, {"type": "Feature", "geometry": {"type": "Polygon", "coordinates": [[[-0.10314238099978483, 51.522964710016524], [-0.10357454593171124, 51.52297169800661], [-0.10357827944971916, 51.5228818330098], [-0.10372233418251729, 51.52288416197876], [-0.10386638893463161, 51.52288649077093], [-0.10386265598308074, 51.52297635578265], [-0.10400671103780831, 51.522978684405466], [-0.10400297835013819, 51.52306854942306], [-0.1037148676936086, 51.523063891985714], [-0.10370740112729529, 51.52324362198635], [-0.10341928941520757, 51.523238963812005], [-0.10342302327450523, 51.52314909882739], [-0.10327896773075695, 51.523146769482445], [-0.10328270185393175, 51.52305690450368], [-0.10313864661273718, 51.5230545749894], [-0.10314238099978483, 51.522964710016524]]]}, "properties": {"NoiseClass": "55.0-59.9"}}, {"type": "Feature", "geometry": {"type": "Polygon", "coordinates": [[[-0.08758079480584989, 51.52280194678201], [-0.08758455978089628, 51.52271208261745], [-0.08772861263988906, 51.52271443121887], [-0.08772484794805835, 51.52280429539094], [-0.08786890110977806, 51.522806643823074], [-0.08786513668164928, 51.52289650800109], [-0.0877210832367131, 51.522894159561446], [-0.08771731850585457, 51.52298402373035], [-0.08757326479721209, 51.52298167510639], [-0.08758079480584989, 51.52280194678201]]]}, "properties": {"NoiseClass": "55.0-59.9"}}, {"type": "Feature", "geometry": {"type": "Polygon", "coordinates": [[[-0.0865799572525713, 51.522605773343614], [-0.08657619031454786, 51.522695637457126], [-0.08672024303690376, 51.522697987296155], [-0.08671647636257034, 51.5227878514156], [-0.08671270966871168, 51.52287771553348], [-0.08670894295533023, 51.52296757964978], [-0.0865648893833266, 51.52296522978821], [-0.08657242335699919, 51.522785501569075], [-0.08642837037095363, 51.52278315154574], [-0.08643590483295185, 51.52260342333531], [-0.0865799572525713, 51.522605773343614]]]}, "properties": {"NoiseClass": "55.0-59.9"}}, {"type": "Feature", "geometry": {"type": "Polygon", "coordinates": [[[-0.09752425275213591, 51.52287372134281], [-0.09766830695407952, 51.522876057744995], [-0.09766456180441055, 51.52296592243421], [-0.09766081663532966, 51.52305578712185], [-0.09780487142316537, 51.52305812336217], [-0.09780112651789846, 51.52314798805572], [-0.09779738159322164, 51.523237852747656], [-0.09750927090407943, 51.5232331800603], [-0.09751301639521416, 51.52314331538332], [-0.09736896136297676, 51.5231409787819], [-0.09737270711792552, 51.5230511141108], [-0.09722865238833084, 51.52304877734006], [-0.09723239840708962, 51.52295891267483], [-0.09752050731924257, 51.52296358602456], [-0.09752425275213591, 51.52287372134281]]]}, "properties": {"NoiseClass": "55.0-59.9"}}, {"type": "Feature", "geometry": {"type": "Polygon", "coordinates": [[[-0.0881457158481083, 51.52308093273132], [-0.08800166179771106, 51.52307858463025], [-0.08800542598164367, 51.52298872044788], [-0.08814947974882091, 51.522991068541465], [-0.0881457158481083, 51.52308093273132]]]}, "properties": {"NoiseClass": "55.0-59.9"}}, {"type": "Feature", "geometry": {"type": "Polygon", "coordinates": [[[-0.09995821423598839, 51.52327287536018], [-0.09996195491221822, 51.52318301055617], [-0.10010601029368642, 51.523185343975086], [-0.10025006569454152, 51.523187677217216], [-0.10025380578492378, 51.523097812396664], [-0.10039786092190053, 51.52310014545455], [-0.1005419160782975, 51.52310247833557], [-0.10053817655437468, 51.52319234317103], [-0.10039412111474814, 51.52319001028253], [-0.10038664144229022, 51.52336973993377], [-0.10024258545561977, 51.52336740685352], [-0.1002463255847743, 51.52327754203616], [-0.10010226990068732, 51.52327520878657], [-0.10009852948830048, 51.523365073596466], [-0.09995447354036882, 51.52336274016263], [-0.09995821423598839, 51.52327287536018]]]}, "properties": {"NoiseClass": "55.0-59.9"}}, {"type": "Feature", "geometry": {"type": "Polygon", "coordinates": [[[-0.08756949976362027, 51.5230715392662], [-0.08800166179771106, 51.52307858463025], [-0.08799789759426715, 51.52316844881101], [-0.08770978898559605, 51.52316375206343], [-0.08756573471051278, 51.523161403424425], [-0.08756949976362027, 51.5230715392662]]]}, "properties": {"NoiseClass": "55.0-59.9"}}, {"type": "Feature", "geometry": {"type": "Polygon", "coordinates": [[[-0.09951856424824539, 51.52344560357866], [-0.09966262042123704, 51.5234479375504], [-0.0996588791203695, 51.52353780233474], [-0.09951482266414197, 51.523535468355526], [-0.09951856424824539, 51.52344560357866]]]}, "properties": {"NoiseClass": "55.0-59.9"}}, {"type": "Feature", "geometry": {"type": "Polygon", "coordinates": [[[-0.08640576651631522, 51.523322336139046], [-0.08626171185048204, 51.52331998589381], [-0.08626547949162837, 51.5232301218064], [-0.08640953387423918, 51.523232472044135], [-0.08640576651631522, 51.523322336139046]]]}, "properties": {"NoiseClass": "55.0-59.9"}}, {"type": "Feature", "geometry": {"type": "Polygon", "coordinates": [[[-0.09735397814902781, 51.52350043745052], [-0.09735023229700067, 51.523590302113725], [-0.09720617586802242, 51.523587965298134], [-0.0970621194584923, 51.523585628305725], [-0.09706586587698804, 51.52349576365746], [-0.09735397814902781, 51.52350043745052]]]}, "properties": {"NoiseClass": "55.0-59.9"}}, {"type": "Feature", "geometry": {"type": "Polygon", "coordinates": [[[-0.0966262030587428, 51.52366848089191], [-0.09648214644363097, 51.52366614318479], [-0.09648589401448704, 51.52357627856803], [-0.09662995034636333, 51.52357861626767], [-0.0966262030587428, 51.52366848089191]]]}, "properties": {"NoiseClass": "55.0-59.9"}}, {"type": "Feature", "geometry": {"type": "Polygon", "coordinates": [[[-0.09965513780010793, 51.5236276671175], [-0.09979919455896226, 51.523630000927376], [-0.0997917124267398, 51.52380973050309], [-0.09964765510140777, 51.52380739667827], [-0.09965139646045428, 51.52371753189868], [-0.09950733943775297, 51.52371519790454], [-0.09951108106064448, 51.52362533313082], [-0.09965513780010793, 51.5236276671175]]]}, "properties": {"NoiseClass": "55.0-59.9"}}, {"type": "Feature", "geometry": {"type": "Polygon", "coordinates": [[[-0.09935954050892147, 51.52380272849824], [-0.09964765510140777, 51.52380739667827], [-0.0996439137229684, 51.523897261456305], [-0.09935579856400036, 51.523892593261316], [-0.09935954050892147, 51.52380272849824]]]}, "properties": {"NoiseClass": "55.0-59.9"}}, {"type": "Feature", "geometry": {"type": "Polygon", "coordinates": [[[-0.09835114004637331, 51.52378638429861], [-0.09849519719708284, 51.523788719714716], [-0.09849145355272093, 51.523878584432964], [-0.09834739611877116, 51.52387624900942], [-0.09835114004637331, 51.52378638429861]]]}, "properties": {"NoiseClass": "55.0-59.9"}}, {"type": "Feature", "geometry": {"type": "Polygon", "coordinates": [[[-0.08640576651631522, 51.523322336139046], [-0.08654982120167524, 51.523324686207495], [-0.08656112236720268, 51.52305509389541], [-0.08670517622242432, 51.5230574437645], [-0.08670894295533023, 51.52296757964978], [-0.0868529965468273, 51.52296992933456], [-0.0868492300971402, 51.523059793456774], [-0.08684546362793064, 51.523149657577434], [-0.08683039755586228, 51.52350911404421], [-0.086826630989037, 51.52359897815694], [-0.08682286440268851, 51.523688842268086], [-0.08667880854540082, 51.52368649252318], [-0.08668634226503051, 51.52350676431434], [-0.08654228699369451, 51.52350441440765], [-0.08654605410744767, 51.52341455030835], [-0.08640199913886329, 51.5234122002324], [-0.08640576651631522, 51.523322336139046]]]}, "properties": {"NoiseClass": "55.0-59.9"}}, {"type": "Feature", "geometry": {"type": "Polygon", "coordinates": [[[-0.09575436562719547, 51.52383418115107], [-0.09589842271160447, 51.52383651975718], [-0.09590217145426133, 51.52374665517351], [-0.0963343419744288, 51.523753669908565], [-0.09633059408148477, 51.52384353451466], [-0.09618653693878428, 51.52384119643898], [-0.09604247981548025, 51.523838858186494], [-0.096038731336631, 51.523928722776056], [-0.09589467394951615, 51.52392638433928], [-0.0957506165818685, 51.52392404572568], [-0.09575436562719547, 51.52383418115107]]]}, "properties": {"NoiseClass": "55.0-59.9"}}, {"type": "Feature", "geometry": {"type": "Polygon", "coordinates": [[[-0.09575436562719547, 51.52383418115107], [-0.09561030856218335, 51.523831842368146], [-0.09560655923361688, 51.52392170693527], [-0.09531844459542266, 51.52391702882404], [-0.09532219449046532, 51.52382716427188], [-0.09517813748379597, 51.52382482495854], [-0.09518188764263834, 51.523734960412284], [-0.09575811465308988, 51.523744316574884], [-0.09575436562719547, 51.52383418115107]]]}, "properties": {"NoiseClass": "55.0-59.9"}}, {"type": "Feature", "geometry": {"type": "Polygon", "coordinates": [[[-0.09762710924001837, 51.523864569239485], [-0.09763085458381708, 51.52377470456607], [-0.09777491163751294, 51.52377704086619], [-0.0979189687106215, 51.523779376989516], [-0.09791522393330133, 51.523869241677886], [-0.09777116657695366, 51.52386690554709], [-0.09776367639759813, 51.52404663490412], [-0.0976196184941803, 51.524044298581565], [-0.09762710924001837, 51.523864569239485]]]}, "properties": {"NoiseClass": "55.0-59.9"}}, {"type": "Feature", "geometry": {"type": "Polygon", "coordinates": [[[-0.08825966027577284, 51.52380219417769], [-0.08827847894848913, 51.523352873238245], [-0.08813442402891182, 51.523350525291434], [-0.0881457158481083, 51.52308093273132], [-0.08828976991801686, 51.5230832806556], [-0.08829353353550942, 51.52299341645821], [-0.08843758734167115, 51.5229957641982], [-0.08843382400739898, 51.52308562840307], [-0.08872193224474843, 51.52309032336761], [-0.0887181694574121, 51.52318018758596], [-0.08886222388856645, 51.52318253481053], [-0.08886598639267998, 51.52309267058468], [-0.08901004056007877, 51.52309501762496], [-0.08899875383890157, 51.52336461032028], [-0.08914280887550785, 51.523366957206264], [-0.08912399869966912, 51.52381627837104], [-0.08897994224691512, 51.52381393144749], [-0.08897617987001341, 51.52390379566817], [-0.08839995312113244, 51.5238944061759], [-0.08840371663096865, 51.52380454198527], [-0.08825966027577284, 51.52380219417769]]]}, "properties": {"NoiseClass": "55.0-59.9"}}, {"type": "Feature", "geometry": {"type": "Polygon", "coordinates": [[[-0.08825966027577284, 51.52380219417769], [-0.08825589648270352, 51.52389205836082], [-0.08811183986374857, 51.52388971036892], [-0.08811560394005138, 51.52379984619333], [-0.08825966027577284, 51.52380219417769]]]}, "properties": {"NoiseClass": "55.0-59.9"}}, {"type": "Feature", "geometry": {"type": "Polygon", "coordinates": [[[-0.086819097796816, 51.523778706377655], [-0.0869631539568887, 51.523781055953286], [-0.08695938761472526, 51.523870920068774], [-0.08681533117142065, 51.52386857048565], [-0.086819097796816, 51.523778706377655]]]}, "properties": {"NoiseClass": "55.0-59.9"}}, {"type": "Feature", "geometry": {"type": "Polygon", "coordinates": [[[-0.09531469468094306, 51.52400689337459], [-0.09531094474702566, 51.5240967579236], [-0.0951668868906371, 51.5240944185878], [-0.09517063710779557, 51.52400455404628], [-0.09531469468094306, 51.52400689337459]]]}, "properties": {"NoiseClass": "55.0-59.9"}}, {"type": "Feature", "geometry": {"type": "Polygon", "coordinates": [[[-0.09948863103237686, 51.52416452174938], [-0.09949237275224186, 51.524074656983565], [-0.09963643090790981, 51.52407699100758], [-0.09962894801527662, 51.52425672055257], [-0.099484889293117, 51.52425438651362], [-0.09948863103237686, 51.52416452174938]]]}, "properties": {"NoiseClass": "55.0-59.9"}}, {"type": "Feature", "geometry": {"type": "Polygon", "coordinates": [[[-0.09862428080632117, 51.52415051384743], [-0.09876833912883995, 51.52415284893977], [-0.09876459597334894, 51.52424271366666], [-0.09862053736758437, 51.52424037856684], [-0.09862428080632117, 51.52415051384743]]]}, "properties": {"NoiseClass": "55.0-59.9"}}, {"type": "Feature", "geometry": {"type": "Polygon", "coordinates": [[[-0.09703964053971158, 51.52412481616203], [-0.09718369864867733, 51.524127153199295], [-0.09732775677709204, 51.524129490059764], [-0.09732401078914829, 51.5242193547119], [-0.09703589398527938, 51.52421468079922], [-0.09703964053971158, 51.52412481616203]]]}, "properties": {"NoiseClass": "55.0-59.9"}}, {"type": "Feature", "geometry": {"type": "Polygon", "coordinates": [[[-0.08695938761472526, 51.523870920068774], [-0.08710344407752134, 51.52387326947513], [-0.08709967799906862, 51.523963133596574], [-0.08709591190109463, 51.524052997716424], [-0.08695185487182952, 51.52405064829506], [-0.08695938761472526, 51.523870920068774]]]}, "properties": {"NoiseClass": "55.0-59.9"}}, {"type": "Feature", "geometry": {"type": "Polygon", "coordinates": [[[-0.09660371892511632, 51.52420766860409], [-0.09660746632928127, 51.52411780398935], [-0.09675152437998137, 51.52412014155704], [-0.09674028295894965, 51.52438973541899], [-0.09659622405851327, 51.52438739782885], [-0.09660371892511632, 51.52420766860409]]]}, "properties": {"NoiseClass": "55.0-59.9"}}, {"type": "Feature", "geometry": {"type": "Polygon", "coordinates": [[[-0.10143379085287198, 51.51205608635369], [-0.10143752712514674, 51.511966221299936], [-0.10158154724985495, 51.511968552548694], [-0.10158528321972117, 51.511878687485876], [-0.10172930308070949, 51.51188101855042], [-0.10173303874816829, 51.51179115347858], [-0.10187705834550206, 51.51179348435894], [-0.10186958755731765, 51.511973214515976], [-0.10172556739389042, 51.5119708836207], [-0.10172183168771302, 51.51206074868937], [-0.10186585213418893, 51.51206307959211], [-0.10185838122985623, 51.512242809739654], [-0.10171436021727859, 51.51224047882201], [-0.10157033922409185, 51.51223814772763], [-0.10142631825023281, 51.51223581645651], [-0.10143379085287198, 51.51205608635369]]]}, "properties": {"NoiseClass": "60.0-64.9"}}, {"type": "Feature", "geometry": {"type": "Polygon", "coordinates": [[[-0.10315083828020218, 51.512353645183815], [-0.1031545712139191, 51.512263780045345], [-0.10358663489020548, 51.51227076696597], [-0.10359036695541718, 51.512180901803525], [-0.10373438793648625, 51.51218323041614], [-0.1037269243528309, 51.512362960754324], [-0.10372319253199383, 51.51245282592104], [-0.1035791707017592, 51.512450497286075], [-0.10343514889086501, 51.512448168474364], [-0.103438881277815, 51.51235830332256], [-0.10315083828020218, 51.512353645183815]]]}, "properties": {"NoiseClass": "60.0-64.9"}}, {"type": "Feature", "geometry": {"type": "Polygon", "coordinates": [[[-0.1030068168103967, 51.51235131584935], [-0.10315083828020218, 51.512353645183815], [-0.10314710532713972, 51.51244351032074], [-0.10300308357427838, 51.51244118097882], [-0.1030068168103967, 51.51235131584935]]]}, "properties": {"NoiseClass": "60.0-64.9"}}, {"type": "Feature", "geometry": {"type": "Polygon", "coordinates": [[[-0.10458732391941616, 51.51246679401933], [-0.10460224429341156, 51.512107333164224], [-0.10460970436442656, 51.511927602727184], [-0.10475372463165267, 51.51192993008029], [-0.10474253534528824, 51.512199525755804], [-0.10473507572440202, 51.512379256198244], [-0.10473134588496419, 51.51246912141711], [-0.10487536786987416, 51.51247144863816], [-0.10487163829416686, 51.51256131386289], [-0.10458359377759038, 51.51255665922914], [-0.10458732391941616, 51.51246679401933]]]}, "properties": {"NoiseClass": "60.0-64.9"}}, {"type": "Feature", "geometry": {"type": "Polygon", "coordinates": [[[-0.10372319253199383, 51.51245282592104], [-0.10386721438153584, 51.51245515437925], [-0.10386348282441733, 51.512545019551844], [-0.10371946069181748, 51.512542691086175], [-0.10372319253199383, 51.51245282592104]]]}, "properties": {"NoiseClass": "60.0-64.9"}}, {"type": "Feature", "geometry": {"type": "Polygon", "coordinates": [[[-0.10285906184079446, 51.51243885146016], [-0.10285532830227188, 51.512528716580576], [-0.10256728432717546, 51.512524056998146], [-0.10257101843181284, 51.51243419189262], [-0.10285906184079446, 51.51243885146016]]]}, "properties": {"NoiseClass": "60.0-64.9"}}, {"type": "Feature", "geometry": {"type": "Polygon", "coordinates": [[[-0.10227924042951465, 51.51251939670876], [-0.10256728432717546, 51.512524056998146], [-0.10256355020318729, 51.51261392210209], [-0.10241952796160539, 51.51261159203829], [-0.10227550573941001, 51.51260926179776], [-0.10227924042951465, 51.51251939670876]]]}, "properties": {"NoiseClass": "60.0-64.9"}}, {"type": "Feature", "geometry": {"type": "Polygon", "coordinates": [[[-0.10199119660927201, 51.5125147357124], [-0.10213521850970045, 51.51251706629895], [-0.1021314835365376, 51.51260693138052], [-0.10198746135305094, 51.5126046007865], [-0.10199119660927201, 51.5125147357124]]]}, "properties": {"NoiseClass": "60.0-64.9"}}, {"type": "Feature", "geometry": {"type": "Polygon", "coordinates": [[[-0.0854288075418831, 51.51224553942758], [-0.08544387857466906, 51.5118860825603], [-0.08558789710728744, 51.51188843344132], [-0.08558412966141547, 51.51197829766805], [-0.08557282720665695, 51.5122478903387], [-0.08556905968268963, 51.51233775455907], [-0.08542503973487264, 51.51233540364043], [-0.0854288075418831, 51.51224553942758]]]}, "properties": {"NoiseClass": "60.0-64.9"}}, {"type": "Feature", "geometry": {"type": "Polygon", "coordinates": [[[-0.10457986361643493, 51.512646524437386], [-0.10472388614810262, 51.512648851850074], [-0.10472015625067693, 51.51273871706418], [-0.10457613343594703, 51.51273638964407], [-0.10457986361643493, 51.512646524437386]]]}, "properties": {"NoiseClass": "60.0-64.9"}}, {"type": "Feature", "geometry": {"type": "Polygon", "coordinates": [[[-0.10442838015763521, 51.512823927244824], [-0.10457240323612822, 51.51282625484916], [-0.10456867301697893, 51.512916120052644], [-0.10442464965542056, 51.51291379244088], [-0.10442838015763521, 51.512823927244824]]]}, "properties": {"NoiseClass": "60.0-64.9"}}, {"type": "Feature", "geometry": {"type": "Polygon", "coordinates": [[[-0.08498544263775344, 51.51250807819998], [-0.0849816739230251, 51.51259794238551], [-0.08483765320421863, 51.51259559073736], [-0.08484142220199363, 51.51250572655936], [-0.08498544263775344, 51.51250807819998]]]}, "properties": {"NoiseClass": "60.0-64.9"}}, {"type": "Feature", "geometry": {"type": "Polygon", "coordinates": [[[-0.1038485564025614, 51.51290448022639], [-0.10399257968677914, 51.512906808545125], [-0.1039888483160335, 51.512996673717275], [-0.10384482474875076, 51.51299434539109], [-0.1038485564025614, 51.51290448022639]]]}, "properties": {"NoiseClass": "60.0-64.9"}}, {"type": "Feature", "geometry": {"type": "Polygon", "coordinates": [[[-0.10369333726906414, 51.5131717471979], [-0.1037008012008375, 51.51299201688818], [-0.10384482474875076, 51.51299434539109], [-0.10383736138311257, 51.51317407571573], [-0.10383362967128423, 51.51326394087568], [-0.10368960527416604, 51.513261612350405], [-0.10369333726906414, 51.5131717471979]]]}, "properties": {"NoiseClass": "60.0-64.9"}}, {"type": "Feature", "geometry": {"type": "Polygon", "coordinates": [[[-0.08483011515007062, 51.51277531908868], [-0.08497413643497491, 51.51277767075186], [-0.08497036766165461, 51.51286753493266], [-0.0848263460936992, 51.51286518326194], [-0.08482257701779423, 51.51295504743362], [-0.08467855518628793, 51.51295269557867], [-0.08468609388466729, 51.51277296724875], [-0.08483011515007062, 51.51277531908868]]]}, "properties": {"NoiseClass": "60.0-64.9"}}, {"type": "Feature", "geometry": {"type": "Polygon", "coordinates": [[[-0.10455002163125506, 51.51336544604653], [-0.10455375194706387, 51.513275580850895], [-0.1045649427784972, 51.51300598525458], [-0.10470896644242167, 51.51300831269705], [-0.10470523646767602, 51.51309817790486], [-0.10484926043403016, 51.51310050517803], [-0.1048418009926901, 51.51328023560379], [-0.10469777646019561, 51.51327790831572], [-0.10469404642745932, 51.51336777351879], [-0.1048380712430255, 51.513370100814285], [-0.10483434147403285, 51.5134599660232], [-0.10469031637539294, 51.51345763872024], [-0.10454629129611491, 51.51345531124054], [-0.10455002163125506, 51.51336544604653]]]}, "properties": {"NoiseClass": "60.0-64.9"}}, {"type": "Feature", "geometry": {"type": "Polygon", "coordinates": [[[-0.10483061168571009, 51.513549831230556], [-0.10497463708675664, 51.51355215836421], [-0.10497090756218187, 51.513642023577425], [-0.10482688187805847, 51.51363969643634], [-0.10483061168571009, 51.513549831230556]]]}, "properties": {"NoiseClass": "60.0-64.9"}}, {"type": "Feature", "geometry": {"type": "Polygon", "coordinates": [[[-0.10367467710116669, 51.51362107294463], [-0.10367840917342803, 51.51353120779844], [-0.10382243441976463, 51.51353353634605], [-0.103818702630579, 51.51362340149969], [-0.10381497082205333, 51.51371326665174], [-0.10367094500956374, 51.51371093808921], [-0.10367467710116669, 51.51362107294463]]]}, "properties": {"NoiseClass": "60.0-64.9"}}, {"type": "Feature", "geometry": {"type": "Polygon", "coordinates": [[[-0.10481569233912504, 51.513909292044154], [-0.10481942220476612, 51.51381942684311], [-0.10496344845504733, 51.5138217539991], [-0.10495971887248792, 51.51391161920758], [-0.1049559892706, 51.51400148441447], [-0.10481196245415461, 51.513999157243575], [-0.10481569233912504, 51.513909292044154]]]}, "properties": {"NoiseClass": "60.0-64.9"}}, {"type": "Feature", "geometry": {"type": "Polygon", "coordinates": [[[-0.10366721289861995, 51.51380080323224], [-0.10381123899418769, 51.51380313180222], [-0.10380750714698234, 51.513892996951114], [-0.10380004339455087, 51.51407272724416], [-0.10394407035873547, 51.51407505565973], [-0.10393660709511168, 51.514254785961384], [-0.1037925795647562, 51.514252457530894], [-0.10364855205377253, 51.514250128923685], [-0.10365601644973735, 51.514070398651825], [-0.10351198952423481, 51.514068069882754], [-0.10352318682236127, 51.51379847448552], [-0.10366721289861995, 51.51380080323224]]]}, "properties": {"NoiseClass": "60.0-64.9"}}, {"type": "Feature", "geometry": {"type": "Polygon", "coordinates": [[[-0.10493361125336421, 51.51454067562268], [-0.10493734097122626, 51.514450810425274], [-0.1049522596493828, 51.51409134961979], [-0.105240313906391, 51.51409600344621], [-0.1052253974929384, 51.51445546431125], [-0.10508136922240213, 51.514453137456634], [-0.10507391033353398, 51.51463286786479], [-0.10492988151617286, 51.514630540818544], [-0.10493361125336421, 51.51454067562268]]]}, "properties": {"NoiseClass": "60.0-64.9"}}, {"type": "Feature", "geometry": {"type": "Polygon", "coordinates": [[[-0.10392168033579377, 51.514614246545676], [-0.10406570901785057, 51.5146165748292], [-0.10406197756276515, 51.514706439978774], [-0.10420600654721905, 51.514708768093], [-0.10420227535589, 51.514798633248446], [-0.1040582460883409, 51.51479630512679], [-0.10391421684009605, 51.514793976828365], [-0.10392168033579377, 51.514614246545676]]]}, "properties": {"NoiseClass": "60.0-64.9"}}, {"type": "Feature", "geometry": {"type": "Polygon", "coordinates": [[[-0.10492242198380067, 51.51481027120548], [-0.10492615175965139, 51.51472040601279], [-0.10507018086010733, 51.5147227330665], [-0.10521420997992278, 51.51472505994344], [-0.10521048077026322, 51.51481492515102], [-0.10520675154127916, 51.51490479035699], [-0.10506272185527019, 51.514902463465155], [-0.10506645136735179, 51.51481259826663], [-0.10492242198380067, 51.51481027120548]]]}, "properties": {"NoiseClass": "60.0-64.9"}}, {"type": "Feature", "geometry": {"type": "Polygon", "coordinates": [[[-0.09756946059992025, 51.51487108633243], [-0.09771348956199706, 51.514873422422895], [-0.09771723353128396, 51.51478355760636], [-0.09786126222967241, 51.51478589351259], [-0.09785751854347789, 51.51487575833661], [-0.09785377483788175, 51.514965623159036], [-0.09770974557330728, 51.51496328723784], [-0.09756571632813689, 51.5149609511399], [-0.09756946059992025, 51.51487108633243]]]}, "properties": {"NoiseClass": "60.0-64.9"}}, {"type": "Feature", "geometry": {"type": "Polygon", "coordinates": [[[-0.10491123254026961, 51.51507986677403], [-0.10505526277311823, 51.51508219385751], [-0.1051992930253268, 51.51508452076424], [-0.10519556373836002, 51.5151743859655], [-0.10505153320304914, 51.51517205905133], [-0.10490750268709897, 51.5151697319604], [-0.10491123254026961, 51.51507986677403]]]}, "properties": {"NoiseClass": "60.0-64.9"}}, {"type": "Feature", "geometry": {"type": "Polygon", "coordinates": [[[-0.10404705154903834, 51.51506590056129], [-0.1040507830814775, 51.514976035418044], [-0.10419481291522174, 51.5149783635546], [-0.10418735039720335, 51.51515809385443], [-0.10404331999725956, 51.51515576570298], [-0.10404705154903834, 51.51506590056129]]]}, "properties": {"NoiseClass": "60.0-64.9"}}, {"type": "Feature", "geometry": {"type": "Polygon", "coordinates": [[[-0.09684557039344721, 51.51494926799891], [-0.09685306174853446, 51.51476953845711], [-0.09699709033048287, 51.51477187542387], [-0.09700083569581756, 51.51468201064314], [-0.09728889235172924, 51.51468668403143], [-0.09743292070881318, 51.51468902046045], [-0.09742917619274898, 51.51477888526362], [-0.09757320485229917, 51.51478122152336], [-0.09756946059992025, 51.51487108633243], [-0.09713737383015363, 51.51486407700052], [-0.09712988356861728, 51.51504380656905], [-0.09698585411801267, 51.51504146975661], [-0.09698959954158003, 51.5149516049806], [-0.09684557039344721, 51.51494926799891]]]}, "properties": {"NoiseClass": "60.0-64.9"}}, {"type": "Feature", "geometry": {"type": "Polygon", "coordinates": [[[-0.09900226819250127, 51.515074169046066], [-0.09914629791473716, 51.51507650338396], [-0.09914255671821241, 51.51516636827046], [-0.09899852671287895, 51.51516403392512], [-0.09900226819250127, 51.515074169046066]]]}, "properties": {"NoiseClass": "60.0-64.9"}}, {"type": "Feature", "geometry": {"type": "Polygon", "coordinates": [[[-0.10504780361365115, 51.51526192424357], [-0.10519183443206559, 51.51526425116518], [-0.10518810510644264, 51.515354116363284], [-0.10504407400492348, 51.515351789434234], [-0.10490004292276543, 51.515349462328416], [-0.10490377281459785, 51.51525959714519], [-0.10504780361365115, 51.51526192424357]]]}, "properties": {"NoiseClass": "60.0-64.9"}}, {"type": "Feature", "geometry": {"type": "Polygon", "coordinates": [[[-0.1041836191091873, 51.515247959002], [-0.10432764981160765, 51.51525028698414], [-0.1043239187873579, 51.51534015213757], [-0.10417988780183401, 51.51533782414798], [-0.10403585683568277, 51.5153354959816], [-0.10403958842614121, 51.515245630843076], [-0.1041836191091873, 51.515247959002]]]}, "properties": {"NoiseClass": "60.0-64.9"}}, {"type": "Feature", "geometry": {"type": "Polygon", "coordinates": [[[-0.09942687613729863, 51.51526090133078], [-0.10014702806408529, 51.515272568675975], [-0.10014328881049245, 51.515362433611564], [-0.09942313546819838, 51.51535076622904], [-0.09942687613729863, 51.51526090133078]]]}, "properties": {"NoiseClass": "60.0-64.9"}}, {"type": "Feature", "geometry": {"type": "Polygon", "coordinates": [[[-0.105184375761494, 51.51544398155979], [-0.10547243858869665, 51.515448634902526], [-0.10561647003130042, 51.51545096130875], [-0.10561274151634661, 51.515540826526035], [-0.10546870979063451, 51.51553850011238], [-0.10518064639721604, 51.51553384675474], [-0.105184375761494, 51.51544398155979]]]}, "properties": {"NoiseClass": "60.0-64.9"}}, {"type": "Feature", "geometry": {"type": "Polygon", "coordinates": [[[-0.10014328881049245, 51.515362433611564], [-0.10028731953706642, 51.51536476655782], [-0.10028358054719698, 51.51545463149933], [-0.10013954953751984, 51.51545229854561], [-0.10014328881049245, 51.515362433611564]]]}, "properties": {"NoiseClass": "60.0-64.9"}}, {"type": "Feature", "geometry": {"type": "Polygon", "coordinates": [[[-0.10042761157628727, 51.51545696427627], [-0.10071567369255983, 51.515461629299885], [-0.1007119355326288, 51.51555149426218], [-0.10085596690294882, 51.515553826516324], [-0.10085222900675031, 51.51564369148451], [-0.10042013410462727, 51.51563669416944], [-0.10042761157628727, 51.51545696427627]]]}, "properties": {"NoiseClass": "60.0-64.9"}}, {"type": "Feature", "geometry": {"type": "Polygon", "coordinates": [[[-0.09669030323721678, 51.51521652511886], [-0.0968343332152232, 51.51521886229974], [-0.09681935003914897, 51.51557832134535], [-0.09667531892873908, 51.515575984134564], [-0.09669030323721678, 51.51521652511886]]]}, "properties": {"NoiseClass": "60.0-64.9"}}, {"type": "Feature", "geometry": {"type": "Polygon", "coordinates": [[[-0.1041761564751431, 51.51542768929235], [-0.10432018774377255, 51.51543001728942], [-0.1043089944969949, 51.51569961273544], [-0.10430526337606219, 51.51578947788097], [-0.10416123097499518, 51.51578714985412], [-0.1041761564751431, 51.51542768929235]]]}, "properties": {"NoiseClass": "60.0-64.9"}}, {"type": "Feature", "geometry": {"type": "Polygon", "coordinates": [[[-0.10156865106434049, 51.51574521514505], [-0.1014246190309916, 51.515742883759785], [-0.1014283558141283, 51.51565301876333], [-0.10157238756436807, 51.515655350141145], [-0.10156865106434049, 51.51574521514505]]]}, "properties": {"NoiseClass": "60.0-64.9"}}, {"type": "Feature", "geometry": {"type": "Polygon", "coordinates": [[[-0.10099626067954812, 51.51564602356935], [-0.1011402923716843, 51.515648355477445], [-0.10113655502233061, 51.51573822045898], [-0.10099252304708528, 51.515735888543425], [-0.10099626067954812, 51.51564602356935]]]}, "properties": {"NoiseClass": "60.0-64.9"}}, {"type": "Feature", "geometry": {"type": "Polygon", "coordinates": [[[-0.10012085288196639, 51.51590162319204], [-0.10026488530718267, 51.51590395618307], [-0.10026114620104419, 51.5159938211151], [-0.1001171134927164, 51.51599148811662], [-0.10012085288196639, 51.51590162319204]]]}, "properties": {"NoiseClass": "60.0-64.9"}}, {"type": "Feature", "geometry": {"type": "Polygon", "coordinates": [[[-0.10529857397494198, 51.5161652298944], [-0.10544260766309686, 51.51616755653694], [-0.10543887871043145, 51.51625742173412], [-0.10529484473915673, 51.516255095084134], [-0.10529857397494198, 51.5161652298944]]]}, "properties": {"NoiseClass": "60.0-64.9"}}, {"type": "Feature", "geometry": {"type": "Polygon", "coordinates": [[[-0.1027059708941997, 51.516123320102345], [-0.10285000423423682, 51.51612564992662], [-0.10284627018543624, 51.5162155149897], [-0.10270223656228125, 51.51621318515801], [-0.1027059708941997, 51.516123320102345]]]}, "properties": {"NoiseClass": "60.0-64.9"}}, {"type": "Feature", "geometry": {"type": "Polygon", "coordinates": [[[-0.1018492432634899, 51.51592960741824], [-0.10185297923602304, 51.51583974240258], [-0.10185671518919427, 51.51574987738532], [-0.10200074728063518, 51.51575220824032], [-0.10199701161057423, 51.51584207326502], [-0.10214104400451673, 51.51584440395072], [-0.10214477939146663, 51.51575453891856], [-0.10228881152162612, 51.515756869420024], [-0.10228507641778696, 51.51584673445964], [-0.10271717377383453, 51.51585372492589], [-0.10271343949997673, 51.515943589986286], [-0.10256940674549339, 51.51594126000016], [-0.10256567216916701, 51.516031125051526], [-0.10270970520676496, 51.516033455045104], [-0.1027059708941997, 51.516123320102345], [-0.10256193757348585, 51.516120990101335], [-0.10255820295844999, 51.51621085514953], [-0.10241416937397466, 51.51620852496428], [-0.1024216391509246, 51.516028794881215], [-0.10213357317254015, 51.516024134010294], [-0.10213730859820858, 51.51593426898129], [-0.1018492432634899, 51.51592960741824]]]}, "properties": {"NoiseClass": "60.0-64.9"}}, {"type": "Feature", "geometry": {"type": "Polygon", "coordinates": [[[-0.10097757232352662, 51.516095348423896], [-0.10112160543121992, 51.51609768036929], [-0.10111786798501866, 51.5161875453429], [-0.10097383459420912, 51.516185213390045], [-0.10097757232352662, 51.516095348423896]]]}, "properties": {"NoiseClass": "60.0-64.9"}}, {"type": "Feature", "geometry": {"type": "Polygon", "coordinates": [[[-0.1051508107871799, 51.516252768257374], [-0.10529484473915673, 51.516255095084134], [-0.10529111548404418, 51.516344960272306], [-0.10514708124894591, 51.51634263343811], [-0.1051508107871799, 51.516252768257374]]]}, "properties": {"NoiseClass": "60.0-64.9"}}, {"type": "Feature", "geometry": {"type": "Polygon", "coordinates": [[[-0.10284253611728213, 51.51630538005124], [-0.10298657004293833, 51.516307709713644], [-0.10298283623855252, 51.516397574781074], [-0.1028388020297749, 51.51639524511122], [-0.10284253611728213, 51.51630538005124]]]}, "properties": {"NoiseClass": "60.0-64.9"}}, {"type": "Feature", "geometry": {"type": "Polygon", "coordinates": [[[-0.09881707803315107, 51.51606034803177], [-0.09896111085015372, 51.51606268262856], [-0.09896485252368772, 51.51597281776534], [-0.09910888507696855, 51.515975152177894], [-0.09911262644799977, 51.515885287305615], [-0.09997682047609728, 51.51589929002426], [-0.09997308080373499, 51.51598915494136], [-0.1001171134927164, 51.51599148811662], [-0.10011337408408666, 51.516081353039596], [-0.09996934111199139, 51.51607901985687], [-0.09996560140086724, 51.51616888477078], [-0.10010963465607714, 51.51617121796094], [-0.1001058952086867, 51.51626108288076], [-0.1002499287663601, 51.51626341590166], [-0.10024618958270652, 51.51635328082735], [-0.1001021557419157, 51.51635094779901], [-0.09995812192047124, 51.5163486145939], [-0.09996186167036052, 51.516258749683125], [-0.09952976117170902, 51.51625174902961], [-0.09953350175156371, 51.51616188413967], [-0.0991014022767362, 51.51615488191771], [-0.09895736915722962, 51.516152547490194], [-0.0989498857132016, 51.51633227720878], [-0.09880585204685295, 51.51632994258958], [-0.09881707803315107, 51.51606034803177]]]}, "properties": {"NoiseClass": "60.0-64.9"}}, {"type": "Feature", "geometry": {"type": "Polygon", "coordinates": [[[-0.10442317939030611, 51.51642086175763], [-0.10442691036348084, 51.51633099661571], [-0.10457094450188727, 51.516333324333715], [-0.10456348310244817, 51.516513054630856], [-0.1044194483977965, 51.51651072689794], [-0.10442317939030611, 51.51642086175763]]]}, "properties": {"NoiseClass": "60.0-64.9"}}, {"type": "Feature", "geometry": {"type": "Polygon", "coordinates": [[[-0.10139846100676912, 51.51637193869069], [-0.1014021979254739, 51.516282073705284], [-0.10154623165750644, 51.516284405135316], [-0.10154249502192148, 51.51637427012816], [-0.10153875836697104, 51.51646413511943], [-0.10139472406869846, 51.51646180367448], [-0.10139846100676912, 51.51637193869069]]]}, "properties": {"NoiseClass": "60.0-64.9"}}, {"type": "Feature", "geometry": {"type": "Polygon", "coordinates": [[[-0.09635728268757643, 51.5162902270186], [-0.09636102951536828, 51.51620036229463], [-0.09650506256870772, 51.516202699911304], [-0.0965125555998099, 51.51602297044371], [-0.09652379500083838, 51.51575337623044], [-0.09666782665801198, 51.51575571363294], [-0.09666408049352715, 51.51584557837975], [-0.09665658810631007, 51.516025307868645], [-0.09665284188357985, 51.51611517261072], [-0.09664160309889312, 51.51638476682744], [-0.09649756945993741, 51.516382429372584], [-0.09650131602403095, 51.51629256464274], [-0.09635728268757643, 51.5162902270186]]]}, "properties": {"NoiseClass": "60.0-64.9"}}, {"type": "Feature", "geometry": {"type": "Polygon", "coordinates": [[[-0.10312313692606541, 51.51648976934743], [-0.10312687046668008, 51.51639990427416], [-0.10355897326712767, 51.51640689169286], [-0.10355524057587999, 51.51649675678848], [-0.1036992751644899, 51.51649908558197], [-0.10369554273701966, 51.516588950683484], [-0.10340747301286599, 51.51658429290484], [-0.10341120600658428, 51.51649442781822], [-0.10312313692606541, 51.51648976934743]]]}, "properties": {"NoiseClass": "60.0-64.9"}}, {"type": "Feature", "geometry": {"type": "Polygon", "coordinates": [[[-0.09808194055630658, 51.51640813165421], [-0.09822597440878836, 51.51641046716468], [-0.09822223122269594, 51.51650033198268], [-0.09807819708709592, 51.51649799646471], [-0.09808194055630658, 51.51640813165421]]]}, "properties": {"NoiseClass": "60.0-64.9"}}, {"type": "Feature", "geometry": {"type": "Polygon", "coordinates": [[[-0.10527992760273919, 51.516614555827346], [-0.10528365691583602, 51.51652469064392], [-0.10542769173647898, 51.51652701731622], [-0.10542396270650795, 51.51661688250712], [-0.10556799782963382, 51.516619209010095], [-0.10556426906346368, 51.51670907420685], [-0.1054202336572112, 51.516706747696404], [-0.10527619827031505, 51.51670442100921], [-0.10527992760273919, 51.516614555827346]]]}, "properties": {"NoiseClass": "60.0-64.9"}}, {"type": "Feature", "geometry": {"type": "Polygon", "coordinates": [[[-0.10383957762812838, 51.516591279307654], [-0.10412764746834287, 51.51659593602572], [-0.10412391587090562, 51.516685801148], [-0.10383584546443994, 51.51668114441504], [-0.10383957762812838, 51.516591279307654]]]}, "properties": {"NoiseClass": "60.0-64.9"}}, {"type": "Feature", "geometry": {"type": "Polygon", "coordinates": [[[-0.10153502169265398, 51.51655400010912], [-0.10153875836697104, 51.51646413511943], [-0.10182682702167666, 51.516468797479014], [-0.10182309091360363, 51.51655866248365], [-0.10196712555309406, 51.516560993405754], [-0.10196338970878258, 51.51665085841624], [-0.10153128499897068, 51.51664386509722], [-0.10153502169265398, 51.51655400010912]]]}, "properties": {"NoiseClass": "60.0-64.9"}}, {"type": "Feature", "geometry": {"type": "Polygon", "coordinates": [[[-0.08439881325028968, 51.5161854521314], [-0.08425478126703466, 51.516183099652004], [-0.08411074930328978, 51.51618074699587], [-0.08411452021487058, 51.5160908829113], [-0.08425855189551072, 51.51609323555992], [-0.08440258359566095, 51.516095588031774], [-0.08483467881341304, 51.51610264438679], [-0.08483090931735637, 51.51619250850899], [-0.08497494137879583, 51.51619486028135], [-0.08497117214630914, 51.51628472440951], [-0.0851152045103917, 51.51628707601264], [-0.08511143554147896, 51.516376940146735], [-0.08482337026663364, 51.51637223674869], [-0.08482713980176301, 51.51628237262963], [-0.08468310747678418, 51.516280020672994], [-0.08468687727548471, 51.51619015655988], [-0.08439881325028968, 51.5161854521314]]]}, "properties": {"NoiseClass": "60.0-64.9"}}, {"type": "Feature", "geometry": {"type": "Polygon", "coordinates": [[[-0.10441571738594886, 51.51660059203672], [-0.10455975237372554, 51.516602919777064], [-0.10455602162566768, 51.516692784921695], [-0.1047000569159376, 51.51669511249273], [-0.10469632643167309, 51.5167849776432], [-0.10440825530424432, 51.51678032230948], [-0.10441571738594886, 51.51660059203672]]]}, "properties": {"NoiseClass": "60.0-64.9"}}, {"type": "Feature", "geometry": {"type": "Polygon", "coordinates": [[[-0.10225145961212452, 51.51665551974508], [-0.10239549459285187, 51.51665785014435], [-0.10239175957855591, 51.51674771517561], [-0.10224772431470239, 51.51674538476888], [-0.10225145961212452, 51.51665551974508]]]}, "properties": {"NoiseClass": "60.0-64.9"}}, {"type": "Feature", "geometry": {"type": "Polygon", "coordinates": [[[-0.0972102474937017, 51.51657384440904], [-0.09721399268103423, 51.51648397964496], [-0.09735802670020458, 51.51648631622349], [-0.09736177158500849, 51.51639645145035], [-0.09750580534043914, 51.516398787844636], [-0.09750954992271645, 51.51630892306247], [-0.09752827254300776, 51.51585959912779], [-0.09767230461919454, 51.515861935300464], [-0.09767604880192518, 51.515772070501356], [-0.09782008061440887, 51.515774406489804], [-0.09810814429755454, 51.51577907793642], [-0.09810440096414964, 51.515868942757976], [-0.09824843311794733, 51.51587127822364], [-0.0982409469591573, 51.516051007876996], [-0.09838497969857606, 51.51605334318083], [-0.0983774940284192, 51.51623307284278], [-0.0982334607227719, 51.516230737524005], [-0.09822971757547914, 51.51632060234513], [-0.09808568400611563, 51.51631826684212], [-0.09808194055630658, 51.51640813165421], [-0.09793790672322643, 51.51640579596696], [-0.09779387290957972, 51.51640346010296], [-0.09779761692562329, 51.51631359530583], [-0.09794165045615295, 51.51631593116235], [-0.09794539416967743, 51.516226066356154], [-0.09808942743652424, 51.51622840202847], [-0.09810065761134396, 51.515958807577974], [-0.09781259279576143, 51.51595413610146], [-0.09780510489949995, 51.51613386570678], [-0.0976610719545743, 51.51613152968844], [-0.0976573276942237, 51.51622139448127], [-0.09780136092226363, 51.51622373050709], [-0.09779761692562329, 51.51631359530583], [-0.09765358341446748, 51.51631125927252], [-0.09764983911530643, 51.51640112406218], [-0.09764609479673905, 51.51649098885027], [-0.09750206073875271, 51.51648865262527], [-0.09749831611766066, 51.516578517404284], [-0.0973542817959923, 51.516576180995045], [-0.09735053687237168, 51.516666045765014], [-0.09720650228696003, 51.516663709171524], [-0.0972102474937017, 51.51657384440904]]]}, "properties": {"NoiseClass": "60.0-64.9"}}, {"type": "Feature", "geometry": {"type": "Polygon", "coordinates": [[[-0.08597186454491747, 51.5164809102763], [-0.08582783149743785, 51.51647855971869], [-0.08583159907033137, 51.516388695548585], [-0.08597563183470072, 51.51639104609867], [-0.08597186454491747, 51.5164809102763]]]}, "properties": {"NoiseClass": "60.0-64.9"}}, {"type": "Feature", "geometry": {"type": "Polygon", "coordinates": [[[-0.08525546820816764, 51.51637929158061], [-0.08539950089442412, 51.51638164283775], [-0.08568756632549088, 51.516386344821726], [-0.08568379846948661, 51.51647620898432], [-0.08553976546109443, 51.51647385807319], [-0.08525169950283289, 51.51646915572063], [-0.08525546820816764, 51.51637929158061]]]}, "properties": {"NoiseClass": "60.0-64.9"}}, {"type": "Feature", "geometry": {"type": "Polygon", "coordinates": [[[-0.09648632965115139, 51.51665202355266], [-0.09663036413946423, 51.516654361029964], [-0.09662661778082206, 51.51674422576097], [-0.09648258300938739, 51.516741888276194], [-0.09633854825733888, 51.51673955061464], [-0.09634229518222429, 51.51664968589859], [-0.09648632965115139, 51.51665202355266]]]}, "properties": {"NoiseClass": "60.0-64.9"}}, {"type": "Feature", "geometry": {"type": "Polygon", "coordinates": [[[-0.0861158976119196, 51.516483260657175], [-0.08625993069841313, 51.51648561086126], [-0.08625616395532967, 51.516575475052356], [-0.08611213058572303, 51.51657312484075], [-0.0861158976119196, 51.516483260657175]]]}, "properties": {"NoiseClass": "60.0-64.9"}}, {"type": "Feature", "geometry": {"type": "Polygon", "coordinates": [[[-0.09879836795901895, 51.51650967228689], [-0.09894240219160566, 51.51651200692102], [-0.09893866040171875, 51.51660187177478], [-0.09893491859243939, 51.516691736626946], [-0.09907895341066145, 51.516694071099245], [-0.09907147030017333, 51.5168738008138], [-0.09878339955062124, 51.51686913166252], [-0.09879836795901895, 51.51650967228689]]]}, "properties": {"NoiseClass": "60.0-64.9"}}, {"type": "Feature", "geometry": {"type": "Polygon", "coordinates": [[[-0.08640019734448859, 51.516577825087225], [-0.08654423075313857, 51.51658017494532], [-0.08668826418133802, 51.51658252462667], [-0.08668449826807417, 51.516672388838735], [-0.0863964308649966, 51.51666768928427], [-0.08640019734448859, 51.516577825087225]]]}, "properties": {"NoiseClass": "60.0-64.9"}}, {"type": "Feature", "geometry": {"type": "Polygon", "coordinates": [[[-0.10339254084452243, 51.51694375323548], [-0.10368061283369717, 51.516948411073734], [-0.10367688030950616, 51.51703827616733], [-0.10353284402213035, 51.51703594732912], [-0.10338880775406872, 51.51703361831416], [-0.10339254084452243, 51.51694375323548]]]}, "properties": {"NoiseClass": "60.0-64.9"}}, {"type": "Feature", "geometry": {"type": "Polygon", "coordinates": [[[-0.09907147030017333, 51.5168738008138], [-0.0992155057040045, 51.516876135124306], [-0.09921176440280086, 51.51696599998665], [-0.09906772871584232, 51.5169636656687], [-0.09907147030017333, 51.5168738008138]]]}, "properties": {"NoiseClass": "60.0-64.9"}}, {"type": "Feature", "geometry": {"type": "Polygon", "coordinates": [[[-0.09821848801720467, 51.51659019679908], [-0.09836252245532537, 51.51659253214773], [-0.09834755057185689, 51.5169519914274], [-0.09820351500123896, 51.51694965604883], [-0.09821848801720467, 51.51659019679908]]]}, "properties": {"NoiseClass": "60.0-64.9"}}, {"type": "Feature", "geometry": {"type": "Polygon", "coordinates": [[[-0.08783676866099822, 51.5166911799862], [-0.08798080254791828, 51.51669352808422], [-0.08797703916318643, 51.51678339236232], [-0.08783300499314771, 51.5167810442568], [-0.08783676866099822, 51.5166911799862]]]}, "properties": {"NoiseClass": "60.0-64.9"}}, {"type": "Feature", "geometry": {"type": "Polygon", "coordinates": [[[-0.08740466711731477, 51.51668413463162], [-0.08754870094571197, 51.51668648325989], [-0.08754493671162893, 51.51677634751548], [-0.08740090260011542, 51.51677399887965], [-0.08740466711731477, 51.51668413463162]]]}, "properties": {"NoiseClass": "60.0-64.9"}}, {"type": "Feature", "geometry": {"type": "Polygon", "coordinates": [[[-0.08596432990677538, 51.51666063862685], [-0.08610836354000326, 51.516662989022755], [-0.08610459647476143, 51.51675285320315], [-0.08596056255841729, 51.51675050279974], [-0.08596432990677538, 51.51666063862685]]]}, "properties": {"NoiseClass": "60.0-64.9"}}, {"type": "Feature", "geometry": {"type": "Polygon", "coordinates": [[[-0.10252832534135528, 51.5169297754783], [-0.10253206011123846, 51.51683991044273], [-0.10253579486176534, 51.51675004540558], [-0.1026798301643307, 51.51675237545877], [-0.10267609569693124, 51.51684224050341], [-0.10282013130194971, 51.516844570387285], [-0.10281639709832406, 51.51693443543777], [-0.10310446893273685, 51.516939094690144], [-0.10309700159995286, 51.51711882481618], [-0.10280892863301384, 51.517114165533975], [-0.1028126628753461, 51.51702430048667], [-0.10266862670406846, 51.517021970587834], [-0.10267236121017663, 51.516932105546424], [-0.10252832534135528, 51.5169297754783]]]}, "properties": {"NoiseClass": "60.0-64.9"}}, {"type": "Feature", "geometry": {"type": "Polygon", "coordinates": [[[-0.09921176440280086, 51.51696599998665], [-0.09935580010918177, 51.516968334127846], [-0.09935205907171582, 51.51705819899611], [-0.09920802308220676, 51.517055864847435], [-0.09921176440280086, 51.51696599998665]]]}, "properties": {"NoiseClass": "60.0-64.9"}}, {"type": "Feature", "geometry": {"type": "Polygon", "coordinates": [[[-0.09719901181524357, 51.516843438691794], [-0.09720275706080755, 51.51675357393245], [-0.09734679192934102, 51.51675591053341], [-0.0973355569837965, 51.51702550482909], [-0.09719152126588522, 51.51702316820572], [-0.09719901181524357, 51.516843438691794]]]}, "properties": {"NoiseClass": "60.0-64.9"}}, {"type": "Feature", "geometry": {"type": "Polygon", "coordinates": [[[-0.08855317603832857, 51.51679278301681], [-0.08854941376656522, 51.51688264732341], [-0.08840537923540029, 51.51688029991742], [-0.08840914179028192, 51.51679043561833], [-0.08855317603832857, 51.51679278301681]]]}, "properties": {"NoiseClass": "60.0-64.9"}}, {"type": "Feature", "geometry": {"type": "Polygon", "coordinates": [[[-0.09819977169874636, 51.517039520857345], [-0.09834380755249171, 51.51704185624338], [-0.09848784342560642, 51.517044191452634], [-0.09848410066997217, 51.517134056274486], [-0.09834006451372765, 51.51713172105776], [-0.09819602837685214, 51.51712938566426], [-0.09819977169874636, 51.517039520857345]]]}, "properties": {"NoiseClass": "60.0-64.9"}}, {"type": "Feature", "geometry": {"type": "Polygon", "coordinates": [[[-0.09704748556738636, 51.51702083140556], [-0.09719152126588522, 51.51702316820572], [-0.09718777596209013, 51.51711303296031], [-0.0970437399804619, 51.517110696152685], [-0.09704748556738636, 51.51702083140556]]]}, "properties": {"NoiseClass": "60.0-64.9"}}, {"type": "Feature", "geometry": {"type": "Polygon", "coordinates": [[[-0.08754117245803533, 51.51686621176948], [-0.08768520687217518, 51.516868560236055], [-0.08782924130579145, 51.51687090852584], [-0.08782547759892861, 51.5169607727933], [-0.08753740818493318, 51.5169560760219], [-0.08754117245803533, 51.51686621176948]]]}, "properties": {"NoiseClass": "60.0-64.9"}}, {"type": "Feature", "geometry": {"type": "Polygon", "coordinates": [[[-0.08494855634116028, 51.51682390914518], [-0.08509259040391541, 51.516826260793444], [-0.0850888213178013, 51.51691612491804], [-0.08494478697192907, 51.51691377326226], [-0.08494855634116028, 51.51682390914518]]]}, "properties": {"NoiseClass": "60.0-64.9"}}, {"type": "Feature", "geometry": {"type": "Polygon", "coordinates": [[[-0.09617952449846878, 51.517096671594814], [-0.09618327178416, 51.51700680689255], [-0.096471342967588, 51.51701148243728], [-0.09661537858839726, 51.51701381994451], [-0.09661163215208901, 51.51710368466919], [-0.09632356036360139, 51.51709900946304], [-0.09631981334161806, 51.517188874171154], [-0.09617577719335645, 51.51718653629546], [-0.09617952449846878, 51.517096671594814]]]}, "properties": {"NoiseClass": "60.0-64.9"}}, {"type": "Feature", "geometry": {"type": "Polygon", "coordinates": [[[-0.0885456514753028, 51.51697251162841], [-0.08854941376656522, 51.51688264732341], [-0.08869344831719454, 51.51688499455262], [-0.08869721030583931, 51.51679513023852], [-0.08855317603832857, 51.51679278301681], [-0.08855693829059298, 51.51670291870866], [-0.08898904030232896, 51.516709959820986], [-0.08898527889941853, 51.51679982415167], [-0.08912931322545087, 51.51680217084309], [-0.08927334757094094, 51.51680451735775], [-0.0892658258391156, 51.51698424604446], [-0.08940986077037377, 51.51698659239737], [-0.08940610015834778, 51.517076456745826], [-0.08926206494396738, 51.51707411038539], [-0.08868592428141525, 51.51706472317604], [-0.0886896863090536, 51.51697485886515], [-0.0885456514753028, 51.51697251162841]]]}, "properties": {"NoiseClass": "60.0-64.9"}}, {"type": "Feature", "geometry": {"type": "Polygon", "coordinates": [[[-0.08825758186623345, 51.51696781662464], [-0.08840161666101763, 51.5169701642149], [-0.0883978540671352, 51.51706002851079], [-0.08825381898922958, 51.51705768091302], [-0.08825758186623345, 51.51696781662464]]]}, "properties": {"NoiseClass": "60.0-64.9"}}, {"type": "Feature", "geometry": {"type": "Polygon", "coordinates": [[[-0.08594926039619281, 51.517020095308915], [-0.08580522565001875, 51.51701774470617], [-0.08580899334007076, 51.51692788054556], [-0.08595302780312579, 51.51693023114079], [-0.08594926039619281, 51.517020095308915]]]}, "properties": {"NoiseClass": "60.0-64.9"}}, {"type": "Feature", "geometry": {"type": "Polygon", "coordinates": [[[-0.09833632145556517, 51.51722158587055], [-0.09848035789494067, 51.51722392109475], [-0.09847661510051073, 51.51731378591345], [-0.09833257837800265, 51.51731145068178], [-0.09833632145556517, 51.51722158587055]]]}, "properties": {"NoiseClass": "60.0-64.9"}}, {"type": "Feature", "geometry": {"type": "Polygon", "coordinates": [[[-0.09487945273325188, 51.51716548745962], [-0.0950234887066663, 51.517167826926226], [-0.09502723827680574, 51.51707796228545], [-0.09517127398652496, 51.517080301567795], [-0.09531530971564386, 51.517082640673365], [-0.095603381232203, 51.51708731835424], [-0.09559963279457596, 51.51717718302498], [-0.09574366886514321, 51.51717952160775], [-0.09573992069121848, 51.5172693862844], [-0.09473166662347075, 51.51725301244053], [-0.09473541677930272, 51.517163147816255], [-0.09487945273325188, 51.51716548745962]]]}, "properties": {"NoiseClass": "60.0-64.9"}}, {"type": "Feature", "geometry": {"type": "Polygon", "coordinates": [[[-0.09430330903401597, 51.51715612782555], [-0.09444734492965297, 51.51715846799923], [-0.094443594207563, 51.51724833260851], [-0.09429955802879783, 51.517245992427355], [-0.09430330903401597, 51.51715612782555]]]}, "properties": {"NoiseClass": "60.0-64.9"}}, {"type": "Feature", "geometry": {"type": "Polygon", "coordinates": [[[-0.08551715621628797, 51.51701304297041], [-0.0855209244725789, 51.51692317882485], [-0.08566495889654492, 51.51692552977358], [-0.08566119092337342, 51.51701539392667], [-0.08565742293067233, 51.51710525807819], [-0.08551338794046662, 51.5171029071144], [-0.08551715621628797, 51.51701304297041]]]}, "properties": {"NoiseClass": "60.0-64.9"}}, {"type": "Feature", "geometry": {"type": "Polygon", "coordinates": [[[-0.08508505221215316, 51.51700598904104], [-0.08522908686064308, 51.517008340527596], [-0.0852328556831721, 51.51691847639706], [-0.0853768900681107, 51.51692082769934], [-0.08537312152870072, 51.51701069183737], [-0.0853693529697587, 51.51710055597384], [-0.08508128308697147, 51.51709585316246], [-0.08508505221215316, 51.51700598904104]]]}, "properties": {"NoiseClass": "60.0-64.9"}}, {"type": "Feature", "geometry": {"type": "Polygon", "coordinates": [[[-0.09919679900408228, 51.517325459420306], [-0.09934083584298664, 51.517327793591384], [-0.09933709472796472, 51.517417658453304], [-0.09919305760592584, 51.517415324274786], [-0.09919679900408228, 51.517325459420306]]]}, "properties": {"NoiseClass": "60.0-64.9"}}, {"type": "Feature", "geometry": {"type": "Polygon", "coordinates": [[[-0.09285919731040719, 51.51722258089372], [-0.09314726929847625, 51.51722726461457], [-0.09314351600878007, 51.51731712915488], [-0.09285544345445305, 51.51731244541903], [-0.09285919731040719, 51.51722258089372]]]}, "properties": {"NoiseClass": "60.0-64.9"}}, {"type": "Feature", "geometry": {"type": "Polygon", "coordinates": [[[-0.09228305356770945, 51.517213211330834], [-0.09242708947420354, 51.517215553986695], [-0.09257112540015887, 51.5172178964658], [-0.09256737097794757, 51.517307760976124], [-0.09227929857924137, 51.51730307582616], [-0.09228305356770945, 51.517213211330834]]]}, "properties": {"NoiseClass": "60.0-64.9"}}, {"type": "Feature", "geometry": {"type": "Polygon", "coordinates": [[[-0.09199498181313878, 51.51720852548878], [-0.09213901768070881, 51.517210868498196], [-0.09213526240911211, 51.51730073298602], [-0.09199122625841434, 51.51729838996913], [-0.09199498181313878, 51.51720852548878]]]}, "properties": {"NoiseClass": "60.0-64.9"}}, {"type": "Feature", "geometry": {"type": "Polygon", "coordinates": [[[-0.09185094596503086, 51.51720618230262], [-0.0918471901271782, 51.51729604677546], [-0.09170315401544107, 51.51729370340503], [-0.0917069101364219, 51.517203838939686], [-0.09185094596503086, 51.51720618230262]]]}, "properties": {"NoiseClass": "60.0-64.9"}}, {"type": "Feature", "geometry": {"type": "Polygon", "coordinates": [[[-0.09113076701657397, 51.5171944637203], [-0.09112700976308352, 51.51728432815564], [-0.09069490177828349, 51.517277294862566], [-0.09069865988115534, 51.51718743044973], [-0.09113076701657397, 51.5171944637203]]]}, "properties": {"NoiseClass": "60.0-64.9"}}, {"type": "Feature", "geometry": {"type": "Polygon", "coordinates": [[[-0.09055462420829162, 51.51718508567268], [-0.09055086582229317, 51.517274950078026], [-0.09040682988581182, 51.51727260511669], [-0.09041058855493687, 51.517182740718845], [-0.09055462420829162, 51.51718508567268]]]}, "properties": {"NoiseClass": "60.0-64.9"}}, {"type": "Feature", "geometry": {"type": "Polygon", "coordinates": [[[-0.0902627939687806, 51.51727025997861], [-0.09011875807123042, 51.51726791466375], [-0.0901225173066087, 51.51717805028091], [-0.09026655292103224, 51.51718039558828], [-0.0902627939687806, 51.51727025997861]]]}, "properties": {"NoiseClass": "60.0-64.9"}}, {"type": "Feature", "geometry": {"type": "Polygon", "coordinates": [[[-0.08940233952683033, 51.517166321092716], [-0.08983444613624275, 51.51717335913594], [-0.08983068633461291, 51.51726322350376], [-0.08939857887582225, 51.51725618543803], [-0.08940233952683033, 51.517166321092716]]]}, "properties": {"NoiseClass": "60.0-64.9"}}, {"type": "Feature", "geometry": {"type": "Polygon", "coordinates": [[[-0.0860895280185526, 51.517112309908974], [-0.08609329516189058, 51.5170224457349], [-0.08623732994708057, 51.5170247959841], [-0.08623356308686327, 51.517114660165696], [-0.08622979620712387, 51.51720452434572], [-0.08608576085569021, 51.51720217408147], [-0.0860895280185526, 51.517112309908974]]]}, "properties": {"NoiseClass": "60.0-64.9"}}, {"type": "Feature", "geometry": {"type": "Polygon", "coordinates": [[[-0.09904902050330844, 51.51741298991948], [-0.09919305760592584, 51.517415324274786], [-0.09918931618837888, 51.51750518912765], [-0.09904527880262574, 51.51750285476487], [-0.09904902050330844, 51.51741298991948]]]}, "properties": {"NoiseClass": "60.0-64.9"}}, {"type": "Feature", "geometry": {"type": "Polygon", "coordinates": [[[-0.098188541674864, 51.517309115273335], [-0.09818479829476812, 51.517398980075505], [-0.09818105489527137, 51.51748884487608], [-0.0980370176452649, 51.51748650927592], [-0.09789298041466164, 51.51748417349899], [-0.09789672438042783, 51.517394308713364], [-0.09804076132789658, 51.51739664448281], [-0.09804450499112621, 51.51730677968813], [-0.098188541674864, 51.517309115273335]]]}, "properties": {"NoiseClass": "60.0-64.9"}}, {"type": "Feature", "geometry": {"type": "Polygon", "coordinates": [[[-0.0971840306388843, 51.51720289771331], [-0.09718777596209013, 51.51711303296031], [-0.09733181196312919, 51.51711536959117], [-0.09732806692305311, 51.51720523435166], [-0.09747210322660126, 51.51720757081323], [-0.09746835845024661, 51.5172974355796], [-0.09761239505636515, 51.517299771871876], [-0.09760865054373503, 51.51738963664417], [-0.09775268745239415, 51.51739197276715], [-0.09774894320349181, 51.51748183754532], [-0.09760490601169895, 51.51747950141485], [-0.09746086883931251, 51.51747716510762], [-0.09746461365448315, 51.51738730034442], [-0.09732057678466985, 51.51738496386788], [-0.09732432186356664, 51.51729509911055], [-0.09718028529626649, 51.517292762464734], [-0.0971840306388843, 51.51720289771331]]]}, "properties": {"NoiseClass": "60.0-64.9"}}, {"type": "Feature", "geometry": {"type": "Polygon", "coordinates": [[[-0.09674442949944205, 51.51737561619411], [-0.09703250310321553, 51.51738029038453], [-0.09702875743864127, 51.5174701551253], [-0.0967406832685999, 51.517465480919924], [-0.09674442949944205, 51.51737561619411]]]}, "properties": {"NoiseClass": "60.0-64.9"}}, {"type": "Feature", "geometry": {"type": "Polygon", "coordinates": [[[-0.09328755231513927, 51.51731947075764], [-0.0934315886409513, 51.517321812183646], [-0.093427835898065, 51.51741167673732], [-0.09328379928912194, 51.517409335303824], [-0.09328755231513927, 51.51731947075764]]]}, "properties": {"NoiseClass": "60.0-64.9"}}, {"type": "Feature", "geometry": {"type": "Polygon", "coordinates": [[[-0.09112700976308352, 51.51728432815564], [-0.0912710457969753, 51.51728667223313], [-0.09126728880714108, 51.517376536674384], [-0.09112325249012075, 51.51737419258939], [-0.09112700976308352, 51.51728432815564]]]}, "properties": {"NoiseClass": "60.0-64.9"}}, {"type": "Feature", "geometry": {"type": "Polygon", "coordinates": [[[-0.08767015079520005, 51.517228017266255], [-0.08810225755209565, 51.517235061695516], [-0.08809849433345947, 51.517324925971636], [-0.08795445844518598, 51.51732257799781], [-0.08766638672718687, 51.517317881519844], [-0.08767015079520005, 51.517228017266255]]]}, "properties": {"NoiseClass": "60.0-64.9"}}, {"type": "Feature", "geometry": {"type": "Polygon", "coordinates": [[[-0.08723804421387858, 51.51722097124611], [-0.08724180911175555, 51.51713110701347], [-0.08738584433620887, 51.517133455856104], [-0.08738207972145494, 51.51722332009627], [-0.08737831508719088, 51.51731318433482], [-0.08723427929648951, 51.51731083547716], [-0.08723804421387858, 51.51722097124611]]]}, "properties": {"NoiseClass": "60.0-64.9"}}, {"type": "Feature", "geometry": {"type": "Polygon", "coordinates": [[[-0.08637759817472894, 51.51711701024567], [-0.08638136475182442, 51.51702714605656], [-0.0865253995760597, 51.517029495952244], [-0.08652163328208527, 51.51711936014889], [-0.08666566840899194, 51.517121709875326], [-0.08666190237862126, 51.51721157407791], [-0.08694997325723364, 51.517216273015535], [-0.08695373872135824, 51.51712640879793], [-0.08709777390678455, 51.5171287579941], [-0.08709400872578374, 51.51721862221922], [-0.08709024352526966, 51.517308486442744], [-0.08694620777359452, 51.51730613723155], [-0.08651410063557821, 51.51729908853739], [-0.0865178669685916, 51.517209224343944], [-0.08637383157811221, 51.517206874433214], [-0.08637759817472894, 51.51711701024567]]]}, "properties": {"NoiseClass": "60.0-64.9"}}, {"type": "Feature", "geometry": {"type": "Polygon", "coordinates": [[[-0.09861690931175239, 51.51740598579295], [-0.09890498342005213, 51.51741065538741], [-0.09889749943301962, 51.51759038506171], [-0.09875346180288196, 51.517588050337935], [-0.09860942419217412, 51.51758571543736], [-0.09861690931175239, 51.51740598579295]]]}, "properties": {"NoiseClass": "60.0-64.9"}}, {"type": "Feature", "geometry": {"type": "Polygon", "coordinates": [[[-0.10379852276368061, 51.51757979540195], [-0.1038022551208026, 51.51748993031039], [-0.10365821739837071, 51.517487601611705], [-0.1036619500192884, 51.517397736526], [-0.10351791259937246, 51.517395407658], [-0.10352537834944418, 51.517215677496736], [-0.10366941520308708, 51.51721800634982], [-0.10367688030950616, 51.51703827616733], [-0.10382091661625818, 51.51704060482875], [-0.1038171843558542, 51.517130469928254], [-0.10396122096508437, 51.51713279842035], [-0.10395375695251782, 51.51731252862947], [-0.10409779414732644, 51.517314856959715], [-0.10409406239516633, 51.51740472206936], [-0.10423809989248929, 51.517407050230275], [-0.10423436840412763, 51.5174969153458], [-0.10437840620392716, 51.5174992433374], [-0.10436721247223195, 51.5177688386968], [-0.10407913519311718, 51.51776418249216], [-0.10408659883282513, 51.5175844522839], [-0.10379852276368061, 51.51757979540195]]]}, "properties": {"NoiseClass": "60.0-64.9"}}, {"type": "Feature", "geometry": {"type": "Polygon", "coordinates": [[[-0.09817731147637265, 51.5175787096751], [-0.09832134902891693, 51.51758104510596], [-0.09831760587375507, 51.517670909910876], [-0.0981735680380723, 51.51766857447253], [-0.09817731147637265, 51.5175787096751]]]}, "properties": {"NoiseClass": "60.0-64.9"}}, {"type": "Feature", "geometry": {"type": "Polygon", "coordinates": [[[-0.09401148572952883, 51.51724131153476], [-0.09415552186944223, 51.51724365206944], [-0.09429955802879783, 51.517245992427355], [-0.09429580700413835, 51.51733585702759], [-0.09415177056165336, 51.51733351666218], [-0.09414426788774832, 51.51751324584287], [-0.09428830489649842, 51.51751558622324], [-0.09428455381351679, 51.51760545081873], [-0.09399647924919007, 51.517600769866206], [-0.09401148572952883, 51.51724131153476]]]}, "properties": {"NoiseClass": "60.0-64.9"}}, {"type": "Feature", "geometry": {"type": "Polygon", "coordinates": [[[-0.0934240831357274, 51.51750154128944], [-0.09356812004721893, 51.51750388255367], [-0.09356436754856576, 51.51759374711168], [-0.09342033035394087, 51.51759140583998], [-0.0934240831357274, 51.51750154128944]]]}, "properties": {"NoiseClass": "60.0-64.9"}}, {"type": "Feature", "geometry": {"type": "Polygon", "coordinates": [[[-0.09428455381351679, 51.51760545081873], [-0.0944285911248122, 51.517607791029825], [-0.09442484030552616, 51.517697655631174], [-0.09428080271109462, 51.51769531541259], [-0.09428455381351679, 51.51760545081873]]]}, "properties": {"NoiseClass": "60.0-64.9"}}, {"type": "Feature", "geometry": {"type": "Polygon", "coordinates": [[[-0.08809096783767344, 51.517504654519186], [-0.0882350043116753, 51.517507002331264], [-0.08823124131765758, 51.51759686661016], [-0.08808720456052516, 51.51759451879057], [-0.08809096783767344, 51.517504654519186]]]}, "properties": {"NoiseClass": "60.0-64.9"}}, {"type": "Feature", "geometry": {"type": "Polygon", "coordinates": [[[-0.09773771034035117, 51.51775143187033], [-0.09788174840093343, 51.51775376784646], [-0.09787800435754801, 51.51784363262578], [-0.0977339660138249, 51.517841296642196], [-0.09773771034035117, 51.51775143187033]]]}, "properties": {"NoiseClass": "60.0-64.9"}}, {"type": "Feature", "geometry": {"type": "Polygon", "coordinates": [[[-0.09687348238431559, 51.517737412301464], [-0.09701752032843833, 51.517739749338205], [-0.09701377458621109, 51.51782961407267], [-0.09686973635894823, 51.517827277028466], [-0.09687348238431559, 51.517737412301464]]]}, "properties": {"NoiseClass": "60.0-64.9"}}, {"type": "Feature", "geometry": {"type": "Polygon", "coordinates": [[[-0.09327254009436152, 51.517678928932945], [-0.09341657755270544, 51.517681270388906], [-0.09356061503046528, 51.51768361166811], [-0.09355686249291546, 51.51777347622299], [-0.0934128247320183, 51.51777113493629], [-0.09326878699053782, 51.517768793472825], [-0.09327254009436152, 51.517678928932945]]]}, "properties": {"NoiseClass": "60.0-64.9"}}, {"type": "Feature", "geometry": {"type": "Polygon", "coordinates": [[[-0.092840427836083, 51.517671903504414], [-0.09298446523606578, 51.51767424549068], [-0.09298071156596986, 51.51776411001559], [-0.09283667388285011, 51.51776176802182], [-0.092840427836083, 51.517671903504414]]]}, "properties": {"NoiseClass": "60.0-64.9"}}, {"type": "Feature", "geometry": {"type": "Polygon", "coordinates": [[[-0.08794316782286546, 51.517592170794174], [-0.08808720456052516, 51.51759451879057], [-0.0880834412638723, 51.51768438306037], [-0.08793940424308085, 51.51768203505648], [-0.08794316782286546, 51.517592170794174]]]}, "properties": {"NoiseClass": "60.0-64.9"}}, {"type": "Feature", "geometry": {"type": "Polygon", "coordinates": [[[-0.09758992768947757, 51.517838960481825], [-0.0977339660138249, 51.517841296642196], [-0.0977302216678926, 51.51793116141247], [-0.09758618306040356, 51.51792882524462], [-0.09758992768947757, 51.517838960481825]]]}, "properties": {"NoiseClass": "60.0-64.9"}}, {"type": "Feature", "geometry": {"type": "Polygon", "coordinates": [[[-0.09643762179359247, 51.51782026483519], [-0.096445115523746, 51.51764053542452], [-0.0964488623596947, 51.51755067071679], [-0.0965928996792926, 51.51755300826887], [-0.09658915312648123, 51.51764287298409], [-0.09658540655425273, 51.5177327376977], [-0.09672944445957539, 51.517735075087955], [-0.09672569815106752, 51.51782493980749], [-0.09658165996260555, 51.517822602409716], [-0.09657791335153965, 51.51791246712019], [-0.09643387489938605, 51.51791012953819], [-0.09643762179359247, 51.51782026483519]]]}, "properties": {"NoiseClass": "60.0-64.9"}}, {"type": "Feature", "geometry": {"type": "Polygon", "coordinates": [[[-0.09470916528031627, 51.51779220015282], [-0.09471291555276745, 51.51770233553805], [-0.09557714176083473, 51.51771637101619], [-0.09557339318721392, 51.51780623567586], [-0.09556964459416403, 51.51789610033396], [-0.09484945320745174, 51.51788440446928], [-0.09485320321620055, 51.51779453984858], [-0.09470916528031627, 51.51779220015282]]]}, "properties": {"NoiseClass": "60.0-64.9"}}, {"type": "Feature", "geometry": {"type": "Polygon", "coordinates": [[[-0.09067611097176373, 51.51772661690304], [-0.09082014836288764, 51.517728961548336], [-0.09081639042628596, 51.51781882595919], [-0.09067235275202509, 51.51781648130639], [-0.09067611097176373, 51.51772661690304]]]}, "properties": {"NoiseClass": "60.0-64.9"}}, {"type": "Feature", "geometry": {"type": "Polygon", "coordinates": [[[-0.10451125114076522, 51.517771166534], [-0.10451498212085791, 51.51768130140832], [-0.10465902052561696, 51.51768362906125], [-0.10464782837676322, 51.51795322445587], [-0.10479186765029568, 51.51795555195439], [-0.10478813717848774, 51.518045417090235], [-0.1045000580844636, 51.51804076190153], [-0.1044963270270219, 51.51813062702087], [-0.10435228722589805, 51.51812829915391], [-0.10436348118965713, 51.51785870381345], [-0.10450752014133602, 51.51786103165807], [-0.10451125114076522, 51.517771166534]]]}, "properties": {"NoiseClass": "60.0-64.9"}}, {"type": "Feature", "geometry": {"type": "Polygon", "coordinates": [[[-0.0972981059036801, 51.51792415237864], [-0.09744214447232172, 51.51792648890002], [-0.09743839954069686, 51.51801635365375], [-0.09729436068891152, 51.5180140171249], [-0.0972981059036801, 51.51792415237864]]]}, "properties": {"NoiseClass": "60.0-64.9"}}, {"type": "Feature", "geometry": {"type": "Polygon", "coordinates": [[[-0.08995216467298889, 51.51780475539086], [-0.08995592430840345, 51.51771489102502], [-0.09024399891529418, 51.51771958190655], [-0.09024023984615033, 51.51780944628739], [-0.09023648075752415, 51.51789931066663], [-0.09009244287804885, 51.517896965299244], [-0.09009620224981155, 51.51780710092751], [-0.08995216467298889, 51.51780475539086]]]}, "properties": {"NoiseClass": "60.0-64.9"}}, {"type": "Feature", "geometry": {"type": "Polygon", "coordinates": [[[-0.08952005205937383, 51.51779771772032], [-0.0898081271156179, 51.51780240967746], [-0.08995216467298889, 51.51780475539086], [-0.08994840501809043, 51.5178946197551], [-0.08980436717758257, 51.51789227403418], [-0.08951629155506576, 51.517887582062045], [-0.08952005205937383, 51.51779771772032]]]}, "properties": {"NoiseClass": "60.0-64.9"}}, {"type": "Feature", "geometry": {"type": "Polygon", "coordinates": [[[-0.08894390218074295, 51.517788331684855], [-0.08894766379809857, 51.51769846737155], [-0.08937977532842405, 51.5177055071408], [-0.08937601456047048, 51.51779537147661], [-0.0892319770810558, 51.51779302505613], [-0.08922821601047627, 51.51788288938283], [-0.08908417826745464, 51.51788054277807], [-0.08908793962116954, 51.51779067845888], [-0.08894390218074295, 51.517788331684855]]]}, "properties": {"NoiseClass": "60.0-64.9"}}, {"type": "Feature", "geometry": {"type": "Polygon", "coordinates": [[[-0.1044963270270219, 51.51813062702087], [-0.10464036684751482, 51.518132954711064], [-0.10463663605388594, 51.518222819836296], [-0.10449259595024181, 51.518220492138646], [-0.1044963270270219, 51.51813062702087]]]}, "properties": {"NoiseClass": "60.0-64.9"}}, {"type": "Feature", "geometry": {"type": "Polygon", "coordinates": [[[-0.09657416672105744, 51.518002331829045], [-0.09671820547580358, 51.51800466924176], [-0.09671445910904636, 51.51809453395654], [-0.09657042007115568, 51.51809219653636], [-0.09657416672105744, 51.518002331829045]]]}, "properties": {"NoiseClass": "60.0-64.9"}}, {"type": "Feature", "geometry": {"type": "Polygon", "coordinates": [[[-0.09081263247020793, 51.517908690368444], [-0.09081639042628596, 51.51781882595919], [-0.09168061688074518, 51.51783289016384], [-0.09168437311853085, 51.51774302570799], [-0.09240456095026549, 51.5177547409799], [-0.09240080612816455, 51.517844605473236], [-0.0918246546912797, 51.51783523357926], [-0.0918208987171658, 51.517925098041026], [-0.09167686062349274, 51.517922754618105], [-0.09167310434677195, 51.5180126190708], [-0.0915290659893958, 51.51801027546362], [-0.09095291275463445, 51.518000899267186], [-0.0909566704470511, 51.51791103485199], [-0.09081263247020793, 51.517908690368444]]]}, "properties": {"NoiseClass": "60.0-64.9"}}, {"type": "Feature", "geometry": {"type": "Polygon", "coordinates": [[[-0.10434855586596667, 51.518218164264226], [-0.10449259595024181, 51.518220492138646], [-0.10448886485412406, 51.51831035725485], [-0.10434482448669616, 51.518308029372996], [-0.10434855586596667, 51.518218164264226]]]}, "properties": {"NoiseClass": "60.0-64.9"}}, {"type": "Feature", "geometry": {"type": "Polygon", "coordinates": [[[-0.097434654589662, 51.518106218405904], [-0.09743090961921684, 51.51819608315649], [-0.09728687020114093, 51.518193746612674], [-0.0972906154547318, 51.51810388186958], [-0.097434654589662, 51.518106218405904]]]}, "properties": {"NoiseClass": "60.0-64.9"}}, {"type": "Feature", "geometry": {"type": "Polygon", "coordinates": [[[-0.08864830293263672, 51.51796336619828], [-0.08879234090034276, 51.51796571334086], [-0.08878857894136115, 51.51805557764189], [-0.08878481696288214, 51.518145441941314], [-0.08864077842889866, 51.518143094783724], [-0.08864830293263672, 51.51796336619828]]]}, "properties": {"NoiseClass": "60.0-64.9"}}, {"type": "Feature", "geometry": {"type": "Polygon", "coordinates": [[[-0.10419705245681389, 51.518395566414064], [-0.10434109308808721, 51.51839789448015], [-0.1044851337386691, 51.51840022236945], [-0.1044814026038749, 51.51849008748249], [-0.10419332075570849, 51.5184854315122], [-0.10419705245681389, 51.518395566414064]]]}, "properties": {"NoiseClass": "60.0-64.9"}}, {"type": "Feature", "geometry": {"type": "Polygon", "coordinates": [[[-0.08849673991444836, 51.51814074744937], [-0.08864077842889866, 51.518143094783724], [-0.08863701614778052, 51.51823295907408], [-0.0884929773501893, 51.51823061173222], [-0.08849673991444836, 51.51814074744937]]]}, "properties": {"NoiseClass": "60.0-64.9"}}, {"type": "Feature", "geometry": {"type": "Polygon", "coordinates": [[[-0.08778783945743955, 51.51785941538062], [-0.0879318770249944, 51.517861763576306], [-0.08792811338669095, 51.51795162783386], [-0.08792058605156756, 51.5181313563442], [-0.08777654763460035, 51.51812900812598], [-0.08777278365463839, 51.51821887237128], [-0.08762874497407258, 51.518216523968775], [-0.08763627348076708, 51.51803679549166], [-0.08778031159505385, 51.51803914387913], [-0.08778783945743955, 51.51785941538062]]]}, "properties": {"NoiseClass": "60.0-64.9"}}, {"type": "Feature", "geometry": {"type": "Polygon", "coordinates": [[[-0.09742716462936364, 51.518285947905476], [-0.09757120435002738, 51.51828828427998], [-0.09756371487838923, 51.51846801378818], [-0.09741967459142502, 51.51846567739872], [-0.09742716462936364, 51.518285947905476]]]}, "properties": {"NoiseClass": "60.0-64.9"}}, {"type": "Feature", "geometry": {"type": "Polygon", "coordinates": [[[-0.09669947344784695, 51.51845399279982], [-0.09669572698400411, 51.51854385750667], [-0.09655168653037198, 51.518541520049084], [-0.09655543327736565, 51.518451655349715], [-0.09669947344784695, 51.51845399279982]]]}, "properties": {"NoiseClass": "60.0-64.9"}}, {"type": "Feature", "geometry": {"type": "Polygon", "coordinates": [[[-0.08833764991285045, 51.51849785703006], [-0.08834141281875771, 51.518407992759485], [-0.0884854521631687, 51.518410340293144], [-0.0884892147664289, 51.518320476013486], [-0.08863325384716222, 51.51832282336287], [-0.08877729294743034, 51.51832517053548], [-0.08876976885398695, 51.51850489912329], [-0.08848168954040633, 51.51850020457125], [-0.08847792689814338, 51.518590068847764], [-0.08833388698743981, 51.518587721299085], [-0.08833764991285045, 51.51849785703006]]]}, "properties": {"NoiseClass": "60.0-64.9"}}, {"type": "Feature", "geometry": {"type": "Polygon", "coordinates": [[[-0.08777278365463839, 51.51821887237128], [-0.08791682235474527, 51.518221220597], [-0.08791305863841649, 51.51831108484822], [-0.08790929490258229, 51.51840094909784], [-0.08790553114723919, 51.51849081334591], [-0.08776149159770194, 51.518488465097626], [-0.0877577275397066, 51.51857832933657], [-0.08761368772656523, 51.51857598090404], [-0.08746964793290297, 51.51857363229469], [-0.08747341255719086, 51.51848376807077], [-0.08761745206770705, 51.518486116672584], [-0.08762121638933915, 51.518396252439544], [-0.08776525563618916, 51.51839860085709], [-0.08777278365463839, 51.51821887237128]]]}, "properties": {"NoiseClass": "60.0-64.9"}}, {"type": "Feature", "geometry": {"type": "Polygon", "coordinates": [[[-0.1047657539416107, 51.51858460787204], [-0.10490979521651636, 51.51858693524591], [-0.10490606489252327, 51.518676800378124], [-0.10505010646995315, 51.518679127582644], [-0.105042646330286, 51.51885885785726], [-0.10503891623145391, 51.518948722992185], [-0.1048948738045377, 51.51894639576529], [-0.10489114340320722, 51.519036260891205], [-0.10474710071249255, 51.51903393348009], [-0.10475456206214656, 51.51885420324161], [-0.10489860418653334, 51.518856530637834], [-0.10490233454919534, 51.518766665508764], [-0.1047582927079705, 51.51876433811999], [-0.1047657539416107, 51.51858460787204]]]}, "properties": {"NoiseClass": "60.0-64.9"}}, {"type": "Feature", "geometry": {"type": "Polygon", "coordinates": [[[-0.08760992336591451, 51.51866584513389], [-0.08775396346220313, 51.51866819357394], [-0.08775019936519034, 51.518758057809734], [-0.08760615898575204, 51.51875570936216], [-0.08760992336591451, 51.51866584513389]]]}, "properties": {"NoiseClass": "60.0-64.9"}}, {"type": "Feature", "geometry": {"type": "Polygon", "coordinates": [[[-0.08818232062061655, 51.51876510209184], [-0.08832636107811205, 51.518767449832325], [-0.08832259809419336, 51.518857314096586], [-0.08817855735354617, 51.51885496634859], [-0.08818232062061655, 51.51876510209184]]]}, "properties": {"NoiseClass": "60.0-64.9"}}, {"type": "Feature", "geometry": {"type": "Polygon", "coordinates": [[[-0.09667699437352241, 51.51899318101731], [-0.09668074093445524, 51.51890331631834], [-0.09682478254012815, 51.51890565362906], [-0.09681728996516495, 51.51908538304035], [-0.09667324779317332, 51.51908304571468], [-0.09667699437352241, 51.51899318101731]]]}, "properties": {"NoiseClass": "60.0-64.9"}}, {"type": "Feature", "geometry": {"type": "Polygon", "coordinates": [[[-0.08731431331937312, 51.518840876148325], [-0.08731807828534661, 51.518751011936665], [-0.08746211862579366, 51.5187533607378], [-0.08760615898575204, 51.51875570936216], [-0.08760239458607987, 51.51884557358884], [-0.08745835394297104, 51.51884322495698], [-0.08745458924063669, 51.51893308917456], [-0.08731054833388753, 51.51893074035839], [-0.08731431331937312, 51.518840876148325]]]}, "properties": {"NoiseClass": "60.0-64.9"}}, {"type": "Feature", "geometry": {"type": "Polygon", "coordinates": [[[-0.09754499085964198, 51.518917337531015], [-0.09768903258179065, 51.51891967378106], [-0.09767405415007324, 51.519279132776774], [-0.09767030949362321, 51.51936899752174], [-0.09752626635566153, 51.51936666123431], [-0.09754499085964198, 51.518917337531015]]]}, "properties": {"NoiseClass": "60.0-64.9"}}, {"type": "Feature", "geometry": {"type": "Polygon", "coordinates": [[[-0.09666950119340349, 51.51917291041048], [-0.09681354364855795, 51.51917524774363], [-0.09680979731253339, 51.51926511244533], [-0.09680605095709288, 51.51935497714545], [-0.09666200793561168, 51.519352639797326], [-0.09666950119340349, 51.51917291041048]]]}, "properties": {"NoiseClass": "60.0-64.9"}}, {"type": "Feature", "geometry": {"type": "Polygon", "coordinates": [[[-0.08802322586473642, 51.51912221116201], [-0.08802698947347568, 51.51903234691752], [-0.08817103076089335, 51.51903469485732], [-0.08816350409022113, 51.51921442335971], [-0.08801946223649182, 51.51921207540489], [-0.08802322586473642, 51.51912221116201]]]}, "properties": {"NoiseClass": "60.0-64.9"}}, {"type": "Feature", "geometry": {"type": "Polygon", "coordinates": [[[-0.08701116980649425, 51.51919563477139], [-0.08701493541683299, 51.519105770581106], [-0.08701870100765483, 51.51901590638923], [-0.08716274215852898, 51.51901825556645], [-0.08716650744668229, 51.518928391365456], [-0.08731054833388753, 51.51893074035839], [-0.08730678332888746, 51.519020604566904], [-0.08745082451878985, 51.51902295339058], [-0.08744705977743014, 51.51911281760501], [-0.0873030183043733, 51.519110468773825], [-0.08729548819680505, 51.5192901971829], [-0.08715144617697894, 51.51928784815989], [-0.0871552115236777, 51.51919798396366], [-0.08701116980649425, 51.51919563477139]]]}, "properties": {"NoiseClass": "60.0-64.9"}}, {"type": "Feature", "geometry": {"type": "Polygon", "coordinates": [[[-0.09766656481776485, 51.51945886226515], [-0.09781060825827227, 51.51946119838325], [-0.09780686384617307, 51.51955106313257], [-0.0976628201224973, 51.51954872700696], [-0.09766656481776485, 51.51945886226515]]]}, "properties": {"NoiseClass": "60.0-64.9"}}, {"type": "Feature", "geometry": {"type": "Polygon", "coordinates": [[[-0.09679855818795854, 51.51953470654095], [-0.09694260179515775, 51.51953704372723], [-0.09693885566463425, 51.51962690843007], [-0.0967948117742659, 51.51962457123629], [-0.09679855818795854, 51.51953470654095]]]}, "properties": {"NoiseClass": "60.0-64.9"}}, {"type": "Feature", "geometry": {"type": "Polygon", "coordinates": [[[-0.08800817123471398, 51.519481668124094], [-0.08801569858873906, 51.51930193964621], [-0.08815974072562639, 51.519304287608556], [-0.08814845051481089, 51.519573880345554], [-0.08800440752844002, 51.519571532360686], [-0.08800817123471398, 51.519481668124094]]]}, "properties": {"NoiseClass": "60.0-64.9"}}, {"type": "Feature", "geometry": {"type": "Polygon", "coordinates": [[[-0.0970754078214969, 51.51980897486298], [-0.0972194523170723, 51.519811311718136], [-0.09721196105280781, 51.51999104114269], [-0.09706791599088305, 51.519988704272585], [-0.0970754078214969, 51.51980897486298]]]}, "properties": {"NoiseClass": "60.0-64.9"}}, {"type": "Feature", "geometry": {"type": "Polygon", "coordinates": [[[-0.10499042318728068, 51.52011696960253], [-0.10499415353745342, 51.52002710448813], [-0.10485010771246131, 51.52002477717189], [-0.10485383832647865, 51.51993491206337], [-0.10485756892116042, 51.519845046953265], [-0.10471352368189664, 51.519842719475136], [-0.10471725454042219, 51.51975285437089], [-0.10472844699997304, 51.51948325904869], [-0.1045844029127154, 51.51948093142356], [-0.10458813397706392, 51.51939106632046], [-0.10473217778114924, 51.51939339393814], [-0.10473590854298982, 51.51930352882599], [-0.1045918650220748, 51.51930120121576], [-0.10459559604774846, 51.519211336109485], [-0.10473963928549435, 51.51921366371227], [-0.10502772581895771, 51.51921831838748], [-0.10517176911470577, 51.519220645459924], [-0.10514938946674846, 51.51975983625256], [-0.10529343448083857, 51.519762163192894], [-0.10528597500988346, 51.51994189345936], [-0.10557406622883328, 51.51994654683945], [-0.10557033703072272, 51.52003641198518], [-0.10542629112840075, 51.52003408537611], [-0.10541510256853989, 51.520303680781566], [-0.10512700912281345, 51.52029902698837], [-0.10513446931479065, 51.52011929674943], [-0.10499042318728068, 51.52011696960253]]]}, "properties": {"NoiseClass": "60.0-64.9"}}, {"type": "Feature", "geometry": {"type": "Polygon", "coordinates": [[[-0.09764409635502809, 51.51999805069232], [-0.09764784114734029, 51.5199081859584], [-0.09779188600370523, 51.51991052211391], [-0.09793593087950876, 51.51991285809261], [-0.09792844240818116, 51.520092587588756], [-0.09778439696602464, 51.520090251595086], [-0.0977806524180728, 51.520180116333314], [-0.09763660671217583, 51.520177780155386], [-0.09764409635502809, 51.51999805069232]]]}, "properties": {"NoiseClass": "60.0-64.9"}}, {"type": "Feature", "geometry": {"type": "Polygon", "coordinates": [[[-0.08785283652414805, 51.51974891265238], [-0.0879968800573725, 51.51975126082907], [-0.08799311629257733, 51.51984112506089], [-0.08798558870446417, 51.52002085351977], [-0.0878415443217347, 51.52001850532056], [-0.08785283652414805, 51.51974891265238]]]}, "properties": {"NoiseClass": "60.0-64.9"}}, {"type": "Feature", "geometry": {"type": "Polygon", "coordinates": [[[-0.08699234146204123, 51.51964495569916], [-0.08699987285837489, 51.51946522733279], [-0.08714391542503473, 51.5194675765476], [-0.08713638459502618, 51.519647304928995], [-0.08712132270081656, 51.52000676167275], [-0.08697727843516498, 51.520004412412845], [-0.08699234146204123, 51.51964495569916]]]}, "properties": {"NoiseClass": "60.0-64.9"}}, {"type": "Feature", "geometry": {"type": "Polygon", "coordinates": [[[-0.08683323418906172, 51.52000206297615], [-0.08697727843516498, 51.520004412412845], [-0.08697351262964996, 51.52009427658731], [-0.08682946810037678, 51.52009192714311], [-0.08683323418906172, 51.52000206297615]]]}, "properties": {"NoiseClass": "60.0-64.9"}}, {"type": "Feature", "geometry": {"type": "Polygon", "coordinates": [[[-0.08653761242578248, 51.52017709187471], [-0.08639356767187052, 51.52017474189262], [-0.08639733462958968, 51.52008487774981], [-0.08654137910033012, 51.520087227724375], [-0.08653761242578248, 51.52017709187471]]]}, "properties": {"NoiseClass": "60.0-64.9"}}, {"type": "Feature", "geometry": {"type": "Polygon", "coordinates": [[[-0.09706417004645382, 51.520078568974995], [-0.09704918607457919, 51.52043802776889], [-0.09690513961617185, 51.5204356906846], [-0.09692012472076748, 51.52007623192063], [-0.09706417004645382, 51.520078568974995]]]}, "properties": {"NoiseClass": "60.0-64.9"}}, {"type": "Feature", "geometry": {"type": "Polygon", "coordinates": [[[-0.09763286186163457, 51.520267644884555], [-0.09777690785071179, 51.520269981069966], [-0.09776941865776582, 51.52044971053849], [-0.09776567403217928, 51.5205395752704], [-0.09762162719355219, 51.5205372390626], [-0.09763286186163457, 51.520267644884555]]]}, "properties": {"NoiseClass": "60.0-64.9"}}, {"type": "Feature", "geometry": {"type": "Polygon", "coordinates": [[[-0.09704544003307032, 51.52052789246341], [-0.09718948679407821, 51.52053022937839], [-0.09718574101633924, 51.52062009407882], [-0.09704169397214595, 51.520617757156366], [-0.09704544003307032, 51.52052789246341]]]}, "properties": {"NoiseClass": "60.0-64.9"}}, {"type": "Feature", "geometry": {"type": "Polygon", "coordinates": [[[-0.0977619293871848, 51.520629440000725], [-0.09790597652843629, 51.52063177603923], [-0.0979022321472216, 51.52072164077543], [-0.09775818472278111, 51.520719304729454], [-0.0977619293871848, 51.520629440000725]]]}, "properties": {"NoiseClass": "60.0-64.9"}}, {"type": "Feature", "geometry": {"type": "Polygon", "coordinates": [[[-0.08768244228280313, 51.520375613783266], [-0.0876862067309973, 51.52028574957597], [-0.08783025194373788, 51.52028809797448], [-0.08781143092354504, 51.52073741903273], [-0.08766738429491265, 51.52073507059663], [-0.08768244228280313, 51.520375613783266]]]}, "properties": {"NoiseClass": "60.0-64.9"}}, {"type": "Feature", "geometry": {"type": "Polygon", "coordinates": [[[-0.09789474332656592, 51.52090137024313], [-0.09789099888712816, 51.52099123497458], [-0.09774695061311549, 51.520988898906175], [-0.09775069533574628, 51.5208990341822], [-0.09789474332656592, 51.52090137024313]]]}, "properties": {"NoiseClass": "60.0-64.9"}}, {"type": "Feature", "geometry": {"type": "Polygon", "coordinates": [[[-0.09758417703826097, 51.521435886219884], [-0.09772822670881541, 51.52143822250247], [-0.09772448186972646, 51.52152808721696], [-0.09758043191597068, 51.521525750926905], [-0.09758417703826097, 51.521435886219884]]]}, "properties": {"NoiseClass": "60.0-64.9"}}, {"type": "Feature", "geometry": {"type": "Polygon", "coordinates": [[[-0.09686392897656922, 51.52142420215513], [-0.09686767549544341, 51.521334337483886], [-0.0968714219948989, 51.521244472811055], [-0.09672737300723272, 51.52124213548271], [-0.09673861323866939, 51.52097254147719], [-0.09702670953428678, 51.52097721591227], [-0.0970004860204795, 51.521606268674354], [-0.09714453617981142, 51.521608605679035], [-0.09714079016908697, 51.521698470360505], [-0.09699673972655139, 51.521696133348335], [-0.09685268930343449, 51.52169379615935], [-0.09686392897656922, 51.52142420215513]]]}, "properties": {"NoiseClass": "60.0-64.9"}}, {"type": "Feature", "geometry": {"type": "Polygon", "coordinates": [[[-0.09757294161315394, 51.52170548033626], [-0.09771699213331587, 51.52170781664127], [-0.0977132472359943, 51.52179768135105], [-0.09756919643262785, 51.52179534503857], [-0.09757294161315394, 51.52170548033626]]]}, "properties": {"NoiseClass": "60.0-64.9"}}, {"type": "Feature", "geometry": {"type": "Polygon", "coordinates": [[[-0.10462024593384223, 51.52208934656792], [-0.10476429825303261, 51.52209167423222], [-0.10490835059159406, 51.522094001719736], [-0.10490461979669129, 51.5221838667978], [-0.10476056717491385, 51.52218153930284], [-0.10461651457250744, 51.52217921163108], [-0.10447246198940804, 51.52217688378252], [-0.10447619363395887, 51.52208701872681], [-0.10462024593384223, 51.52208934656792]]]}, "properties": {"NoiseClass": "60.0-64.9"}}, {"type": "Feature", "geometry": {"type": "Polygon", "coordinates": [[[-0.10418808909225472, 51.522082362514205], [-0.10433214135341906, 51.52208469070891], [-0.10432840942565226, 51.522174555757175], [-0.10418435688127227, 51.52217222755502], [-0.10418808909225472, 51.522082362514205]]]}, "properties": {"NoiseClass": "60.0-64.9"}}, {"type": "Feature", "geometry": {"type": "Polygon", "coordinates": [[[-0.09713704413894537, 51.52178833504038], [-0.09714079016908697, 51.521698470360505], [-0.09728484063100787, 51.521700807195884], [-0.09726985752677396, 51.52206026593576], [-0.0971258059320247, 51.522057929070456], [-0.09713704413894537, 51.52178833504038]]]}, "properties": {"NoiseClass": "60.0-64.9"}}, {"type": "Feature", "geometry": {"type": "Polygon", "coordinates": [[[-0.0862156168908296, 51.52098116888019], [-0.08621938430745642, 51.52089130475914], [-0.08636343130723632, 51.52089365497814], [-0.0863671984211529, 51.52080379084799], [-0.08622315170455601, 51.5208014406365], [-0.08623445377869551, 51.520531848259104], [-0.08623822109768825, 51.52044198413015], [-0.08624198839715617, 51.520352119999615], [-0.08638603369786012, 51.52035447017351], [-0.08638980069462814, 51.52026460603385], [-0.08653384573171279, 51.52026695602342], [-0.08653761242578248, 51.52017709187471], [-0.08668165719921687, 51.520179441679986], [-0.08668542359059266, 51.520089577522135], [-0.08682946810037678, 51.52009192714311], [-0.08681063736415558, 51.52054124795413], [-0.08666659143849914, 51.52053889829555], [-0.0866515253654307, 51.520898354885794], [-0.08650747832657171, 51.52089600502037], [-0.08650371147631418, 51.52098586915644], [-0.0866477587983582, 51.520988219029405], [-0.08661385881617532, 51.52179699625062], [-0.08646980894540318, 51.52179464630999], [-0.08646604189990059, 51.52188451043024], [-0.08632199176545395, 51.521882160305296], [-0.0863257590941559, 51.52179229619257], [-0.08618170926246563, 51.52178994589838], [-0.08619677951479225, 51.52143048946167], [-0.08605273083538124, 51.521428139020756], [-0.08606026641075973, 51.52124841080795], [-0.08620431452378874, 51.52125076123382], [-0.08621184945467714, 51.52107103299964], [-0.08635589702082755, 51.521073383233684], [-0.08635966417379415, 51.5209835191067], [-0.0862156168908296, 51.52098116888019]]]}, "properties": {"NoiseClass": "60.0-64.9"}}, {"type": "Feature", "geometry": {"type": "Polygon", "coordinates": [[[-0.10432840942565226, 51.522174555757175], [-0.10447246198940804, 51.52217688378252], [-0.10446873032551367, 51.52226674883671], [-0.10432467747854066, 51.52226442080389], [-0.10432840942565226, 51.522174555757175]]]}, "properties": {"NoiseClass": "60.0-64.9"}}, {"type": "Feature", "geometry": {"type": "Polygon", "coordinates": [[[-0.10159141439146925, 51.52213028968347], [-0.10173546658741531, 51.52213262106801], [-0.10173172954241537, 51.52222248598055], [-0.10158767706325453, 51.522220154588545], [-0.10159141439146925, 51.52213028968347]]]}, "properties": {"NoiseClass": "60.0-64.9"}}, {"type": "Feature", "geometry": {"type": "Polygon", "coordinates": [[[-0.10360441353392463, 51.52225277798786], [-0.1037484662841657, 51.52225510690466], [-0.10375219936414497, 51.52216524188775], [-0.10389625185048344, 51.52216757062031], [-0.10404030435620606, 51.52216989917607], [-0.10403657184266042, 51.52225976420787], [-0.103892519053721, 51.522257435644676], [-0.10388878623761101, 51.522347300667455], [-0.10374473318483651, 51.52234497192], [-0.10360068015137741, 51.52234264299575], [-0.10360441353392463, 51.52225277798786]]]}, "properties": {"NoiseClass": "60.0-64.9"}}, {"type": "Feature", "geometry": {"type": "Polygon", "coordinates": [[[-0.10173172954241537, 51.52222248598055], [-0.10201983455887402, 51.522227148234165], [-0.1020235710374447, 51.52213728330672], [-0.10259978016993068, 51.52214660566252], [-0.1025960448242221, 51.5222364706198], [-0.10230793965283584, 51.52223180978059], [-0.10230420372133174, 51.522321674721354], [-0.10187204525982259, 51.52231468211418], [-0.10172799247804527, 51.52231235089151], [-0.10173172954241537, 51.52222248598055]]]}, "properties": {"NoiseClass": "60.0-64.9"}}, {"type": "Feature", "geometry": {"type": "Polygon", "coordinates": [[[-0.09770201242756892, 51.52206727547084], [-0.09784606410000174, 51.52206961162894], [-0.09784231940824799, 51.52215947633987], [-0.09783857469708548, 51.522249341049225], [-0.0976945224582293, 51.522247004876185], [-0.09770201242756892, 51.52206727547084]]]}, "properties": {"NoiseClass": "60.0-64.9"}}, {"type": "Feature", "geometry": {"type": "Polygon", "coordinates": [[[-0.08646604189990059, 51.52188451043024], [-0.08661009205387207, 51.52188686037837], [-0.08660632527204401, 51.52197672450458], [-0.08660255847069193, 51.52206658862919], [-0.08645850775031741, 51.52206423866601], [-0.08646604189990059, 51.52188451043024]]]}, "properties": {"NoiseClass": "60.0-64.9"}}, {"type": "Feature", "geometry": {"type": "Polygon", "coordinates": [[[-0.10273636235712134, 51.52232866573737], [-0.10274009743897375, 51.52223880077421], [-0.10302820272652256, 51.52224346055263], [-0.10303193722258308, 51.522153595572966], [-0.10317598961219523, 51.52215592518953], [-0.10332004202116092, 51.5221582546293], [-0.1033163080915324, 51.52224811962385], [-0.10317225539935036, 51.522245790176655], [-0.1031685211671499, 51.52233565516217], [-0.10302446821110414, 51.52233332553069], [-0.10302073367632945, 51.52242319050717], [-0.10287668045645539, 51.52242086069146], [-0.1028804152744489, 51.52233099572243], [-0.10273636235712134, 51.52232866573737]]]}, "properties": {"NoiseClass": "60.0-64.9"}}, {"type": "Feature", "geometry": {"type": "Polygon", "coordinates": [[[-0.10158393971566758, 51.52231001949204], [-0.10172799247804527, 51.52231235089151], [-0.1017242553943045, 51.52240221580088], [-0.10158020234870958, 51.522399884393955], [-0.10158393971566758, 51.52231001949204]]]}, "properties": {"NoiseClass": "60.0-64.9"}}, {"type": "Feature", "geometry": {"type": "Polygon", "coordinates": [[[-0.08660255847069193, 51.52206658862919], [-0.08674660921059048, 51.52206893841558], [-0.08674284267291846, 51.522158802546116], [-0.0865987916498158, 51.52215645275221], [-0.08660255847069193, 51.52206658862919]]]}, "properties": {"NoiseClass": "60.0-64.9"}}, {"type": "Feature", "geometry": {"type": "Polygon", "coordinates": [[[-0.10129209631557685, 51.522395221049706], [-0.10143614932245675, 51.52239755281024], [-0.10143241165290817, 51.52248741770309], [-0.10128835836280951, 51.5224850859351], [-0.10129209631557685, 51.522395221049706]]]}, "properties": {"NoiseClass": "60.0-64.9"}}, {"type": "Feature", "geometry": {"type": "Polygon", "coordinates": [[[-0.10057183157189103, 51.52238355959504], [-0.10071588448188244, 51.52238589223959], [-0.10085993741122255, 51.522388224707306], [-0.10100399035997347, 51.52239055699824], [-0.10100025184076815, 51.522480421868735], [-0.10056809220303048, 51.522473424443135], [-0.10057183157189103, 51.52238355959504]]]}, "properties": {"NoiseClass": "60.0-64.9"}}, {"type": "Feature", "geometry": {"type": "Polygon", "coordinates": [[[-0.09726236585816404, 51.52223999529624], [-0.09740641803878194, 51.52224233199968], [-0.0973989268589396, 51.52242206136877], [-0.09725487411189246, 51.522419724650355], [-0.09726236585816404, 51.52223999529624]]]}, "properties": {"NoiseClass": "60.0-64.9"}}, {"type": "Feature", "geometry": {"type": "Polygon", "coordinates": [[[-0.10460158893375703, 51.52253867186802], [-0.10474564266904263, 51.52254099956958], [-0.10474191149422576, 51.522630864632305], [-0.10459785747571666, 51.522628536923314], [-0.10460158893375703, 51.52253867186802]]]}, "properties": {"NoiseClass": "60.0-64.9"}}, {"type": "Feature", "geometry": {"type": "Polygon", "coordinates": [[[-0.09783857469708548, 51.522249341049225], [-0.09798262695535159, 51.522251677045475], [-0.0979788825079935, 51.52234154176071], [-0.09812293506888278, 51.52234387758764], [-0.09811919088533241, 51.522433742308785], [-0.09811544668237443, 51.522523607028326], [-0.09797139355505188, 51.52252127118646], [-0.09797513804122708, 51.52243140647437], [-0.09783108521653092, 51.52242907046317], [-0.09783857469708548, 51.522249341049225]]]}, "properties": {"NoiseClass": "60.0-64.9"}}, {"type": "Feature", "geometry": {"type": "Polygon", "coordinates": [[[-0.0873152815361104, 51.5222580641128], [-0.08732281236533684, 51.52207833579317], [-0.08736423053066393, 51.521089829921934], [-0.08750827825300742, 51.52109217874168], [-0.08745556777933665, 51.52235027719519], [-0.0873115160922211, 51.52234792827024], [-0.0873152815361104, 51.5222580641128]]]}, "properties": {"NoiseClass": "60.0-64.9"}}, {"type": "Feature", "geometry": {"type": "Polygon", "coordinates": [[[-0.10488596553210679, 51.5226331921645], [-0.10488969642369964, 51.52254332709431], [-0.10503375019769585, 51.522545654442254], [-0.10503001958932576, 51.52263551951989], [-0.10502628896161924, 51.522725384595944], [-0.10488223462117471, 51.522723057233115], [-0.10488596553210679, 51.5226331921645]]]}, "properties": {"NoiseClass": "60.0-64.9"}}, {"type": "Feature", "geometry": {"type": "Polygon", "coordinates": [[[-0.10430974949665878, 51.52262388097492], [-0.10445380347651491, 51.52262620903752], [-0.10445007171590935, 51.52271607408378], [-0.10430601745282762, 51.52271374601373], [-0.10430974949665878, 51.52262388097492]]]}, "properties": {"NoiseClass": "60.0-64.9"}}, {"type": "Feature", "geometry": {"type": "Polygon", "coordinates": [[[-0.0865987916498158, 51.52215645275221], [-0.08659502480941646, 51.52224631687364], [-0.08673907611572401, 51.522248666675075], [-0.08673530953900636, 51.52233853080245], [-0.08687936114801383, 51.52234088043459], [-0.08687559483498143, 51.522430744567906], [-0.0865874910700425, 51.52242604511179], [-0.0865912579494915, 51.52233618099352], [-0.08644720637950148, 51.52233383100778], [-0.08645474064623798, 51.52215410278152], [-0.0865987916498158, 51.52215645275221]]]}, "properties": {"NoiseClass": "60.0-64.9"}}, {"type": "Feature", "geometry": {"type": "Polygon", "coordinates": [[[-0.10272142183610995, 51.522688125574184], [-0.10286547588632149, 51.52269045558906], [-0.1028617409908932, 51.52278032055175], [-0.10271768665745656, 51.52277799052941], [-0.10272142183610995, 51.522688125574184]]]}, "properties": {"NoiseClass": "60.0-64.9"}}, {"type": "Feature", "geometry": {"type": "Polygon", "coordinates": [[[-0.10243331379379843, 51.522683465014005], [-0.10257736780525757, 51.52268579538249], [-0.10257363234337977, 51.522775660330275], [-0.10242957804869628, 51.52277332995433], [-0.10243331379379843, 51.522683465014005]]]}, "properties": {"NoiseClass": "60.0-64.9"}}, {"type": "Feature", "geometry": {"type": "Polygon", "coordinates": [[[-0.10200115187551437, 51.522676472847714], [-0.10199741528073913, 51.52276633776567], [-0.10185336106352026, 51.52276400668251], [-0.10185709794151908, 51.522674141772015], [-0.10200115187551437, 51.522676472847714]]]}, "properties": {"NoiseClass": "60.0-64.9"}}, {"type": "Feature", "geometry": {"type": "Polygon", "coordinates": [[[-0.0973951812398959, 51.52251192605094], [-0.09753923428957423, 51.52251426260001], [-0.09753174355968194, 51.52269399197458], [-0.09738768994356564, 51.52269165541053], [-0.0973951812398959, 51.52251192605094]]]}, "properties": {"NoiseClass": "60.0-64.9"}}, {"type": "Feature", "geometry": {"type": "Polygon", "coordinates": [[[-0.10199741528073913, 51.52276633776567], [-0.10228552377334564, 51.52277099940159], [-0.10228178772565326, 51.5228608643329], [-0.10199367866659646, 51.52285620268205], [-0.10199741528073913, 51.52276633776567]]]}, "properties": {"NoiseClass": "60.0-64.9"}}, {"type": "Feature", "geometry": {"type": "Polygon", "coordinates": [[[-0.09969255013006581, 51.52272901921879], [-0.09998065800253293, 51.52273368651238], [-0.09998439856242947, 51.52264382169889], [-0.10012845224454264, 51.52264615507301], [-0.10027250594604284, 51.522648488270356], [-0.10026876595259068, 51.52273835309877], [-0.10012471196786818, 51.522736019893976], [-0.10012097167180677, 51.52282588471338], [-0.09968880898433365, 51.52281888401578], [-0.09969255013006581, 51.52272901921879]]]}, "properties": {"NoiseClass": "60.0-64.9"}}, {"type": "Feature", "geometry": {"type": "Polygon", "coordinates": [[[-0.09810795821823694, 51.52270333646267], [-0.09811170246000929, 51.52261347174629], [-0.09825575588992683, 51.52261580741884], [-0.09825201193137567, 51.52270567214269], [-0.09824826795341696, 51.52279553686498], [-0.09810421395705667, 51.522793201177485], [-0.09810795821823694, 51.52270333646267]]]}, "properties": {"NoiseClass": "60.0-64.9"}}, {"type": "Feature", "geometry": {"type": "Polygon", "coordinates": [[[-0.09753174355968194, 51.52269399197458], [-0.09767579719518157, 51.522696328361796], [-0.09767205208433655, 51.52278619305419], [-0.09752799816561566, 51.52278385665948], [-0.09753174355968194, 51.52269399197458]]]}, "properties": {"NoiseClass": "60.0-64.9"}}, {"type": "Feature", "geometry": {"type": "Polygon", "coordinates": [[[-0.08744803739942637, 51.52253000552037], [-0.08759208967244558, 51.522532354283555], [-0.08758832473642776, 51.522622218451296], [-0.0874442721801973, 51.5226198696806], [-0.08744803739942637, 51.52253000552037]]]}, "properties": {"NoiseClass": "60.0-64.9"}}, {"type": "Feature", "geometry": {"type": "Polygon", "coordinates": [[[-0.10300579534365756, 51.52278265039728], [-0.10300952995586189, 51.52269278542714], [-0.10315358404479198, 51.52269511508842], [-0.10314984971581322, 51.522784980066014], [-0.1035820129483748, 51.5227919680114], [-0.10358574642767808, 51.522702103011426], [-0.10372980059402426, 51.5227044319655], [-0.10387385477968589, 51.52270676074276], [-0.10387012186683332, 51.522796625757636], [-0.10372606739794617, 51.522794296972904], [-0.10372233418251729, 51.52288416197876], [-0.10357827944971916, 51.5228818330098], [-0.10357454593171124, 51.52297169800661], [-0.10314238099978483, 51.522964710016524], [-0.10314611536747699, 51.52287484504208], [-0.10300206071209536, 51.522872515365876], [-0.10300579534365756, 51.52278265039728]]]}, "properties": {"NoiseClass": "60.0-64.9"}}, {"type": "Feature", "geometry": {"type": "Polygon", "coordinates": [[[-0.09940070062294956, 51.522814216000036], [-0.09968880898433365, 51.52281888401578], [-0.09968506781920947, 51.5229087488112], [-0.09939695889137623, 51.5229040807805], [-0.09940070062294956, 51.522814216000036]]]}, "properties": {"NoiseClass": "60.0-64.9"}}, {"type": "Feature", "geometry": {"type": "Polygon", "coordinates": [[[-0.1008375043059877, 51.52292741386175], [-0.1008412432053094, 51.522837549006624], [-0.10098529757016747, 51.52283988133487], [-0.10098155895407127, 51.52292974619745], [-0.10097782031859778, 51.52301961105846], [-0.10083376538728622, 51.52301727871528], [-0.1008375043059877, 51.52292741386175]]]}, "properties": {"NoiseClass": "60.0-64.9"}}, {"type": "Feature", "geometry": {"type": "Polygon", "coordinates": [[[-0.09824452395605265, 51.52288540158568], [-0.09838857825507273, 51.522887737103844], [-0.09838483452152721, 51.52297760183042], [-0.09824077993928197, 51.5229752663048], [-0.09824452395605265, 51.52288540158568]]]}, "properties": {"NoiseClass": "60.0-64.9"}}, {"type": "Feature", "geometry": {"type": "Polygon", "coordinates": [[[-0.08672024303690376, 51.522697987296155], [-0.08672400969171434, 51.52260812317509], [-0.08686806215035206, 51.522610472829804], [-0.08686429577875393, 51.52270033695836], [-0.08686052938763415, 51.52279020108533], [-0.08671647636257034, 51.5227878514156], [-0.08672024303690376, 51.522697987296155]]]}, "properties": {"NoiseClass": "60.0-64.9"}}, {"type": "Feature", "geometry": {"type": "Polygon", "coordinates": [[[-0.10040160070966797, 51.52301028062497], [-0.10054565558283622, 51.52301261349854], [-0.1005419160782975, 51.52310247833557], [-0.10039786092190053, 51.52310014545455], [-0.10040160070966797, 51.52301028062497]]]}, "properties": {"NoiseClass": "60.0-64.9"}}, {"type": "Feature", "geometry": {"type": "Polygon", "coordinates": [[[-0.09896105304448197, 51.522986942164955], [-0.09924916242239316, 51.52299161127138], [-0.09939321714040922, 51.522993945559385], [-0.09938947537004657, 51.52308381033669], [-0.09895731042443831, 51.52307680691983], [-0.09896105304448197, 51.522986942164955]]]}, "properties": {"NoiseClass": "60.0-64.9"}}, {"type": "Feature", "geometry": {"type": "Polygon", "coordinates": [[[-0.09867294374420116, 51.52298227235127], [-0.09881699838465724, 51.522984607346515], [-0.0988132554813868, 51.52307447209394], [-0.09866920055770356, 51.523072137091255], [-0.09867294374420116, 51.52298227235127]]]}, "properties": {"NoiseClass": "60.0-64.9"}}, {"type": "Feature", "geometry": {"type": "Polygon", "coordinates": [[[-0.09766456180441055, 51.52296592243421], [-0.09780861630902152, 51.52296825866706], [-0.09795267083304321, 51.52297059472309], [-0.09794892623041306, 51.5230604594257], [-0.09780487142316537, 51.52305812336217], [-0.09766081663532966, 51.52305578712185], [-0.09766456180441055, 51.52296592243421]]]}, "properties": {"NoiseClass": "60.0-64.9"}}, {"type": "Feature", "geometry": {"type": "Polygon", "coordinates": [[[-0.10010975066729746, 51.52309547916204], [-0.10025380578492378, 51.523097812396664], [-0.10025006569454152, 51.523187677217216], [-0.10010601029368642, 51.523185343975086], [-0.10010975066729746, 51.52309547916204]]]}, "properties": {"NoiseClass": "60.0-64.9"}}, {"type": "Feature", "geometry": {"type": "Polygon", "coordinates": [[[-0.09794892623041306, 51.5230604594257], [-0.09809298105706987, 51.52306279531242], [-0.09808923671825848, 51.523152660020905], [-0.0979451816083737, 51.52315032412672], [-0.09794892623041306, 51.5230604594257]]]}, "properties": {"NoiseClass": "60.0-64.9"}}, {"type": "Feature", "geometry": {"type": "Polygon", "coordinates": [[[-0.08743674168319054, 51.522799597996276], [-0.08758079480584989, 51.52280194678201], [-0.08757326479721209, 51.52298167510639], [-0.08742921110811791, 51.522979326305624], [-0.08743674168319054, 51.522799597996276]]]}, "properties": {"NoiseClass": "60.0-64.9"}}, {"type": "Feature", "geometry": {"type": "Polygon", "coordinates": [[[-0.08671270966871168, 51.52287771553348], [-0.08685676297699191, 51.522880065210735], [-0.0868529965468273, 51.52296992933456], [-0.08670894295533023, 51.52296757964978], [-0.08671270966871168, 51.52287771553348]]]}, "properties": {"NoiseClass": "60.0-64.9"}}, {"type": "Feature", "geometry": {"type": "Polygon", "coordinates": [[[-0.09967384420748837, 51.52317834318791], [-0.09996195491221822, 51.52318301055617], [-0.09995821423598839, 51.52327287536018], [-0.09967010296479709, 51.52326820797699], [-0.09967384420748837, 51.52317834318791]]]}, "properties": {"NoiseClass": "60.0-64.9"}}, {"type": "Feature", "geometry": {"type": "Polygon", "coordinates": [[[-0.09952604735827043, 51.52326587402017], [-0.09952230581295475, 51.52335573880021], [-0.09937824994258988, 51.52335340465913], [-0.0993819917711375, 51.523263539886564], [-0.09952604735827043, 51.52326587402017]]]}, "properties": {"NoiseClass": "60.0-64.9"}}, {"type": "Feature", "geometry": {"type": "Polygon", "coordinates": [[[-0.09779738159322164, 51.523237852747656], [-0.0979414369669256, 51.52324018882613], [-0.09793769230606635, 51.523330053523985], [-0.0979339476257979, 51.52341991822026], [-0.09764583576487748, 51.523415245856604], [-0.09764958101160971, 51.52332538117529], [-0.09779363664913204, 51.52332771743804], [-0.09779738159322164, 51.523237852747656]]]}, "properties": {"NoiseClass": "60.0-64.9"}}, {"type": "Feature", "geometry": {"type": "Polygon", "coordinates": [[[-0.09908639584567344, 51.523438600602596], [-0.09908265341186671, 51.523528465357046], [-0.098938597033227, 51.52352613067061], [-0.09894233975026802, 51.52343626592362], [-0.09908639584567344, 51.523438600602596]]]}, "properties": {"NoiseClass": "60.0-64.9"}}, {"type": "Feature", "geometry": {"type": "Polygon", "coordinates": [[[-0.09750177986356574, 51.52341290940957], [-0.09749803431418806, 51.52350277408183], [-0.09735397814902781, 51.52350043745052], [-0.09735772398163903, 51.52341057278574], [-0.09750177986356574, 51.52341290940957]]]}, "properties": {"NoiseClass": "60.0-64.9"}}, {"type": "Feature", "geometry": {"type": "Polygon", "coordinates": [[[-0.09835862784335854, 51.52360665487231], [-0.09850268442759312, 51.52360899027346], [-0.09849894082204075, 51.52369885499488], [-0.09835488395456872, 51.52369651958627], [-0.09835862784335854, 51.52360665487231]]]}, "properties": {"NoiseClass": "60.0-64.9"}}, {"type": "Feature", "geometry": {"type": "Polygon", "coordinates": [[[-0.08684546362793064, 51.523149657577434], [-0.08698951780542001, 51.52315200710045], [-0.0871335720024, 51.52315435644665], [-0.08712980608011123, 51.523244220580736], [-0.08698575159990925, 51.523241871227015], [-0.08697821913032282, 51.523421599475434], [-0.08697445286624715, 51.52351146359729], [-0.08683039755586228, 51.52350911404421], [-0.08684546362793064, 51.523149657577434]]]}, "properties": {"NoiseClass": "60.0-64.9"}}, {"type": "Feature", "geometry": {"type": "Polygon", "coordinates": [[[-0.09951856424824539, 51.52344560357866], [-0.09951482266414197, 51.523535468355526], [-0.0996588791203695, 51.52353780233474], [-0.09965513780010793, 51.5236276671175], [-0.09951108106064448, 51.52362533313082], [-0.09950733943775297, 51.52371519790454], [-0.09965139646045428, 51.52371753189868], [-0.09964765510140777, 51.52380739667827], [-0.09935954050892147, 51.52380272849824], [-0.09936702434057555, 51.52362299896735], [-0.09922296763993761, 51.52362066462704], [-0.09922670980990726, 51.5235307998667], [-0.0993707662273093, 51.52353313419951], [-0.09937450809464701, 51.52344326943011], [-0.09951856424824539, 51.52344560357866]]]}, "properties": {"NoiseClass": "60.0-64.9"}}, {"type": "Feature", "geometry": {"type": "Polygon", "coordinates": [[[-0.0970621194584923, 51.523585628305725], [-0.09705837302057704, 51.523675492952385], [-0.0970546265632435, 51.52376535759747], [-0.09691056960663014, 51.52376302041331], [-0.09691806306835112, 51.52358329113652], [-0.0970621194584923, 51.523585628305725]]]}, "properties": {"NoiseClass": "60.0-64.9"}}, {"type": "Feature", "geometry": {"type": "Polygon", "coordinates": [[[-0.09820708291503763, 51.523784048705735], [-0.09835114004637331, 51.52378638429861], [-0.09834739611877116, 51.52387624900942], [-0.09820333870419637, 51.52387391340904], [-0.09820708291503763, 51.523784048705735]]]}, "properties": {"NoiseClass": "60.0-64.9"}}, {"type": "Feature", "geometry": {"type": "Polygon", "coordinates": [[[-0.0966224557516988, 51.52375834551455], [-0.0966262030587428, 51.52366848089191], [-0.09677025969324433, 51.523670818422204], [-0.09676651266943703, 51.52376068305233], [-0.09676276562620661, 51.523850547680894], [-0.09661870842523014, 51.52384821013563], [-0.0966224557516988, 51.52375834551455]]]}, "properties": {"NoiseClass": "60.0-64.9"}}, {"type": "Feature", "geometry": {"type": "Polygon", "coordinates": [[[-0.09633059408148477, 51.52384353451466], [-0.0963343419744288, 51.523753669908565], [-0.09633808984794578, 51.52366380530088], [-0.09648214644363097, 51.52366614318479], [-0.09647839885335067, 51.523756007799946], [-0.09647465124364371, 51.52384587241355], [-0.09647090361451209, 51.523935737025575], [-0.09632684616911327, 51.523933399119215], [-0.09633059408148477, 51.52384353451466]]]}, "properties": {"NoiseClass": "60.0-64.9"}}, {"type": "Feature", "geometry": {"type": "Polygon", "coordinates": [[[-0.0992154832418066, 51.523800394142995], [-0.09935954050892147, 51.52380272849824], [-0.09935579856400036, 51.523892593261316], [-0.09934831461596921, 51.52407232278275], [-0.09920425649912872, 51.5240699884051], [-0.0992154832418066, 51.523800394142995]]]}, "properties": {"NoiseClass": "60.0-64.9"}}, {"type": "Feature", "geometry": {"type": "Polygon", "coordinates": [[[-0.096038731336631, 51.523928722776056], [-0.09604247981548025, 51.523838858186494], [-0.09618653693878428, 51.52384119643898], [-0.09618278874317371, 51.523931061036045], [-0.0961790405281353, 51.524020925631504], [-0.09603498283835232, 51.524018587364054], [-0.096038731336631, 51.523928722776056]]]}, "properties": {"NoiseClass": "60.0-64.9"}}, {"type": "Feature", "geometry": {"type": "Polygon", "coordinates": [[[-0.086819097796816, 51.523778706377655], [-0.08667504165629794, 51.523776356625234], [-0.08667880854540082, 51.52368649252318], [-0.08682286440268851, 51.523688842268086], [-0.086826630989037, 51.52359897815694], [-0.08711474219575366, 51.52360367710132], [-0.08710344407752134, 51.52387326947513], [-0.08695938761472526, 51.523870920068774], [-0.0869631539568887, 51.523781055953286], [-0.086819097796816, 51.523778706377655]]]}, "properties": {"NoiseClass": "60.0-64.9"}}, {"type": "Feature", "geometry": {"type": "Polygon", "coordinates": [[[-0.09934831461596921, 51.52407232278275], [-0.09949237275224186, 51.524074656983565], [-0.09948863103237686, 51.52416452174938], [-0.09934457261285994, 51.52416218754109], [-0.09934831461596921, 51.52407232278275]]]}, "properties": {"NoiseClass": "60.0-64.9"}}, {"type": "Feature", "geometry": {"type": "Polygon", "coordinates": [[[-0.09834739611877116, 51.52387624900942], [-0.09849145355272093, 51.523878584432964], [-0.09863551100610968, 51.52388091967971], [-0.09863176762558366, 51.52397078440386], [-0.09877582538161471, 51.52397311948128], [-0.09877208226492853, 51.52406298421132], [-0.09891614032357325, 51.52406531911939], [-0.09891239747072889, 51.52415518385532], [-0.09876833912883995, 51.52415284893977], [-0.09862428080632117, 51.52415051384743], [-0.09862802422565443, 51.52406064912643], [-0.09848396620578193, 51.52405831386474], [-0.09848770988895385, 51.523968449149656], [-0.098343652171763, 51.52396611371861], [-0.09834739611877116, 51.52387624900942]]]}, "properties": {"NoiseClass": "60.0-64.9"}}, {"type": "Feature", "geometry": {"type": "Polygon", "coordinates": [[[-0.09704338707472471, 51.52403495152325], [-0.09704713359031633, 51.523945086882925], [-0.0971911911327976, 51.523947423905234], [-0.09719493734573104, 51.52385755925582], [-0.09733899462442094, 51.523859896093846], [-0.0974830519225272, 51.523862232755086], [-0.09747930627607505, 51.523952097419425], [-0.09733524869472777, 51.52394976075075], [-0.09733150274561866, 51.52403962540604], [-0.09718744490044703, 51.52403728855305], [-0.09718369864867733, 51.524127153199295], [-0.09703964053971158, 51.52412481616203], [-0.09704338707472471, 51.52403495152325]]]}, "properties": {"NoiseClass": "60.0-64.9"}}, {"type": "Feature", "geometry": {"type": "Polygon", "coordinates": [[[-0.09589092516799719, 51.52401624891977], [-0.09603498283835232, 51.524018587364054], [-0.09603123432064264, 51.52410845195046], [-0.09588717636704562, 51.52410611349869], [-0.09589092516799719, 51.52401624891977]]]}, "properties": {"NoiseClass": "60.0-64.9"}}, {"type": "Feature", "geometry": {"type": "Polygon", "coordinates": [[[-0.09545500262288778, 51.52409909708258], [-0.0954587522735633, 51.524009232526105], [-0.09531469468094306, 51.52400689337459], [-0.09531844459542266, 51.52391702882404], [-0.09560655923361688, 51.52392170693527], [-0.0957506165818685, 51.52392404572568], [-0.0957468675171089, 51.52401391029871], [-0.09560280988561783, 51.5240115715008], [-0.09559906051818293, 51.52410143606476], [-0.09559531113131427, 51.52419130062715], [-0.09545125295277487, 51.52418896163748], [-0.09545500262288778, 51.52409909708258]]]}, "properties": {"NoiseClass": "60.0-64.9"}}, {"type": "Feature", "geometry": {"type": "Polygon", "coordinates": [[[-0.09473096235171553, 51.524177264036986], [-0.09458690428981564, 51.52417492398647], [-0.09459065565938288, 51.52408505947649], [-0.09473471343804053, 51.52408739951954], [-0.09473096235171553, 51.524177264036986]]]}, "properties": {"NoiseClass": "60.0-64.9"}}, {"type": "Feature", "geometry": {"type": "Polygon", "coordinates": [[[-0.08709967799906862, 51.523963133596574], [-0.08724373476465004, 51.523965482833624], [-0.0872399689499108, 51.524055346960985], [-0.08709591190109463, 51.524052997716424], [-0.08709967799906862, 51.523963133596574]]]}, "properties": {"NoiseClass": "60.0-64.9"}}, {"type": "Feature", "geometry": {"type": "Polygon", "coordinates": [[[-0.09473096235171553, 51.524177264036986], [-0.09516313665403965, 51.52418428312771], [-0.0951668868906371, 51.5240944185878], [-0.09531094474702566, 51.5240967579236], [-0.09530719479367089, 51.524186622471], [-0.09530344482087914, 51.524276487016834], [-0.09472721124594802, 51.52426712855288], [-0.09473096235171553, 51.524177264036986]]]}, "properties": {"NoiseClass": "60.0-64.9"}}, {"type": "Feature", "geometry": {"type": "Polygon", "coordinates": [[[-0.0876646102248321, 51.52424212192893], [-0.08767214021344269, 51.52406239363386], [-0.08767590517847462, 51.52397252948393], [-0.08781996202212515, 51.52397487801375], [-0.08784631424832373, 51.523345828867384], [-0.08770225938728156, 51.52334348039019], [-0.08770978898559605, 51.52316375206343], [-0.08799789759426715, 51.52316844881101], [-0.08800166179771106, 51.52307858463025], [-0.0881457158481083, 51.52308093273132], [-0.08813442402891182, 51.523350525291434], [-0.08827847894848913, 51.523352873238245], [-0.08825966027577284, 51.52380219417769], [-0.08811560394005138, 51.52379984619333], [-0.08811183986374857, 51.52388971036892], [-0.08810807576793522, 51.523979574542984], [-0.08796401888525805, 51.52397722636678], [-0.0879602544866979, 51.524067090531716], [-0.08781619734032915, 51.524064742171184], [-0.08780490317785607, 51.52433433463399], [-0.08766084520125353, 51.52433198607412], [-0.0876646102248321, 51.52424212192893]]]}, "properties": {"NoiseClass": "60.0-64.9"}}, {"type": "Feature", "geometry": {"type": "Polygon", "coordinates": [[[-0.10230538271833689, 51.511890341041294], [-0.10244940267610696, 51.511892671222185], [-0.10245687116120988, 51.51171294100236], [-0.10260089057227387, 51.511715270991594], [-0.10260462450275408, 51.51162540587185], [-0.1027486436501213, 51.5116277356769], [-0.1027449100026854, 51.5117176008041], [-0.10288892945244535, 51.511719930439874], [-0.10288519606870661, 51.51180979557292], [-0.10302921582082981, 51.51181212503941], [-0.1030254827007898, 51.51190199017836], [-0.10345754292243121, 51.51190897753976], [-0.1034538106321913, 51.51199884269948], [-0.102301648163709, 51.511980206141395], [-0.10230538271833689, 51.511890341041294]]]}, "properties": {"NoiseClass": "65.0-69.9"}}, {"type": "Feature", "geometry": {"type": "Polygon", "coordinates": [[[-0.10460970436442656, 51.511927602727184], [-0.10460224429341156, 51.512107333164224], [-0.10445822347938276, 51.51210500561947], [-0.10446568411649952, 51.511925275197335], [-0.10460970436442656, 51.511927602727184]]]}, "properties": {"NoiseClass": "65.0-69.9"}}, {"type": "Feature", "geometry": {"type": "Polygon", "coordinates": [[[-0.08558789710728744, 51.51188843344132], [-0.08559166453363533, 51.51179856921303], [-0.08573568280273938, 51.51180091990981], [-0.08574321703079825, 51.51162119143342], [-0.085599199327761, 51.511618840751666], [-0.085610501372525, 51.511349248047765], [-0.08589853509991117, 51.511353949189406], [-0.08589476833723596, 51.511443813440664], [-0.0857507511807697, 51.51144146295069], [-0.0857469841155452, 51.51153132719283], [-0.08589100155504147, 51.51153367769032], [-0.08588723475332534, 51.51162354193841], [-0.08617527025700576, 51.511628242418254], [-0.08617150400183518, 51.51171810667981], [-0.08602748595720171, 51.51171575652074], [-0.08602371939948025, 51.511805620773174], [-0.08587970109133446, 51.51180327042984], [-0.08587593423105734, 51.511893134673194], [-0.08573191565942746, 51.51189078414562], [-0.08572814849659227, 51.51198064837986], [-0.08558412966141547, 51.51197829766805], [-0.08558789710728744, 51.51188843344132]]]}, "properties": {"NoiseClass": "65.0-69.9"}}, {"type": "Feature", "geometry": {"type": "Polygon", "coordinates": [[[-0.08472378620456006, 51.51187432550418], [-0.08486780463953551, 51.51187667726886], [-0.08487911110551438, 51.51160708469206], [-0.08488287988844591, 51.511517220496614], [-0.08502689721079028, 51.51151957205446], [-0.0850231287108888, 51.51160943625743], [-0.08516714633582467, 51.51161178764608], [-0.08516337809942601, 51.51170165185498], [-0.08501936019145855, 51.51169930045881], [-0.08500805451599164, 51.51196889305346], [-0.08472001706046899, 51.51196418968578], [-0.08472378620456006, 51.51187432550418]]]}, "properties": {"NoiseClass": "65.0-69.9"}}, {"type": "Feature", "geometry": {"type": "Polygon", "coordinates": [[[-0.10359036695541718, 51.512180901803525], [-0.10358663489020548, 51.51227076696597], [-0.1031545712139191, 51.512263780045345], [-0.10315083828020218, 51.512353645183815], [-0.1030068168103967, 51.51235131584935], [-0.10301428322459338, 51.5121715855857], [-0.10359036695541718, 51.512180901803525]]]}, "properties": {"NoiseClass": "65.0-69.9"}}, {"type": "Feature", "geometry": {"type": "Polygon", "coordinates": [[[-0.1037269243528309, 51.512362960754324], [-0.10373438793648625, 51.51218323041614], [-0.10359036695541718, 51.512180901803525], [-0.10359409900128846, 51.51209103663951], [-0.10388214041662906, 51.51209569367312], [-0.10387840893686234, 51.51218555885203], [-0.10402242995660786, 51.51218788711116], [-0.10401123625044736, 51.51245748266076], [-0.10386721438153584, 51.51245515437925], [-0.1038709459193163, 51.512365289205086], [-0.1037269243528309, 51.512362960754324]]]}, "properties": {"NoiseClass": "65.0-69.9"}}, {"type": "Feature", "geometry": {"type": "Polygon", "coordinates": [[[-0.10444330197316638, 51.51246446644479], [-0.10458732391941616, 51.51246679401933], [-0.10458359377759038, 51.51255665922914], [-0.10443957154828237, 51.51255433164716], [-0.10444330197316638, 51.51246446644479]]]}, "properties": {"NoiseClass": "65.0-69.9"}}, {"type": "Feature", "geometry": {"type": "Polygon", "coordinates": [[[-0.10185464574865344, 51.51233267481106], [-0.10185838122985623, 51.512242809739654], [-0.10186585213418893, 51.51206307959211], [-0.10172183168771302, 51.51206074868937], [-0.10172556739389042, 51.5119708836207], [-0.10186958755731765, 51.511973214515976], [-0.10187705834550206, 51.51179348435894], [-0.10188079371055746, 51.511703619278066], [-0.10202481304420326, 51.51170594997425], [-0.10202107796219262, 51.51179581506256], [-0.10216509759820963, 51.511798145589474], [-0.10216883239717521, 51.511708280493686], [-0.10231285176953164, 51.51171061083639], [-0.10230538271833689, 51.511890341041294], [-0.10216136277988895, 51.51188801068367], [-0.10215762794221282, 51.511977875776324], [-0.1020136077401024, 51.51197554523452], [-0.10200240226179304, 51.51224514048057], [-0.10214642331305629, 51.51224747104474], [-0.10213521850970045, 51.51251706629895], [-0.10199119660927201, 51.5125147357124], [-0.10199866706364326, 51.51233500555941], [-0.10185464574865344, 51.51233267481106]]]}, "properties": {"NoiseClass": "65.0-69.9"}}, {"type": "Feature", "geometry": {"type": "Polygon", "coordinates": [[[-0.08544387857466906, 51.5118860825603], [-0.0854288075418831, 51.51224553942758], [-0.08528478789666988, 51.51224318833973], [-0.08529986006161251, 51.51188373150253], [-0.08544387857466906, 51.5118860825603]]]}, "properties": {"NoiseClass": "65.0-69.9"}}, {"type": "Feature", "geometry": {"type": "Polygon", "coordinates": [[[-0.10386348282441733, 51.512545019551844], [-0.10400750497638704, 51.51254734784079], [-0.10400377368299077, 51.51263721301924], [-0.1038597512479612, 51.51263488472286], [-0.10386348282441733, 51.512545019551844]]]}, "properties": {"NoiseClass": "65.0-69.9"}}, {"type": "Feature", "geometry": {"type": "Polygon", "coordinates": [[[-0.10213521850970045, 51.51251706629895], [-0.10227924042951465, 51.51251939670876], [-0.10227550573941001, 51.51260926179776], [-0.1021314835365376, 51.51260693138052], [-0.10213521850970045, 51.51251706629895]]]}, "properties": {"NoiseClass": "65.0-69.9"}}, {"type": "Feature", "geometry": {"type": "Polygon", "coordinates": [[[-0.10443584110406594, 51.51264419684795], [-0.10457986361643493, 51.512646524437386], [-0.10457613343594703, 51.51273638964407], [-0.10457240323612822, 51.51282625484916], [-0.10442838015763521, 51.512823927244824], [-0.10443584110406594, 51.51264419684795]]]}, "properties": {"NoiseClass": "65.0-69.9"}}, {"type": "Feature", "geometry": {"type": "Polygon", "coordinates": [[[-0.08513323150522936, 51.512420565469206], [-0.08512946309307581, 51.51251042966385], [-0.08498544263775344, 51.51250807819998], [-0.08498921133295254, 51.51241821401285], [-0.08513323150522936, 51.512420565469206]]]}, "properties": {"NoiseClass": "65.0-69.9"}}, {"type": "Feature", "geometry": {"type": "Polygon", "coordinates": [[[-0.08483765320421863, 51.51259559073736], [-0.0849816739230251, 51.51259794238551], [-0.08497790518876558, 51.51268780656948], [-0.0848338841869108, 51.51268545491382], [-0.08483765320421863, 51.51259559073736]]]}, "properties": {"NoiseClass": "65.0-69.9"}}, {"type": "Feature", "geometry": {"type": "Polygon", "coordinates": [[[-0.10384482474875076, 51.51299434539109], [-0.1039888483160335, 51.512996673717275], [-0.1039813855165312, 51.513176404056814], [-0.10383736138311257, 51.51317407571573], [-0.10384482474875076, 51.51299434539109]]]}, "properties": {"NoiseClass": "65.0-69.9"}}, {"type": "Feature", "geometry": {"type": "Polygon", "coordinates": [[[-0.10442464965542056, 51.51291379244088], [-0.10456867301697893, 51.512916120052644], [-0.1045649427784972, 51.51300598525458], [-0.10455375194706387, 51.513275580850895], [-0.104409727453232, 51.51327325320934], [-0.10442464965542056, 51.51291379244088]]]}, "properties": {"NoiseClass": "65.0-69.9"}}, {"type": "Feature", "geometry": {"type": "Polygon", "coordinates": [[[-0.10368587325992791, 51.513351477501324], [-0.10368960527416604, 51.513261612350405], [-0.10383362967128423, 51.51326394087568], [-0.10382243441976463, 51.51353353634605], [-0.10367840917342803, 51.51353120779844], [-0.10368587325992791, 51.513351477501324]]]}, "properties": {"NoiseClass": "65.0-69.9"}}, {"type": "Feature", "geometry": {"type": "Polygon", "coordinates": [[[-0.10469031637539294, 51.51345763872024], [-0.10483434147403285, 51.5134599660232], [-0.10483061168571009, 51.513549831230556], [-0.10482688187805847, 51.51363969643634], [-0.10468285621326627, 51.51363736911846], [-0.10469031637539294, 51.51345763872024]]]}, "properties": {"NoiseClass": "65.0-69.9"}}, {"type": "Feature", "geometry": {"type": "Polygon", "coordinates": [[[-0.10396272817936274, 51.513625729878015], [-0.10410675374748614, 51.513628058079604], [-0.10410302250511591, 51.51371792324655], [-0.10395899665391439, 51.51371559503752], [-0.10396272817936274, 51.513625729878015]]]}, "properties": {"NoiseClass": "65.0-69.9"}}, {"type": "Feature", "geometry": {"type": "Polygon", "coordinates": [[[-0.10367094500956374, 51.51371093808921], [-0.10381497082205333, 51.51371326665174], [-0.10381123899418769, 51.51380313180222], [-0.10366721289861995, 51.51380080323224], [-0.10367094500956374, 51.51371093808921]]]}, "properties": {"NoiseClass": "65.0-69.9"}}, {"type": "Feature", "geometry": {"type": "Polygon", "coordinates": [[[-0.1037925795647562, 51.514252457530894], [-0.10393660709511168, 51.514254785961384], [-0.10394407035873547, 51.51407505565973], [-0.10380004339455087, 51.51407272724416], [-0.10380750714698234, 51.513892996951114], [-0.10395153354500278, 51.51389532535179], [-0.10394780196153877, 51.513985190506546], [-0.1040918286619813, 51.51398751873791], [-0.1040769032670771, 51.514346979370984], [-0.10393287543429193, 51.51434465110981], [-0.10378884762084918, 51.51434232267189], [-0.1037925795647562, 51.514252457530894]]]}, "properties": {"NoiseClass": "65.0-69.9"}}, {"type": "Feature", "geometry": {"type": "Polygon", "coordinates": [[[-0.10479704272096863, 51.51435861802559], [-0.10481196245415461, 51.513999157243575], [-0.1049559892706, 51.51400148441447], [-0.1049522596493828, 51.51409134961979], [-0.10493734097122626, 51.514450810425274], [-0.10479331273934545, 51.514448483217166], [-0.10479704272096863, 51.51435861802559]]]}, "properties": {"NoiseClass": "65.0-69.9"}}, {"type": "Feature", "geometry": {"type": "Polygon", "coordinates": [[[-0.10392541205463315, 51.51452438140197], [-0.10406944045359795, 51.51452670967804], [-0.10406570901785057, 51.5146165748292], [-0.10392168033579377, 51.514614246545676], [-0.10392541205463315, 51.51452438140197]]]}, "properties": {"NoiseClass": "65.0-69.9"}}, {"type": "Feature", "geometry": {"type": "Polygon", "coordinates": [[[-0.10493361125336421, 51.51454067562268], [-0.10492988151617286, 51.514630540818544], [-0.10507391033353398, 51.51463286786479], [-0.10507018086010733, 51.5147227330665], [-0.10492615175965139, 51.51472040601279], [-0.10478212267849259, 51.51471807878234], [-0.10478958273839296, 51.51453834840712], [-0.10493361125336421, 51.51454067562268]]]}, "properties": {"NoiseClass": "65.0-69.9"}}, {"type": "Feature", "geometry": {"type": "Polygon", "coordinates": [[[-0.10406570901785057, 51.5146165748292], [-0.1042097377192109, 51.51461890293597], [-0.10420600654721905, 51.514708768093], [-0.10406197756276515, 51.514706439978774], [-0.10406570901785057, 51.5146165748292]]]}, "properties": {"NoiseClass": "65.0-69.9"}}, {"type": "Feature", "geometry": {"type": "Polygon", "coordinates": [[[-0.10491869218862108, 51.51490013639657], [-0.10492242198380067, 51.51481027120548], [-0.10506645136735179, 51.51481259826663], [-0.10506272185527019, 51.514902463465155], [-0.10505899232385767, 51.51499232866214], [-0.10491496237411059, 51.51499000158609], [-0.10491869218862108, 51.51490013639657]]]}, "properties": {"NoiseClass": "65.0-69.9"}}, {"type": "Feature", "geometry": {"type": "Polygon", "coordinates": [[[-0.09785377483788175, 51.514965623159036], [-0.09785751854347789, 51.51487575833661], [-0.09843363466337308, 51.51488510022396], [-0.09842989209015336, 51.51497496507628], [-0.09857392145169265, 51.51497730011369], [-0.09871795083265665, 51.51497963497437], [-0.09871420880623247, 51.51506949984004], [-0.09828211987226812, 51.51506249470535], [-0.09828586274797992, 51.51497262986208], [-0.09785377483788175, 51.514965623159036]]]}, "properties": {"NoiseClass": "65.0-69.9"}}, {"type": "Feature", "geometry": {"type": "Polygon", "coordinates": [[[-0.09684557039344721, 51.51494926799891], [-0.09698959954158003, 51.5149516049806], [-0.09698585411801267, 51.51504146975661], [-0.09712988356861728, 51.51504380656905], [-0.09713737383015363, 51.51486407700052], [-0.09756946059992025, 51.51487108633243], [-0.09756571632813689, 51.5149609511399], [-0.09770974557330728, 51.51496328723784], [-0.09770600156521395, 51.51505315205122], [-0.0972739130386637, 51.51504614320471], [-0.09727016816187715, 51.515136007994094], [-0.0968380789607105, 51.515128997534354], [-0.09684557039344721, 51.51494926799891]]]}, "properties": {"NoiseClass": "65.0-69.9"}}, {"type": "Feature", "geometry": {"type": "Polygon", "coordinates": [[[-0.09914255671821241, 51.51516636827046], [-0.09928658674290337, 51.515168702439055], [-0.09928284581008893, 51.515258567331465], [-0.09913881550229839, 51.5152562331554], [-0.09914255671821241, 51.51516636827046]]]}, "properties": {"NoiseClass": "65.0-69.9"}}, {"type": "Feature", "geometry": {"type": "Polygon", "coordinates": [[[-0.09928284581008893, 51.515258567331465], [-0.09942687613729863, 51.51526090133078], [-0.09942313546819838, 51.51535076622904], [-0.09927910485788755, 51.51534843222225], [-0.09928284581008893, 51.515258567331465]]]}, "properties": {"NoiseClass": "65.0-69.9"}}, {"type": "Feature", "geometry": {"type": "Polygon", "coordinates": [[[-0.1050403443768681, 51.515441654623295], [-0.105184375761494, 51.51544398155979], [-0.10518064639721604, 51.51553384675474], [-0.1048925830811104, 51.515529192690096], [-0.10489631301160413, 51.51543932751001], [-0.1050403443768681, 51.515441654623295]]]}, "properties": {"NoiseClass": "65.0-69.9"}}, {"type": "Feature", "geometry": {"type": "Polygon", "coordinates": [[[-0.09942313546819838, 51.51535076622904], [-0.10014328881049245, 51.515362433611564], [-0.10013954953751984, 51.51545229854561], [-0.09999551854718752, 51.515449965415165], [-0.09999177897173202, 51.51553983034012], [-0.09984774771767514, 51.51553749702544], [-0.09985148757623541, 51.51544763210793], [-0.09941939477971089, 51.515440631125756], [-0.09942313546819838, 51.51535076622904]]]}, "properties": {"NoiseClass": "65.0-69.9"}}, {"type": "Feature", "geometry": {"type": "Polygon", "coordinates": [[[-0.10546870979063451, 51.51553850011238], [-0.10561274151634661, 51.515540826526035], [-0.1056052844284698, 51.51572055695583], [-0.10531721986395913, 51.51571590392195], [-0.10532094898378178, 51.515626038722715], [-0.10546498097324866, 51.5156283653206], [-0.10546870979063451, 51.51553850011238]]]}, "properties": {"NoiseClass": "65.0-69.9"}}, {"type": "Feature", "geometry": {"type": "Polygon", "coordinates": [[[-0.10027984153795053, 51.515544496439226], [-0.10028358054719698, 51.51545463149933], [-0.10042761157628727, 51.51545696427627], [-0.10042013410462727, 51.51563669416944], [-0.10027610250932553, 51.51563436137757], [-0.10027984153795053, 51.515544496439226]]]}, "properties": {"NoiseClass": "65.0-69.9"}}, {"type": "Feature", "geometry": {"type": "Polygon", "coordinates": [[[-0.1043089944969949, 51.51569961273544], [-0.10445302663428489, 51.515701940578076], [-0.10444929579646328, 51.51579180573105], [-0.10430526337606219, 51.51578947788097], [-0.1043089944969949, 51.51569961273544]]]}, "properties": {"NoiseClass": "65.0-69.9"}}, {"type": "Feature", "geometry": {"type": "Polygon", "coordinates": [[[-0.10042013410462727, 51.51563669416944], [-0.10085222900675031, 51.51564369148451], [-0.10099626067954812, 51.51564602356935], [-0.10099252304708528, 51.515735888543425], [-0.10041639533973239, 51.515726559113645], [-0.10042013410462727, 51.51563669416944]]]}, "properties": {"NoiseClass": "65.0-69.9"}}, {"type": "Feature", "geometry": {"type": "Polygon", "coordinates": [[[-0.09667531892873908, 51.515575984134564], [-0.09681935003914897, 51.51557832134535], [-0.09681560419659754, 51.51566818610283], [-0.0966715728030825, 51.51566584888454], [-0.09667531892873908, 51.515575984134564]]]}, "properties": {"NoiseClass": "65.0-69.9"}}, {"type": "Feature", "geometry": {"type": "Polygon", "coordinates": [[[-0.10516945818841562, 51.51580344233006], [-0.10531349072480918, 51.51580576911961], [-0.10530976156633272, 51.515895634315676], [-0.10516572874682528, 51.51589330751871], [-0.10516945818841562, 51.51580344233006]]]}, "properties": {"NoiseClass": "65.0-69.9"}}, {"type": "Feature", "geometry": {"type": "Polygon", "coordinates": [[[-0.1014246190309916, 51.515742883759785], [-0.10156865106434049, 51.51574521514505], [-0.10171268311708585, 51.51574754635357], [-0.1017089468808039, 51.51583741136336], [-0.10142088222848868, 51.515832748754676], [-0.1014246190309916, 51.515742883759785]]]}, "properties": {"NoiseClass": "65.0-69.9"}}, {"type": "Feature", "geometry": {"type": "Polygon", "coordinates": [[[-0.10444556493930557, 51.51588167088245], [-0.10458959766212433, 51.515883998563226], [-0.10458586706874647, 51.51597386372047], [-0.10444183406281382, 51.51597153603225], [-0.10444556493930557, 51.51588167088245]]]}, "properties": {"NoiseClass": "65.0-69.9"}}, {"type": "Feature", "geometry": {"type": "Polygon", "coordinates": [[[-0.1017089468808039, 51.51583741136336], [-0.10185297923602304, 51.51583974240258], [-0.1018492432634899, 51.51592960741824], [-0.10170521062515889, 51.51592727637156], [-0.1017089468808039, 51.51583741136336]]]}, "properties": {"NoiseClass": "65.0-69.9"}}, {"type": "Feature", "geometry": {"type": "Polygon", "coordinates": [[[-0.10026114620104419, 51.5159938211151], [-0.10040517892878631, 51.51599615393682], [-0.10040144008638396, 51.51608601887473], [-0.10025740707552834, 51.516083686045526], [-0.10026114620104419, 51.5159938211151]]]}, "properties": {"NoiseClass": "65.0-69.9"}}, {"type": "Feature", "geometry": {"type": "Polygon", "coordinates": [[[-0.09969623614151768, 51.51571489334936], [-0.09969249594170068, 51.5158047582547], [-0.10012459225183581, 51.51581175826595], [-0.10012085288196639, 51.51590162319204], [-0.1001171134927164, 51.51599148811662], [-0.09997308080373499, 51.51598915494136], [-0.09997682047609728, 51.51589929002426], [-0.09911262644799977, 51.515885287305615], [-0.09910888507696855, 51.515975152177894], [-0.09896485252368772, 51.51597281776534], [-0.09896111085015372, 51.51606268262856], [-0.09881707803315107, 51.51606034803177], [-0.09883204574337656, 51.515700888599234], [-0.09969623614151768, 51.51571489334936]]]}, "properties": {"NoiseClass": "65.0-69.9"}}, {"type": "Feature", "geometry": {"type": "Polygon", "coordinates": [[[-0.1018492432634899, 51.51592960741824], [-0.10213730859820858, 51.51593426898129], [-0.10213357317254015, 51.516024134010294], [-0.1024216391509246, 51.516028794881215], [-0.10241416937397466, 51.51620852496428], [-0.10227013580885447, 51.51620619460229], [-0.10227387099012444, 51.516116329568995], [-0.10198580448422846, 51.51611166832963], [-0.10198954021237186, 51.51602180330968], [-0.10184550727159412, 51.51601947243232], [-0.1018492432634899, 51.51592960741824]]]}, "properties": {"NoiseClass": "65.0-69.9"}}, {"type": "Feature", "geometry": {"type": "Polygon", "coordinates": [[[-0.10112160543121992, 51.51609768036929], [-0.10126563855831523, 51.51610001213791], [-0.10140967170478042, 51.51610234372979], [-0.10140593482481128, 51.51619220871832], [-0.10111786798501866, 51.5161875453429], [-0.10112160543121992, 51.51609768036929]]]}, "properties": {"NoiseClass": "65.0-69.9"}}, {"type": "Feature", "geometry": {"type": "Polygon", "coordinates": [[[-0.10083727722823337, 51.516003151341465], [-0.10083353923517223, 51.51609301630175], [-0.10082980122273924, 51.516182881260434], [-0.10068576787064115, 51.516180548954054], [-0.10069324444236466, 51.51600081905001], [-0.10083727722823337, 51.516003151341465]]]}, "properties": {"NoiseClass": "65.0-69.9"}}, {"type": "Feature", "geometry": {"type": "Polygon", "coordinates": [[[-0.10443064131731834, 51.51624113147219], [-0.10443810316698406, 51.516061401180494], [-0.10458213645603336, 51.516063728876155], [-0.10457094450188727, 51.516333324333715], [-0.10442691036348084, 51.51633099661571], [-0.10443064131731834, 51.51624113147219]]]}, "properties": {"NoiseClass": "65.0-69.9"}}, {"type": "Feature", "geometry": {"type": "Polygon", "coordinates": [[[-0.10140593482481128, 51.51619220871832], [-0.10154996827372634, 51.51619454014088], [-0.10154623165750644, 51.516284405135316], [-0.1014021979254739, 51.516282073705284], [-0.10140593482481128, 51.51619220871832]]]}, "properties": {"NoiseClass": "65.0-69.9"}}, {"type": "Feature", "geometry": {"type": "Polygon", "coordinates": [[[-0.10241416937397466, 51.51620852496428], [-0.10255820295844999, 51.51621085514953], [-0.10270223656228125, 51.51621318515801], [-0.10284627018543624, 51.5162155149897], [-0.10284253611728213, 51.51630538005124], [-0.1028388020297749, 51.51639524511122], [-0.10269476784038066, 51.5163929152646], [-0.10269850221100815, 51.516303050212095], [-0.10241043445646464, 51.51629839000347], [-0.10241416937397466, 51.51620852496428]]]}, "properties": {"NoiseClass": "65.0-69.9"}}, {"type": "Feature", "geometry": {"type": "Polygon", "coordinates": [[[-0.10011337408408666, 51.516081353039596], [-0.10025740707552834, 51.516083686045526], [-0.10025366793063388, 51.51617355097437], [-0.10039770122460458, 51.516175883811016], [-0.10039396234344745, 51.51626574874575], [-0.10039022344291253, 51.51635561367894], [-0.10024618958270652, 51.51635328082735], [-0.1002499287663601, 51.51626341590166], [-0.1001058952086867, 51.51626108288076], [-0.10010963465607714, 51.51617121796094], [-0.09996560140086724, 51.51616888477078], [-0.09996934111199139, 51.51607901985687], [-0.10011337408408666, 51.516081353039596]]]}, "properties": {"NoiseClass": "65.0-69.9"}}, {"type": "Feature", "geometry": {"type": "Polygon", "coordinates": [[[-0.09752827254300776, 51.51585959912779], [-0.09750954992271645, 51.51630892306247], [-0.09736551645040323, 51.516306586675654], [-0.09737300612296954, 51.516126857121456], [-0.09722897323626305, 51.51612452057284], [-0.09723646339741884, 51.5159447910273], [-0.09738049571790193, 51.51594712756096], [-0.09738424048625677, 51.51585726277835], [-0.09752827254300776, 51.51585959912779]]]}, "properties": {"NoiseClass": "65.0-69.9"}}, {"type": "Feature", "geometry": {"type": "Polygon", "coordinates": [[[-0.10298283623855252, 51.516397574781074], [-0.10312687046668008, 51.51639990427416], [-0.10312313692606541, 51.51648976934743], [-0.10297910241481557, 51.516487439846884], [-0.10298283623855252, 51.516397574781074]]]}, "properties": {"NoiseClass": "65.0-69.9"}}, {"type": "Feature", "geometry": {"type": "Polygon", "coordinates": [[[-0.09881707803315107, 51.51606034803177], [-0.09880585204685295, 51.51632994258958], [-0.09880211001263316, 51.516419807439], [-0.09865807608259416, 51.51641747263556], [-0.09867304523557552, 51.51605801325821], [-0.09881707803315107, 51.51606034803177]]]}, "properties": {"NoiseClass": "65.0-69.9"}}, {"type": "Feature", "geometry": {"type": "Polygon", "coordinates": [[[-0.09665284188357985, 51.51611517261072], [-0.09679687469263847, 51.516117509866376], [-0.09678563675729657, 51.51638710410554], [-0.09664160309889312, 51.51638476682744], [-0.09665284188357985, 51.51611517261072]]]}, "properties": {"NoiseClass": "65.0-69.9"}}, {"type": "Feature", "geometry": {"type": "Polygon", "coordinates": [[[-0.10514708124894591, 51.51634263343811], [-0.10529111548404418, 51.516344960272306], [-0.10528365691583602, 51.51652469064392], [-0.10527992760273919, 51.516614555827346], [-0.10513589251826871, 51.516612228970814], [-0.10514708124894591, 51.51634263343811]]]}, "properties": {"NoiseClass": "65.0-69.9"}}, {"type": "Feature", "geometry": {"type": "Polygon", "coordinates": [[[-0.10455975237372554, 51.516602919777064], [-0.10456348310244817, 51.516513054630856], [-0.1047075178264669, 51.51651538218698], [-0.1047000569159376, 51.51669511249273], [-0.10455602162566768, 51.516692784921695], [-0.10455975237372554, 51.516602919777064]]]}, "properties": {"NoiseClass": "65.0-69.9"}}, {"type": "Feature", "geometry": {"type": "Polygon", "coordinates": [[[-0.10369554273701966, 51.516588950683484], [-0.10383957762812838, 51.516591279307654], [-0.10383584546443994, 51.51668114441504], [-0.10369181029020538, 51.516678815783415], [-0.10369554273701966, 51.516588950683484]]]}, "properties": {"NoiseClass": "65.0-69.9"}}, {"type": "Feature", "geometry": {"type": "Polygon", "coordinates": [[[-0.10153875836697104, 51.51646413511943], [-0.10154249502192148, 51.51637427012816], [-0.10168652905647152, 51.516376601388906], [-0.10197459718363258, 51.51638126338005], [-0.10197086137804486, 51.516471128393675], [-0.10225893014889274, 51.51647578969269], [-0.10225145961212452, 51.51665551974508], [-0.10196338970878258, 51.51665085841624], [-0.10196712555309406, 51.516560993405754], [-0.10182309091360363, 51.51655866248365], [-0.10182682702167666, 51.516468797479014], [-0.10153875836697104, 51.51646413511943]]]}, "properties": {"NoiseClass": "65.0-69.9"}}, {"type": "Feature", "geometry": {"type": "Polygon", "coordinates": [[[-0.10426795110316661, 51.516688129249346], [-0.10427168241747761, 51.5165982641196], [-0.10441571738594886, 51.51660059203672], [-0.10440825530424432, 51.51678032230948], [-0.10469632643167309, 51.5167849776432], [-0.10469259592807328, 51.516874842792106], [-0.1042604884165308, 51.51686785950403], [-0.10426795110316661, 51.516688129249346]]]}, "properties": {"NoiseClass": "65.0-69.9"}}, {"type": "Feature", "geometry": {"type": "Polygon", "coordinates": [[[-0.08654799692999739, 51.51649031073919], [-0.08669203007508373, 51.516492660413014], [-0.08668826418133802, 51.51658252462667], [-0.08654423075313857, 51.51658017494532], [-0.08654799692999739, 51.51649031073919]]]}, "properties": {"NoiseClass": "65.0-69.9"}}, {"type": "Feature", "geometry": {"type": "Polygon", "coordinates": [[[-0.08553976546109443, 51.51647385807319], [-0.08568379846948661, 51.51647620898432], [-0.08568003059395359, 51.51656607314534], [-0.08553599730244948, 51.516563722226685], [-0.08553976546109443, 51.51647385807319]]]}, "properties": {"NoiseClass": "65.0-69.9"}}, {"type": "Feature", "geometry": {"type": "Polygon", "coordinates": [[[-0.10253579486176534, 51.51675004540558], [-0.10239175957855591, 51.51674771517561], [-0.10239549459285187, 51.51665785014435], [-0.1023992295877911, 51.516567985111514], [-0.10254326430474976, 51.516570315326554], [-0.10253952959293512, 51.51666018036687], [-0.10282759965113838, 51.51666484028161], [-0.10282386548622101, 51.51675470533522], [-0.1031119361881199, 51.5167593645578], [-0.10310820257010372, 51.516849229624775], [-0.10339627391563018, 51.51685388815518], [-0.10339254084452243, 51.51694375323548], [-0.10310446893273685, 51.516939094690144], [-0.10281639709832406, 51.51693443543777], [-0.10282013130194971, 51.516844570387285], [-0.10267609569693124, 51.51684224050341], [-0.1026798301643307, 51.51675237545877], [-0.10253579486176534, 51.51675004540558]]]}, "properties": {"NoiseClass": "65.0-69.9"}}, {"type": "Feature", "geometry": {"type": "Polygon", "coordinates": [[[-0.09648258300938739, 51.516741888276194], [-0.09662661778082206, 51.51674422576097], [-0.09677065257170527, 51.51674656306897], [-0.09676690647676979, 51.5168364278059], [-0.09662287140276322, 51.516834090490406], [-0.09647883634820512, 51.51683175299814], [-0.09648258300938739, 51.516741888276194]]]}, "properties": {"NoiseClass": "65.0-69.9"}}, {"type": "Feature", "geometry": {"type": "Polygon", "coordinates": [[[-0.08596809723560864, 51.516570774452376], [-0.08596432990677538, 51.51666063862685], [-0.08582029629306995, 51.5166582880542], [-0.0858240639050167, 51.51656842388724], [-0.08596809723560864, 51.516570774452376]]]}, "properties": {"NoiseClass": "65.0-69.9"}}, {"type": "Feature", "geometry": {"type": "Polygon", "coordinates": [[[-0.10527246891856404, 51.516794286189466], [-0.10541650458858798, 51.51679661288411], [-0.10540531726675484, 51.51706620843779], [-0.10526128074733566, 51.517063881720816], [-0.10527246891856404, 51.516794286189466]]]}, "properties": {"NoiseClass": "65.0-69.9"}}, {"type": "Feature", "geometry": {"type": "Polygon", "coordinates": [[[-0.09879836795901895, 51.51650967228689], [-0.09878339955062124, 51.51686913166252], [-0.09907147030017333, 51.5168738008138], [-0.09906772871584232, 51.5169636656687], [-0.09863562177125834, 51.51695666165422], [-0.09865433374586008, 51.51650733747597], [-0.09879836795901895, 51.51650967228689]]]}, "properties": {"NoiseClass": "65.0-69.9"}}, {"type": "Feature", "geometry": {"type": "Polygon", "coordinates": [[[-0.08754870094571197, 51.51668648325989], [-0.08769273479361693, 51.51668883171144], [-0.08768897084265055, 51.51677869597453], [-0.08754493671162893, 51.51677634751548], [-0.08754870094571197, 51.51668648325989]]]}, "properties": {"NoiseClass": "65.0-69.9"}}, {"type": "Feature", "geometry": {"type": "Polygon", "coordinates": [[[-0.09906772871584232, 51.5169636656687], [-0.09921176440280086, 51.51696599998665], [-0.09920802308220676, 51.517055864847435], [-0.09906398711211922, 51.51705353052201], [-0.09906772871584232, 51.5169636656687]]]}, "properties": {"NoiseClass": "65.0-69.9"}}, {"type": "Feature", "geometry": {"type": "Polygon", "coordinates": [[[-0.09834755057185689, 51.5169519914274], [-0.09836252245532537, 51.51659253214773], [-0.09821848801720467, 51.51659019679908], [-0.09822223122269594, 51.51650033198268], [-0.09822597440878836, 51.51641046716468], [-0.09808194055630658, 51.51640813165421], [-0.09808568400611563, 51.51631826684212], [-0.09822971757547914, 51.51632060234513], [-0.0982334607227719, 51.516230737524005], [-0.0983774940284192, 51.51623307284278], [-0.09838497969857606, 51.51605334318083], [-0.0982409469591573, 51.516051007876996], [-0.09824843311794733, 51.51587127822364], [-0.09810440096414964, 51.515868942757976], [-0.09810814429755454, 51.51577907793642], [-0.09782008061440887, 51.515774406489804], [-0.09782756835544425, 51.51559467687179], [-0.09797159962108788, 51.515597012668536], [-0.0979753431793974, 51.51550714784969], [-0.09811937418136897, 51.51550948346221], [-0.09812311743717295, 51.515419618634354], [-0.0979790867183041, 51.51541728302928], [-0.09798283023781118, 51.515327418207264], [-0.09827089112874536, 51.51533208922567], [-0.09826714817544137, 51.51542195406264], [-0.0984111789331079, 51.51542428931417], [-0.09840743624350984, 51.51551415415698], [-0.09855146730364657, 51.515516489239246], [-0.09848784342560642, 51.517044191452634], [-0.09834380755249171, 51.51704185624338], [-0.09834755057185689, 51.5169519914274]]]}, "properties": {"NoiseClass": "65.0-69.9"}}, {"type": "Feature", "geometry": {"type": "Polygon", "coordinates": [[[-0.09719901181524357, 51.516843438691794], [-0.09719152126588522, 51.51702316820572], [-0.09704748556738636, 51.51702083140556], [-0.09705497668299626, 51.51684110190657], [-0.09719901181524357, 51.516843438691794]]]}, "properties": {"NoiseClass": "65.0-69.9"}}, {"type": "Feature", "geometry": {"type": "Polygon", "coordinates": [[[-0.09661912500528959, 51.516923955218225], [-0.09676316036242082, 51.5169262925412], [-0.0967594142286555, 51.51701615727496], [-0.09661537858839726, 51.51701381994451], [-0.096471342967588, 51.51701148243728], [-0.09647508966760648, 51.51692161771848], [-0.09661912500528959, 51.516923955218225]]]}, "properties": {"NoiseClass": "65.0-69.9"}}, {"type": "Feature", "geometry": {"type": "Polygon", "coordinates": [[[-0.08768897084265055, 51.51677869597453], [-0.08783300499314771, 51.5167810442568], [-0.08797703916318643, 51.51678339236232], [-0.08812107335272613, 51.516785740291084], [-0.08811731023160638, 51.51687560457515], [-0.08782924130579145, 51.51687090852584], [-0.08768520687217518, 51.516868560236055], [-0.08768897084265055, 51.51677869597453]]]}, "properties": {"NoiseClass": "65.0-69.9"}}, {"type": "Feature", "geometry": {"type": "Polygon", "coordinates": [[[-0.08610459647476143, 51.51675285320315], [-0.08624863041059624, 51.516755203429796], [-0.08624486360894629, 51.51684506761616], [-0.08610082938999437, 51.516842717381984], [-0.08610459647476143, 51.51675285320315]]]}, "properties": {"NoiseClass": "65.0-69.9"}}, {"type": "Feature", "geometry": {"type": "Polygon", "coordinates": [[[-0.08811731023160638, 51.51687560457515], [-0.08826134472373634, 51.51687795233468], [-0.08825758186623345, 51.51696781662464], [-0.08811354709098367, 51.51696546885763], [-0.08811731023160638, 51.51687560457515]]]}, "properties": {"NoiseClass": "65.0-69.9"}}, {"type": "Feature", "geometry": {"type": "Polygon", "coordinates": [[[-0.08667696638299509, 51.51685211725812], [-0.08682100068005946, 51.516854466785254], [-0.08681723499136168, 51.51694433100009], [-0.08667320041117904, 51.51694198146545], [-0.08667696638299509, 51.51685211725812]]]}, "properties": {"NoiseClass": "65.0-69.9"}}, {"type": "Feature", "geometry": {"type": "Polygon", "coordinates": [[[-0.08509259040391541, 51.516826260793444], [-0.08523662448616878, 51.51682861226494], [-0.0852328556831721, 51.51691847639706], [-0.0850888213178013, 51.51691612491804], [-0.08509259040391541, 51.516826260793444]]]}, "properties": {"NoiseClass": "65.0-69.9"}}, {"type": "Feature", "geometry": {"type": "Polygon", "coordinates": [[[-0.0970437399804619, 51.517110696152685], [-0.09718777596209013, 51.51711303296031], [-0.0971840306388843, 51.51720289771331], [-0.09703999437412623, 51.517200560898196], [-0.0970437399804619, 51.517110696152685]]]}, "properties": {"NoiseClass": "65.0-69.9"}}, {"type": "Feature", "geometry": {"type": "Polygon", "coordinates": [[[-0.08712036458300354, 51.51658957261011], [-0.08712412962741081, 51.51649970837391], [-0.08726816285055758, 51.516502057340695], [-0.08726439808926381, 51.51659192158441], [-0.08740843161500518, 51.516594270381965], [-0.08740466711731477, 51.51668413463162], [-0.08740090260011542, 51.51677399887965], [-0.08754493671162893, 51.51677634751548], [-0.08754117245803533, 51.51686621176948], [-0.08753740818493318, 51.5169560760219], [-0.08782547759892861, 51.5169607727933], [-0.08796951233520463, 51.51696312091384], [-0.08796574889195789, 51.51705298518719], [-0.08738960893145109, 51.51704359161437], [-0.08739713806340357, 51.516863863126154], [-0.08725310368831338, 51.516861514306065], [-0.0872606333084583, 51.516681785826556], [-0.08711659951908335, 51.51667943684475], [-0.08712036458300354, 51.51658957261011]]]}, "properties": {"NoiseClass": "65.0-69.9"}}, {"type": "Feature", "geometry": {"type": "Polygon", "coordinates": [[[-0.0853768900681107, 51.51692082769934], [-0.0855209244725789, 51.51692317882485], [-0.08551715621628797, 51.51701304297041], [-0.08537312152870072, 51.51701069183737], [-0.0853768900681107, 51.51692082769934]]]}, "properties": {"NoiseClass": "65.0-69.9"}}, {"type": "Feature", "geometry": {"type": "Polygon", "coordinates": [[[-0.09833632145556517, 51.51722158587055], [-0.09833257837800265, 51.51731145068178], [-0.098188541674864, 51.517309115273335], [-0.0981922850355591, 51.517219250469566], [-0.09833632145556517, 51.51722158587055]]]}, "properties": {"NoiseClass": "65.0-69.9"}}, {"type": "Feature", "geometry": {"type": "Polygon", "coordinates": [[[-0.09574366886514321, 51.51717952160775], [-0.09588770495513434, 51.51718186001376], [-0.09588395706433979, 51.51727172469788], [-0.09573992069121848, 51.5172693862844], [-0.09574366886514321, 51.51717952160775]]]}, "properties": {"NoiseClass": "65.0-69.9"}}, {"type": "Feature", "geometry": {"type": "Polygon", "coordinates": [[[-0.0883978540671352, 51.51706002851079], [-0.08854188916454303, 51.517062375931815], [-0.08868592428141525, 51.51706472317604], [-0.08926206494396738, 51.51707411038539], [-0.08925830402932529, 51.517163974724774], [-0.0883940914537518, 51.517149892805136], [-0.0883978540671352, 51.51706002851079]]]}, "properties": {"NoiseClass": "65.0-69.9"}}, {"type": "Feature", "geometry": {"type": "Polygon", "coordinates": [[[-0.08594926039619281, 51.517020095308915], [-0.08609329516189058, 51.5170224457349], [-0.0860895280185526, 51.517112309908974], [-0.08594549296973342, 51.51710995947548], [-0.08594926039619281, 51.517020095308915]]]}, "properties": {"NoiseClass": "65.0-69.9"}}, {"type": "Feature", "geometry": {"type": "Polygon", "coordinates": [[[-0.09920802308220676, 51.517055864847435], [-0.09935205907171582, 51.51705819899611], [-0.0993483180148618, 51.51714806386278], [-0.0993445769386189, 51.51723792872786], [-0.0992005403828475, 51.51723559456426], [-0.09919679900408228, 51.517325459420306], [-0.09905276218459985, 51.51732312507248], [-0.09904902050330844, 51.51741298991948], [-0.09890498342005213, 51.51741065538741], [-0.09861690931175239, 51.51740598579295], [-0.09862065184244706, 51.51731612096837], [-0.09876468860374765, 51.5173184558465], [-0.09876843083191288, 51.51722859101286], [-0.09905650384649878, 51.5172332602239], [-0.09906024548900484, 51.51714339537377], [-0.09920428174222175, 51.517145729706655], [-0.09920802308220676, 51.517055864847435]]]}, "properties": {"NoiseClass": "65.0-69.9"}}, {"type": "Feature", "geometry": {"type": "Polygon", "coordinates": [[[-0.09473166662347075, 51.51725301244053], [-0.09573992069121848, 51.5172693862844], [-0.09573617249786788, 51.517359250959444], [-0.09472791644820253, 51.517342877063186], [-0.09473166662347075, 51.51725301244053]]]}, "properties": {"NoiseClass": "65.0-69.9"}}, {"type": "Feature", "geometry": {"type": "Polygon", "coordinates": [[[-0.08925830402932529, 51.517163974724774], [-0.08940233952683033, 51.517166321092716], [-0.08939857887582225, 51.51725618543803], [-0.08925454309519222, 51.51725383906258], [-0.08925830402932529, 51.517163974724774]]]}, "properties": {"NoiseClass": "65.0-69.9"}}, {"type": "Feature", "geometry": {"type": "Polygon", "coordinates": [[[-0.08666566840899194, 51.517121709875326], [-0.08695373872135824, 51.51712640879793], [-0.08694997325723364, 51.517216273015535], [-0.08666190237862126, 51.51721157407791], [-0.08666566840899194, 51.517121709875326]]]}, "properties": {"NoiseClass": "65.0-69.9"}}, {"type": "Feature", "geometry": {"type": "Polygon", "coordinates": [[[-0.09213526240911211, 51.51730073298602], [-0.09213901768070881, 51.517210868498196], [-0.09228305356770945, 51.517213211330834], [-0.09227929857924137, 51.51730307582616], [-0.09256737097794757, 51.517307760976124], [-0.09257112540015887, 51.5172178964658], [-0.09285919731040719, 51.51722258089372], [-0.09285544345445305, 51.51731244541903], [-0.09314351600878007, 51.51731712915488], [-0.09328755231513927, 51.51731947075764], [-0.09328379928912194, 51.517409335303824], [-0.09213150711805383, 51.51739059747225], [-0.09213526240911211, 51.51730073298602]]]}, "properties": {"NoiseClass": "65.0-69.9"}}, {"type": "Feature", "geometry": {"type": "Polygon", "coordinates": [[[-0.09155911792313974, 51.517291359857836], [-0.09170315401544107, 51.51729370340503], [-0.09169939787499462, 51.51738356786877], [-0.09155536149956389, 51.517381224314086], [-0.09155911792313974, 51.517291359857836]]]}, "properties": {"NoiseClass": "65.0-69.9"}}, {"type": "Feature", "geometry": {"type": "Polygon", "coordinates": [[[-0.09040682988581182, 51.51727260511669], [-0.09055086582229317, 51.517274950078026], [-0.09069490177828349, 51.517277294862566], [-0.09112700976308352, 51.51728432815564], [-0.09112325249012075, 51.51737419258939], [-0.09040307119720724, 51.51736246951292], [-0.09040682988581182, 51.51727260511669]]]}, "properties": {"NoiseClass": "65.0-69.9"}}, {"type": "Feature", "geometry": {"type": "Polygon", "coordinates": [[[-0.08939857887582225, 51.51725618543803], [-0.08983068633461291, 51.51726322350376], [-0.08997472219319602, 51.517265569172146], [-0.08997096265520849, 51.517355433545866], [-0.08939481820532469, 51.51734604978172], [-0.08939857887582225, 51.51725618543803]]]}, "properties": {"NoiseClass": "65.0-69.9"}}, {"type": "Feature", "geometry": {"type": "Polygon", "coordinates": [[[-0.09861690931175239, 51.51740598579295], [-0.09860942419217412, 51.51758571543736], [-0.098465386600831, 51.51758338036007], [-0.09832134902891693, 51.51758104510596], [-0.09832509216467909, 51.51749118029947], [-0.09846912945345665, 51.51749351554608], [-0.09847287228668232, 51.51740365073058], [-0.09861690931175239, 51.51740598579295]]]}, "properties": {"NoiseClass": "65.0-69.9"}}, {"type": "Feature", "geometry": {"type": "Polygon", "coordinates": [[[-0.09429955802879783, 51.517245992427355], [-0.094443594207563, 51.51724833260851], [-0.09444734492965297, 51.51715846799923], [-0.09459138084475874, 51.517160807996135], [-0.09458763040579778, 51.5172506726129], [-0.09458387994739902, 51.51734053722809], [-0.09443984346603408, 51.51733819721621], [-0.09443609270506655, 51.51742806182231], [-0.09429205596003945, 51.5174257216262], [-0.09428830489649842, 51.51751558622324], [-0.09414426788774832, 51.51751324584287], [-0.09415177056165336, 51.51733351666218], [-0.09429580700413835, 51.51733585702759], [-0.09429955802879783, 51.517245992427355]]]}, "properties": {"NoiseClass": "65.0-69.9"}}, {"type": "Feature", "geometry": {"type": "Polygon", "coordinates": [[[-0.08795445844518598, 51.51732257799781], [-0.08809849433345947, 51.517324925971636], [-0.08809473109531793, 51.5174147902462], [-0.08795069492391741, 51.51741244226486], [-0.08795445844518598, 51.51732257799781]]]}, "properties": {"NoiseClass": "65.0-69.9"}}, {"type": "Feature", "geometry": {"type": "Polygon", "coordinates": [[[-0.09760490601169895, 51.51747950141485], [-0.09774894320349181, 51.51748183754532], [-0.09789298041466164, 51.51748417349899], [-0.09788923642948984, 51.51757403828309], [-0.09803327394322962, 51.51757637406746], [-0.09817731147637265, 51.5175787096751], [-0.0981735680380723, 51.51766857447253], [-0.09788549242491325, 51.51766390306557], [-0.09774145464747032, 51.5176615670969], [-0.09774519893518384, 51.517571702321895], [-0.09760116146025448, 51.51756936618397], [-0.09760490601169895, 51.51747950141485]]]}, "properties": {"NoiseClass": "65.0-69.9"}}, {"type": "Feature", "geometry": {"type": "Polygon", "coordinates": [[[-0.08823876728619123, 51.51741713805078], [-0.08838280349659769, 51.5174194856786], [-0.08837904080521117, 51.517509349966595], [-0.0882350043116753, 51.517507002331264], [-0.08823876728619123, 51.51741713805078]]]}, "properties": {"NoiseClass": "65.0-69.9"}}, {"type": "Feature", "geometry": {"type": "Polygon", "coordinates": [[[-0.10451125114076522, 51.517771166534], [-0.10436721247223195, 51.5177688386968], [-0.10437840620392716, 51.5174992433374], [-0.10423436840412763, 51.5174969153458], [-0.10423809989248929, 51.517407050230275], [-0.10409406239516633, 51.51740472206936], [-0.10409779414732644, 51.517314856959715], [-0.10395375695251782, 51.51731252862947], [-0.10396122096508437, 51.51713279842035], [-0.1038171843558542, 51.517130469928254], [-0.10382091661625818, 51.51704060482875], [-0.10410898928776045, 51.51704526162131], [-0.10410525759362275, 51.517135126735695], [-0.10439333090878639, 51.51713978283607], [-0.10438959976157852, 51.517229647963795], [-0.10453363673126996, 51.51723197575627], [-0.10452990584786138, 51.51732184088982], [-0.10467394312005801, 51.51732416851299], [-0.1046702125004503, 51.51741403365243], [-0.10481425007512186, 51.51741636110627], [-0.1048030589497116, 51.51768595653745], [-0.10494709739310815, 51.517688283836854], [-0.10493963711245465, 51.517868014131295], [-0.1047955981027688, 51.517865686817], [-0.10479186765029568, 51.51795555195439], [-0.10464782837676322, 51.51795322445587], [-0.10465902052561696, 51.51768362906125], [-0.10451498212085791, 51.51768130140832], [-0.10451125114076522, 51.517771166534]]]}, "properties": {"NoiseClass": "65.0-69.9"}}, {"type": "Feature", "geometry": {"type": "Polygon", "coordinates": [[[-0.09773771034035117, 51.51775143187033], [-0.0977339660138249, 51.517841296642196], [-0.09758992768947757, 51.517838960481825], [-0.09759367229914438, 51.517749095717456], [-0.09773771034035117, 51.51775143187033]]]}, "properties": {"NoiseClass": "65.0-69.9"}}, {"type": "Feature", "geometry": {"type": "Polygon", "coordinates": [[[-0.096445115523746, 51.51764053542452], [-0.09643762179359247, 51.51782026483519], [-0.09629358364396755, 51.5178179270839], [-0.09614954551376212, 51.51781558915584], [-0.09615329295482725, 51.51772572446623], [-0.09629733080189379, 51.51772806238681], [-0.0963010779403981, 51.51763819768818], [-0.096445115523746, 51.51764053542452]]]}, "properties": {"NoiseClass": "65.0-69.9"}}, {"type": "Feature", "geometry": {"type": "Polygon", "coordinates": [[[-0.09456887791942731, 51.517699995673], [-0.09457262845557683, 51.517610131064146], [-0.0955808903150273, 51.51762650635496], [-0.09557714176083473, 51.51771637101619], [-0.09471291555276745, 51.51770233553805], [-0.09470916528031627, 51.51779220015282], [-0.09456512736383803, 51.51778986028028], [-0.09456887791942731, 51.517699995673]]]}, "properties": {"NoiseClass": "65.0-69.9"}}, {"type": "Feature", "geometry": {"type": "Polygon", "coordinates": [[[-0.092840427836083, 51.517671903504414], [-0.09284418176985863, 51.51758203898545], [-0.0932762931787323, 51.517589064391494], [-0.09328004624365299, 51.517499199848466], [-0.0934240831357274, 51.51750154128944], [-0.09342033035394087, 51.51759140583998], [-0.09341657755270544, 51.517681270388906], [-0.09327254009436152, 51.517678928932945], [-0.09312850265547093, 51.517676587300194], [-0.0931247492685115, 51.51776645183259], [-0.09298071156596986, 51.51776411001559], [-0.09298446523606578, 51.51767424549068], [-0.092840427836083, 51.517671903504414]]]}, "properties": {"NoiseClass": "65.0-69.9"}}, {"type": "Feature", "geometry": {"type": "Polygon", "coordinates": [[[-0.09038803624798068, 51.51772192708213], [-0.09024399891529418, 51.51771958190655], [-0.08995592430840345, 51.51771489102502], [-0.08995968392433212, 51.51762502665762], [-0.09039179501450849, 51.5176320626922], [-0.09038803624798068, 51.51772192708213]]]}, "properties": {"NoiseClass": "65.0-69.9"}}, {"type": "Feature", "geometry": {"type": "Polygon", "coordinates": [[[-0.10493590694312882, 51.517957879276146], [-0.10507994625532702, 51.517960206421115], [-0.10507621634981675, 51.518050071571835], [-0.10493217675446932, 51.51804774441941], [-0.10493590694312882, 51.517957879276146]]]}, "properties": {"NoiseClass": "65.0-69.9"}}, {"type": "Feature", "geometry": {"type": "Polygon", "coordinates": [[[-0.09758992768947757, 51.517838960481825], [-0.09758618306040356, 51.51792882524462], [-0.09744214447232172, 51.51792648890002], [-0.0972981059036801, 51.51792415237864], [-0.09730185109903831, 51.517834287630784], [-0.09758992768947757, 51.517838960481825]]]}, "properties": {"NoiseClass": "65.0-69.9"}}, {"type": "Feature", "geometry": {"type": "Polygon", "coordinates": [[[-0.09557339318721392, 51.51780623567586], [-0.09571743123972098, 51.517808574311026], [-0.09571368292981165, 51.517898438976594], [-0.09556964459416403, 51.51789610033396], [-0.09557339318721392, 51.51780623567586]]]}, "properties": {"NoiseClass": "65.0-69.9"}}, {"type": "Feature", "geometry": {"type": "Polygon", "coordinates": [[[-0.09067611097176373, 51.51772661690304], [-0.09053207360011734, 51.51772427208098], [-0.09053583208351139, 51.51763440768353], [-0.09269639045555428, 51.51766956134138], [-0.09269263621918604, 51.51775942585128], [-0.09254859857501341, 51.51775708350397], [-0.09240456095026549, 51.5177547409799], [-0.09168437311853085, 51.51774302570799], [-0.09168061688074518, 51.51783289016384], [-0.09081639042628596, 51.51781882595919], [-0.09082014836288764, 51.517728961548336], [-0.09067611097176373, 51.51772661690304]]]}, "properties": {"NoiseClass": "65.0-69.9"}}, {"type": "Feature", "geometry": {"type": "Polygon", "coordinates": [[[-0.08995592430840345, 51.51771489102502], [-0.08995216467298889, 51.51780475539086], [-0.0898081271156179, 51.51780240967746], [-0.08981188703416744, 51.517712545319114], [-0.08995592430840345, 51.51771489102502]]]}, "properties": {"NoiseClass": "65.0-69.9"}}, {"type": "Feature", "geometry": {"type": "Polygon", "coordinates": [[[-0.08894766379809857, 51.51769846737155], [-0.08895518697432282, 51.51751873874025], [-0.08924326017583986, 51.51752343206646], [-0.0892394991637378, 51.51761329639792], [-0.08952757300952119, 51.5176179890321], [-0.08952005205937383, 51.51779771772032], [-0.08937601456047048, 51.51779537147661], [-0.08937977532842405, 51.5177055071408], [-0.08894766379809857, 51.51769846737155]]]}, "properties": {"NoiseClass": "65.0-69.9"}}, {"type": "Feature", "geometry": {"type": "Polygon", "coordinates": [[[-0.08822747830413612, 51.51768673088747], [-0.08837151536393434, 51.51768907853783], [-0.08836775261404367, 51.51777894282108], [-0.0882237152711121, 51.51777659516322], [-0.08822747830413612, 51.51768673088747]]]}, "properties": {"NoiseClass": "65.0-69.9"}}, {"type": "Feature", "geometry": {"type": "Polygon", "coordinates": [[[-0.10478813717848774, 51.518045417090235], [-0.10493217675446932, 51.51804774441941], [-0.10492844654647815, 51.51813760956111], [-0.10464036684751482, 51.518132954711064], [-0.1044963270270219, 51.51813062702087], [-0.1045000580844636, 51.51804076190153], [-0.10478813717848774, 51.518045417090235]]]}, "properties": {"NoiseClass": "65.0-69.9"}}, {"type": "Feature", "geometry": {"type": "Polygon", "coordinates": [[[-0.09657791335153965, 51.51791246712019], [-0.09658165996260555, 51.517822602409716], [-0.09672569815106752, 51.51782493980749], [-0.09672944445957539, 51.517735075087955], [-0.09687348238431559, 51.517737412301464], [-0.09686973635894823, 51.517827277028466], [-0.09686599031416533, 51.5179171417539], [-0.09672195182314369, 51.51791480452541], [-0.09671820547580358, 51.51800466924176], [-0.09657416672105744, 51.518002331829045], [-0.09657791335153965, 51.51791246712019]]]}, "properties": {"NoiseClass": "65.0-69.9"}}, {"type": "Feature", "geometry": {"type": "Polygon", "coordinates": [[[-0.08879986475981337, 51.517785984734054], [-0.08880362666030314, 51.51769612042828], [-0.08894766379809857, 51.51769846737155], [-0.08894390218074295, 51.517788331684855], [-0.0889401405438923, 51.51787819599653], [-0.08879610283982735, 51.51787584903824], [-0.08879986475981337, 51.517785984734054]]]}, "properties": {"NoiseClass": "65.0-69.9"}}, {"type": "Feature", "geometry": {"type": "Polygon", "coordinates": [[[-0.08793564064378968, 51.5177718993172], [-0.08807967794771411, 51.517774247328596], [-0.08807591461205336, 51.517864111595216], [-0.0879318770249944, 51.517861763576306], [-0.08793564064378968, 51.5177718993172]]]}, "properties": {"NoiseClass": "65.0-69.9"}}, {"type": "Feature", "geometry": {"type": "Polygon", "coordinates": [[[-0.10435228722589805, 51.51812829915391], [-0.1044963270270219, 51.51813062702087], [-0.10449259595024181, 51.518220492138646], [-0.10434855586596667, 51.518218164264226], [-0.10435228722589805, 51.51812829915391]]]}, "properties": {"NoiseClass": "65.0-69.9"}}, {"type": "Feature", "geometry": {"type": "Polygon", "coordinates": [[[-0.08879610283982735, 51.51787584903824], [-0.08879234090034276, 51.51796571334086], [-0.08864830293263672, 51.51796336619828], [-0.08865206515525785, 51.51787350190319], [-0.08879610283982735, 51.51787584903824]]]}, "properties": {"NoiseClass": "65.0-69.9"}}, {"type": "Feature", "geometry": {"type": "Polygon", "coordinates": [[[-0.10420451580099944, 51.51821583621306], [-0.10434855586596667, 51.518218164264226], [-0.10434482448669616, 51.518308029372996], [-0.10420078413857689, 51.51830570131435], [-0.10420451580099944, 51.51821583621306]]]}, "properties": {"NoiseClass": "65.0-69.9"}}, {"type": "Feature", "geometry": {"type": "Polygon", "coordinates": [[[-0.097434654589662, 51.518106218405904], [-0.09757869374403164, 51.51810855476547], [-0.09757494905673332, 51.518198419523515], [-0.09743090961921684, 51.51819608315649], [-0.097434654589662, 51.518106218405904]]]}, "properties": {"NoiseClass": "65.0-69.9"}}, {"type": "Feature", "geometry": {"type": "Polygon", "coordinates": [[[-0.10405674380979563, 51.51830337307896], [-0.10420078413857689, 51.51830570131435], [-0.10419705245681389, 51.518395566414064], [-0.10405301184487822, 51.51839323817119], [-0.10405674380979563, 51.51830337307896]]]}, "properties": {"NoiseClass": "65.0-69.9"}}, {"type": "Feature", "geometry": {"type": "Polygon", "coordinates": [[[-0.10434109308808721, 51.51839789448015], [-0.10434482448669616, 51.518308029372996], [-0.10448886485412406, 51.51831035725485], [-0.10463290524092105, 51.51831268495995], [-0.10462917440862088, 51.51840255008197], [-0.10477321509791028, 51.51840487761773], [-0.10476948452942851, 51.51849474274567], [-0.1044814026038749, 51.51849008748249], [-0.1044851337386691, 51.51840022236945], [-0.10434109308808721, 51.51839789448015]]]}, "properties": {"NoiseClass": "65.0-69.9"}}, {"type": "Feature", "geometry": {"type": "Polygon", "coordinates": [[[-0.08792058605156756, 51.5181313563442], [-0.08792811338669095, 51.51795162783386], [-0.08807215125688603, 51.51795397586028], [-0.0880608610743576, 51.51822356864595], [-0.08791682235474527, 51.518221220597], [-0.08792058605156756, 51.5181313563442]]]}, "properties": {"NoiseClass": "65.0-69.9"}}, {"type": "Feature", "geometry": {"type": "Polygon", "coordinates": [[[-0.0884929773501893, 51.51823061173222], [-0.08863701614778052, 51.51823295907408], [-0.08863325384716222, 51.51832282336287], [-0.0884892147664289, 51.518320476013486], [-0.0884929773501893, 51.51823061173222]]]}, "properties": {"NoiseClass": "65.0-69.9"}}, {"type": "Feature", "geometry": {"type": "Polygon", "coordinates": [[[-0.09669572698400411, 51.51854385750667], [-0.09669947344784695, 51.51845399279982], [-0.09670696631728132, 51.518274263381336], [-0.09671445910904636, 51.51809453395654], [-0.09671820547580358, 51.51800466924176], [-0.0968622442499685, 51.5180070064777], [-0.09683602125694826, 51.51863605950026], [-0.09669198050074336, 51.518633722211966], [-0.09669572698400411, 51.51854385750667]]]}, "properties": {"NoiseClass": "65.0-69.9"}}, {"type": "Feature", "geometry": {"type": "Polygon", "coordinates": [[[-0.1047657539416107, 51.51858460787204], [-0.10476948452942851, 51.51849474274567], [-0.10505756653228891, 51.51849939730176], [-0.10520160756273454, 51.518501724314625], [-0.10519787782438991, 51.51859158946333], [-0.10518668849337112, 51.518861184899905], [-0.105042646330286, 51.51885885785726], [-0.10505010646995315, 51.518679127582644], [-0.10490606489252327, 51.518676800378124], [-0.10490979521651636, 51.51858693524591], [-0.1047657539416107, 51.51858460787204]]]}, "properties": {"NoiseClass": "65.0-69.9"}}, {"type": "Feature", "geometry": {"type": "Polygon", "coordinates": [[[-0.10503891623145391, 51.518948722992185], [-0.10503518611328778, 51.51903858812553], [-0.10489114340320722, 51.519036260891205], [-0.1048948738045377, 51.51894639576529], [-0.10503891623145391, 51.518948722992185]]]}, "properties": {"NoiseClass": "65.0-69.9"}}, {"type": "Feature", "geometry": {"type": "Polygon", "coordinates": [[[-0.08833012404252821, 51.51867758556647], [-0.08832636107811205, 51.518767449832325], [-0.08818232062061655, 51.51876510209184], [-0.08818608386818116, 51.51867523783351], [-0.08833012404252821, 51.51867758556647]]]}, "properties": {"NoiseClass": "65.0-69.9"}}, {"type": "Feature", "geometry": {"type": "Polygon", "coordinates": [[[-0.10474710071249255, 51.51903393348009], [-0.10489114340320722, 51.519036260891205], [-0.10488741298254188, 51.519126126015536], [-0.10503145597578877, 51.5191284532573], [-0.10502772581895771, 51.51921831838748], [-0.10473963928549435, 51.51921366371227], [-0.10474710071249255, 51.51903393348009]]]}, "properties": {"NoiseClass": "65.0-69.9"}}, {"type": "Feature", "geometry": {"type": "Polygon", "coordinates": [[[-0.09681728996516495, 51.51908538304035], [-0.09682478254012815, 51.51890565362906], [-0.09682852879848464, 51.518815788921025], [-0.09683602125694826, 51.51863605950026], [-0.09698006203253612, 51.51863839661175], [-0.09695758612309495, 51.51917758490002], [-0.09681354364855795, 51.51917524774363], [-0.09681728996516495, 51.51908538304035]]]}, "properties": {"NoiseClass": "65.0-69.9"}}, {"type": "Feature", "geometry": {"type": "Polygon", "coordinates": [[[-0.08731054833388753, 51.51893074035839], [-0.08745458924063669, 51.51893308917456], [-0.0875986301668976, 51.518935437813944], [-0.08759486572820355, 51.51902530203748], [-0.08745082451878985, 51.51902295339058], [-0.08730678332888746, 51.519020604566904], [-0.08731054833388753, 51.51893074035839]]]}, "properties": {"NoiseClass": "65.0-69.9"}}, {"type": "Feature", "geometry": {"type": "Polygon", "coordinates": [[[-0.08744705977743014, 51.51911281760501], [-0.08743953023617587, 51.5192925460291], [-0.08729548819680505, 51.5192901971829], [-0.0873030183043733, 51.519110468773825], [-0.08744705977743014, 51.51911281760501]]]}, "properties": {"NoiseClass": "65.0-69.9"}}, {"type": "Feature", "geometry": {"type": "Polygon", "coordinates": [[[-0.09766656481776485, 51.51945886226515], [-0.0976628201224973, 51.51954872700696], [-0.09751877641819975, 51.51954639070458], [-0.09752252139663561, 51.51945652597022], [-0.09766656481776485, 51.51945886226515]]]}, "properties": {"NoiseClass": "65.0-69.9"}}, {"type": "Feature", "geometry": {"type": "Polygon", "coordinates": [[[-0.08715144617697894, 51.51928784815989], [-0.08729548819680505, 51.5192901971829], [-0.08729172311374901, 51.519380061385064], [-0.08714768081076409, 51.51937771235455], [-0.08715144617697894, 51.51928784815989]]]}, "properties": {"NoiseClass": "65.0-69.9"}}, {"type": "Feature", "geometry": {"type": "Polygon", "coordinates": [[[-0.08801569858873906, 51.51930193964621], [-0.08800817123471398, 51.519481668124094], [-0.08786412855098104, 51.519479319969946], [-0.08787165647132693, 51.5192995915071], [-0.08801569858873906, 51.51930193964621]]]}, "properties": {"NoiseClass": "65.0-69.9"}}, {"type": "Feature", "geometry": {"type": "Polygon", "coordinates": [[[-0.09693885566463425, 51.51962690843007], [-0.09694260179515775, 51.51953704372723], [-0.09679855818795854, 51.51953470654095], [-0.0966545146001423, 51.51953236917788], [-0.09665826127758619, 51.519442504488396], [-0.09666200793561168, 51.519352639797326], [-0.09680605095709288, 51.51935497714545], [-0.09680979731253339, 51.51926511244533], [-0.0969538400702339, 51.519267449609195], [-0.09695009399795859, 51.51935731431678], [-0.09709413705827208, 51.519359651311326], [-0.09707915370768157, 51.51971911015582], [-0.09693510951469403, 51.51971677313135], [-0.09693885566463425, 51.51962690843007]]]}, "properties": {"NoiseClass": "65.0-69.9"}}, {"type": "Feature", "geometry": {"type": "Polygon", "coordinates": [[[-0.10517176911470577, 51.519220645459924], [-0.10531581242975693, 51.51922297235557], [-0.10530835319077347, 51.51940270264099], [-0.10545239709152517, 51.51940502937477], [-0.10543375007165627, 51.51985435509791], [-0.10557779540761657, 51.51985668169211], [-0.10557406622883328, 51.51994654683945], [-0.10528597500988346, 51.51994189345936], [-0.10529343448083857, 51.519762163192894], [-0.10514938946674846, 51.51975983625256], [-0.10517176911470577, 51.519220645459924]]]}, "properties": {"NoiseClass": "65.0-69.9"}}, {"type": "Feature", "geometry": {"type": "Polygon", "coordinates": [[[-0.09707915370768157, 51.51971911015582], [-0.09722319792008388, 51.51972144700349], [-0.0972194523170723, 51.519811311718136], [-0.0970754078214969, 51.51980897486298], [-0.09707915370768157, 51.51971911015582]]]}, "properties": {"NoiseClass": "65.0-69.9"}}, {"type": "Feature", "geometry": {"type": "Polygon", "coordinates": [[[-0.0976515859202429, 51.51981832122291], [-0.09779563049343355, 51.51982065737095], [-0.09779188600370523, 51.51991052211391], [-0.09764784114734029, 51.5199081859584], [-0.0976515859202429, 51.51981832122291]]]}, "properties": {"NoiseClass": "65.0-69.9"}}, {"type": "Feature", "geometry": {"type": "Polygon", "coordinates": [[[-0.08785660055260067, 51.5196590484265], [-0.08786036456154511, 51.519569184199035], [-0.08800440752844002, 51.519571532360686], [-0.0879968800573725, 51.51975126082907], [-0.08785283652414805, 51.51974891265238], [-0.08785660055260067, 51.5196590484265]]]}, "properties": {"NoiseClass": "65.0-69.9"}}, {"type": "Feature", "geometry": {"type": "Polygon", "coordinates": [[[-0.09764784114734029, 51.5199081859584], [-0.09764409635502809, 51.51999805069232], [-0.09750005123486664, 51.519995714352554], [-0.0975037963103547, 51.519905849626106], [-0.09764784114734029, 51.5199081859584]]]}, "properties": {"NoiseClass": "65.0-69.9"}}, {"type": "Feature", "geometry": {"type": "Polygon", "coordinates": [[[-0.08713638459502618, 51.519647304928995], [-0.08728042774749664, 51.51964965398205], [-0.08742447091951182, 51.51965200285833], [-0.08742070604156377, 51.51974186706169], [-0.08727666258638381, 51.51973951817788], [-0.08726536698595441, 51.520009110755886], [-0.08712132270081656, 51.52000676167275], [-0.08713638459502618, 51.519647304928995]]]}, "properties": {"NoiseClass": "65.0-69.9"}}, {"type": "Feature", "geometry": {"type": "Polygon", "coordinates": [[[-0.0876899711596797, 51.52019588536709], [-0.08769749995851263, 51.520016156944564], [-0.0878415443217347, 51.52001850532056], [-0.08783025194373788, 51.52028809797448], [-0.0876862067309973, 51.52028574957597], [-0.0876899711596797, 51.52019588536709]]]}, "properties": {"NoiseClass": "65.0-69.9"}}, {"type": "Feature", "geometry": {"type": "Polygon", "coordinates": [[[-0.09776941865776582, 51.52044971053849], [-0.09791346523264692, 51.52045204656205], [-0.097909720890245, 51.520541911301436], [-0.09776567403217928, 51.5205395752704], [-0.09776941865776582, 51.52044971053849]]]}, "properties": {"NoiseClass": "65.0-69.9"}}, {"type": "Feature", "geometry": {"type": "Polygon", "coordinates": [[[-0.09690513961617185, 51.5204356906846], [-0.09704918607457919, 51.52043802776889], [-0.09706417004645382, 51.520078568974995], [-0.09706791599088305, 51.519988704272585], [-0.09721196105280781, 51.51999104114269], [-0.09718948679407821, 51.52053022937839], [-0.09704544003307032, 51.52052789246341], [-0.09690139329147915, 51.52052555537165], [-0.09690513961617185, 51.5204356906846]]]}, "properties": {"NoiseClass": "65.0-69.9"}}, {"type": "Feature", "geometry": {"type": "Polygon", "coordinates": [[[-0.097909720890245, 51.520541911301436], [-0.09805376776771828, 51.52054424715569], [-0.098050023689097, 51.52063411190096], [-0.09790597652843629, 51.52063177603923], [-0.097909720890245, 51.520541911301436]]]}, "properties": {"NoiseClass": "65.0-69.9"}}, {"type": "Feature", "geometry": {"type": "Polygon", "coordinates": [[[-0.09718948679407821, 51.52053022937839], [-0.09733353357447024, 51.520532566116565], [-0.09732978807991668, 51.52062243082447], [-0.09718574101633924, 51.52062009407882], [-0.09718948679407821, 51.52053022937839]]]}, "properties": {"NoiseClass": "65.0-69.9"}}, {"type": "Feature", "geometry": {"type": "Polygon", "coordinates": [[[-0.0979022321472216, 51.52072164077543], [-0.09804627959106933, 51.52072397664463], [-0.0980425354736349, 51.52081384138675], [-0.09789848774659776, 51.520811505510075], [-0.0979022321472216, 51.52072164077543]]]}, "properties": {"NoiseClass": "65.0-69.9"}}, {"type": "Feature", "geometry": {"type": "Polygon", "coordinates": [[[-0.09762162719355219, 51.5205372390626], [-0.09776567403217928, 51.5205395752704], [-0.0977619293871848, 51.520629440000725], [-0.09775818472278111, 51.520719304729454], [-0.09775444003896827, 51.52080916945662], [-0.09761039235077813, 51.520806833226374], [-0.09762162719355219, 51.5205372390626]]]}, "properties": {"NoiseClass": "65.0-69.9"}}, {"type": "Feature", "geometry": {"type": "Polygon", "coordinates": [[[-0.08768244228280313, 51.520375613783266], [-0.08766738429491265, 51.52073507059663], [-0.08765985518389793, 51.5209147989938], [-0.08751580800844419, 51.52091245036588], [-0.08753839680643291, 51.520373265200426], [-0.08768244228280313, 51.520375613783266]]]}, "properties": {"NoiseClass": "65.0-69.9"}}, {"type": "Feature", "geometry": {"type": "Polygon", "coordinates": [[[-0.09774320587107475, 51.5210787636286], [-0.09772822670881541, 51.52143822250247], [-0.09758417703826097, 51.521435886219884], [-0.09759915733330887, 51.521076427375924], [-0.09774320587107475, 51.5210787636286]]]}, "properties": {"NoiseClass": "65.0-69.9"}}, {"type": "Feature", "geometry": {"type": "Polygon", "coordinates": [[[-0.09702670953428678, 51.52097721591227], [-0.09703420179204861, 51.52079748653749], [-0.09703794789180603, 51.520707621847706], [-0.09704169397214595, 51.520617757156366], [-0.09718574101633924, 51.52062009407882], [-0.09718199521918632, 51.52070995877763], [-0.09732604256595118, 51.52071229553076], [-0.097303569074468, 51.521251483735455], [-0.09715952002854888, 51.521249146937436], [-0.09714453617981142, 51.521608605679035], [-0.0970004860204795, 51.521606268674354], [-0.09702670953428678, 51.52097721591227]]]}, "properties": {"NoiseClass": "65.0-69.9"}}, {"type": "Feature", "geometry": {"type": "Polygon", "coordinates": [[[-0.09714453617981142, 51.521608605679035], [-0.09728858635852944, 51.52161094250694], [-0.09728484063100787, 51.521700807195884], [-0.09714079016908697, 51.521698470360505], [-0.09714453617981142, 51.521608605679035]]]}, "properties": {"NoiseClass": "65.0-69.9"}}, {"type": "Feature", "geometry": {"type": "Polygon", "coordinates": [[[-0.09699673972655139, 51.521696133348335], [-0.09714079016908697, 51.521698470360505], [-0.09713704413894537, 51.52178833504038], [-0.09699299341320611, 51.52178599802073], [-0.09699673972655139, 51.521696133348335]]]}, "properties": {"NoiseClass": "65.0-69.9"}}, {"type": "Feature", "geometry": {"type": "Polygon", "coordinates": [[[-0.0866477587983582, 51.520988219029405], [-0.0866515253654307, 51.520898354885794], [-0.08666659143849914, 51.52053889829555], [-0.08681063736415558, 51.52054124795413], [-0.08682946810037678, 51.52009192714311], [-0.08697351262964996, 51.52009427658731], [-0.0869659809600669, 51.5202740049315], [-0.08711002607523505, 51.520276354213955], [-0.08709872927399927, 51.520545946740924], [-0.08695468330930269, 51.52054359743591], [-0.08691702320467085, 51.5214422390144], [-0.08677297442766665, 51.52143988945744], [-0.08676167516605295, 51.52170948187757], [-0.08675790870647067, 51.52179934601444], [-0.08661385881617532, 51.52179699625062], [-0.0866477587983582, 51.520988219029405]]]}, "properties": {"NoiseClass": "65.0-69.9"}}, {"type": "Feature", "geometry": {"type": "Polygon", "coordinates": [[[-0.10505240294949311, 51.52209632903044], [-0.10519645532669764, 51.52209865616436], [-0.10534050772326721, 51.52210098312146], [-0.10533677777801446, 51.52219084822186], [-0.10504867243780718, 51.52218619411596], [-0.10505240294949311, 51.52209632903044]]]}, "properties": {"NoiseClass": "65.0-69.9"}}, {"type": "Feature", "geometry": {"type": "Polygon", "coordinates": [[[-0.08661385881617532, 51.52179699625062], [-0.08661009205387207, 51.52188686037837], [-0.08646604189990059, 51.52188451043024], [-0.08646980894540318, 51.52179464630999], [-0.08661385881617532, 51.52179699625062]]]}, "properties": {"NoiseClass": "65.0-69.9"}}, {"type": "Feature", "geometry": {"type": "Polygon", "coordinates": [[[-0.10476056717491385, 51.52218153930284], [-0.10490461979669129, 51.5221838667978], [-0.1049008889824501, 51.5222737318743], [-0.10475683607745506, 51.5222714043719], [-0.10476056717491385, 51.52218153930284]]]}, "properties": {"NoiseClass": "65.0-69.9"}}, {"type": "Feature", "geometry": {"type": "Polygon", "coordinates": [[[-0.10447246198940804, 51.52217688378252], [-0.10461651457250744, 51.52217921163108], [-0.10461278319183061, 51.5222690766927], [-0.10446873032551367, 51.52226674883671], [-0.10447246198940804, 51.52217688378252]]]}, "properties": {"NoiseClass": "65.0-69.9"}}, {"type": "Feature", "geometry": {"type": "Polygon", "coordinates": [[[-0.1025960448242221, 51.5222364706198], [-0.10274009743897375, 51.52223880077421], [-0.10273636235712134, 51.52232866573737], [-0.10259230945915244, 51.52232633557551], [-0.1025960448242221, 51.5222364706198]]]}, "properties": {"NoiseClass": "65.0-69.9"}}, {"type": "Feature", "geometry": {"type": "Polygon", "coordinates": [[[-0.08660632527204401, 51.52197672450458], [-0.08675037572873964, 51.52197907428345], [-0.08674660921059048, 51.52206893841558], [-0.08660255847069193, 51.52206658862919], [-0.08660632527204401, 51.52197672450458]]]}, "properties": {"NoiseClass": "65.0-69.9"}}, {"type": "Feature", "geometry": {"type": "Polygon", "coordinates": [[[-0.10403283930976802, 51.52234962923811], [-0.10417689240127023, 51.52235195763196], [-0.10417316013225149, 51.52244182266806], [-0.10402910675752966, 51.52243949426675], [-0.10403283930976802, 51.52234962923811]]]}, "properties": {"NoiseClass": "65.0-69.9"}}, {"type": "Feature", "geometry": {"type": "Polygon", "coordinates": [[[-0.1031685211671499, 51.52233565516217], [-0.10360068015137741, 51.52234264299575], [-0.10359694674947949, 51.52243250800203], [-0.10345289345215429, 51.52243017889352], [-0.10302073367632945, 51.52242319050717], [-0.10302446821110414, 51.52233332553069], [-0.1031685211671499, 51.52233565516217]]]}, "properties": {"NoiseClass": "65.0-69.9"}}, {"type": "Feature", "geometry": {"type": "Polygon", "coordinates": [[[-0.10273636235712134, 51.52232866573737], [-0.1028804152744489, 51.52233099572243], [-0.10287668045645539, 51.52242086069146], [-0.1027326272559082, 51.52241853069894], [-0.10273636235712134, 51.52232866573737]]]}, "properties": {"NoiseClass": "65.0-69.9"}}, {"type": "Feature", "geometry": {"type": "Polygon", "coordinates": [[[-0.10187204525982259, 51.52231468211418], [-0.10230420372133174, 51.522321674721354], [-0.10230046777046345, 51.522411539660574], [-0.10186830845929984, 51.522404547031016], [-0.10187204525982259, 51.52231468211418]]]}, "properties": {"NoiseClass": "65.0-69.9"}}, {"type": "Feature", "geometry": {"type": "Polygon", "coordinates": [[[-0.1048934272959545, 51.52245346202257], [-0.10503748078672756, 51.522455789363065], [-0.10503375019769585, 51.522545654442254], [-0.10488969642369964, 51.52254332709431], [-0.1048934272959545, 51.52245346202257]]]}, "properties": {"NoiseClass": "65.0-69.9"}}, {"type": "Feature", "geometry": {"type": "Polygon", "coordinates": [[[-0.1011480433281034, 51.522392889112375], [-0.10129209631557685, 51.522395221049706], [-0.10128835836280951, 51.5224850859351], [-0.10114430509211723, 51.52248275399031], [-0.1011480433281034, 51.522392889112375]]]}, "properties": {"NoiseClass": "65.0-69.9"}}, {"type": "Feature", "geometry": {"type": "Polygon", "coordinates": [[[-0.10474564266904263, 51.52254099956958], [-0.10488969642369964, 51.52254332709431], [-0.10488596553210679, 51.5226331921645], [-0.10474191149422576, 51.522630864632305], [-0.10474564266904263, 51.52254099956958]]]}, "properties": {"NoiseClass": "65.0-69.9"}}, {"type": "Feature", "geometry": {"type": "Polygon", "coordinates": [[[-0.1043134815211455, 51.522534015934525], [-0.10445753521777928, 51.52253634398969], [-0.10460158893375703, 51.52253867186802], [-0.10459785747571666, 51.522628536923314], [-0.10445380347651491, 51.52262620903752], [-0.10430974949665878, 51.52262388097492], [-0.1043134815211455, 51.522534015934525]]]}, "properties": {"NoiseClass": "65.0-69.9"}}, {"type": "Feature", "geometry": {"type": "Polygon", "coordinates": [[[-0.0865987916498158, 51.52215645275221], [-0.08674284267291846, 51.522158802546116], [-0.08674660921059048, 51.52206893841558], [-0.08689065996998166, 51.52207128802517], [-0.08687936114801383, 51.52234088043459], [-0.08673530953900636, 51.52233853080245], [-0.08673907611572401, 51.522248666675075], [-0.08659502480941646, 51.52224631687364], [-0.0865987916498158, 51.52215645275221]]]}, "properties": {"NoiseClass": "65.0-69.9"}}, {"type": "Feature", "geometry": {"type": "Polygon", "coordinates": [[[-0.10373353377075284, 51.5226145669565], [-0.1038775876731901, 51.522616895726316], [-0.10402164159501145, 51.52261922431932], [-0.10401790898473158, 51.522709089343216], [-0.10387385477968589, 51.52270676074276], [-0.10372980059402426, 51.5227044319655], [-0.10373353377075284, 51.5226145669565]]]}, "properties": {"NoiseClass": "65.0-69.9"}}, {"type": "Feature", "geometry": {"type": "Polygon", "coordinates": [[[-0.10272515699540312, 51.52259826061735], [-0.10286921076239183, 51.52260059062477], [-0.10286547588632149, 51.52269045558906], [-0.10272142183610995, 51.522688125574184], [-0.10272515699540312, 51.52259826061735]]]}, "properties": {"NoiseClass": "65.0-69.9"}}, {"type": "Feature", "geometry": {"type": "Polygon", "coordinates": [[[-0.10243704951953793, 51.522593600072064], [-0.1025811032477743, 51.522595930433106], [-0.10257736780525757, 51.52268579538249], [-0.10243331379379843, 51.522683465014005], [-0.10243704951953793, 51.522593600072064]]]}, "properties": {"NoiseClass": "65.0-69.9"}}, {"type": "Feature", "geometry": {"type": "Polygon", "coordinates": [[[-0.10315358404479198, 51.52269511508842], [-0.10358574642767808, 51.522702103011426], [-0.1035820129483748, 51.5227919680114], [-0.10314984971581322, 51.522784980066014], [-0.10315358404479198, 51.52269511508842]]]}, "properties": {"NoiseClass": "65.0-69.9"}}, {"type": "Feature", "geometry": {"type": "Polygon", "coordinates": [[[-0.10286547588632149, 51.52269045558906], [-0.10300952995586189, 51.52269278542714], [-0.10300579534365756, 51.52278265039728], [-0.1028617409908932, 51.52278032055175], [-0.10286547588632149, 51.52269045558906]]]}, "properties": {"NoiseClass": "65.0-69.9"}}, {"type": "Feature", "geometry": {"type": "Polygon", "coordinates": [[[-0.10200115187551437, 51.522676472847714], [-0.10243331379379843, 51.522683465014005], [-0.10242957804869628, 51.52277332995433], [-0.10228552377334564, 51.52277099940159], [-0.10199741528073913, 51.52276633776567], [-0.10200115187551437, 51.522676472847714]]]}, "properties": {"NoiseClass": "65.0-69.9"}}, {"type": "Feature", "geometry": {"type": "Polygon", "coordinates": [[[-0.10156899013160414, 51.52266947909022], [-0.10171304402686102, 51.522671810519505], [-0.10170930686563903, 51.522761675422565], [-0.10156525268715814, 51.5227593439858], [-0.10156899013160414, 51.52266947909022]]]}, "properties": {"NoiseClass": "65.0-69.9"}}, {"type": "Feature", "geometry": {"type": "Polygon", "coordinates": [[[-0.10027250594604284, 51.522648488270356], [-0.10027624592011004, 51.52255862344035], [-0.10042029935773938, 51.522560956453404], [-0.10042403902920168, 51.522471091614364], [-0.10056809220303048, 51.522473424443135], [-0.10100025184076815, 51.522480421868735], [-0.10114430509211723, 51.52248275399031], [-0.10114056683675449, 51.52257261886669], [-0.10070840629121713, 51.52256562194913], [-0.10070466716681312, 51.52265548680154], [-0.10041655966689253, 51.52265082129089], [-0.10041281995666318, 51.52274068612677], [-0.10026876595259068, 51.52273835309877], [-0.10027250594604284, 51.522648488270356]]]}, "properties": {"NoiseClass": "65.0-69.9"}}, {"type": "Feature", "geometry": {"type": "Polygon", "coordinates": [[[-0.09811170246000929, 51.52261347174629], [-0.09810795821823694, 51.52270333646267], [-0.0979639045244756, 51.52270100060585], [-0.09796764904946793, 51.522611135896945], [-0.09811170246000929, 51.52261347174629]]]}, "properties": {"NoiseClass": "65.0-69.9"}}, {"type": "Feature", "geometry": {"type": "Polygon", "coordinates": [[[-0.10185336106352026, 51.52276400668251], [-0.10199741528073913, 51.52276633776567], [-0.10199367866659646, 51.52285620268205], [-0.10184962416615159, 51.52285387159144], [-0.10185336106352026, 51.52276400668251]]]}, "properties": {"NoiseClass": "65.0-69.9"}}, {"type": "Feature", "geometry": {"type": "Polygon", "coordinates": [[[-0.10127714438825595, 51.52275468058185], [-0.10142119852802058, 51.5227570123722], [-0.10141746078097683, 51.52284687725877], [-0.10127340635798744, 51.522844545460934], [-0.10127714438825595, 51.52275468058185]]]}, "properties": {"NoiseClass": "65.0-69.9"}}, {"type": "Feature", "geometry": {"type": "Polygon", "coordinates": [[[-0.08687182850242817, 51.522520608699644], [-0.08686806215035206, 51.522610472829804], [-0.08672400969171434, 51.52260812317509], [-0.0867277763270021, 51.52251825905246], [-0.08687182850242817, 51.522520608699644]]]}, "properties": {"NoiseClass": "65.0-69.9"}}, {"type": "Feature", "geometry": {"type": "Polygon", "coordinates": [[[-0.10098529757016747, 51.52283988133487], [-0.10112935195440567, 51.522842213486314], [-0.10112561362153545, 51.52293207835636], [-0.10098155895407127, 51.52292974619745], [-0.10098529757016747, 51.52283988133487]]]}, "properties": {"NoiseClass": "65.0-69.9"}}, {"type": "Feature", "geometry": {"type": "Polygon", "coordinates": [[[-0.09810421395705667, 51.522793201177485], [-0.09824826795341696, 51.52279553686498], [-0.0983923219692135, 51.522797872375676], [-0.09838857825507273, 51.522887737103844], [-0.09824452395605265, 51.52288540158568], [-0.0981004696764688, 51.52288306589071], [-0.09810421395705667, 51.522793201177485]]]}, "properties": {"NoiseClass": "65.0-69.9"}}, {"type": "Feature", "geometry": {"type": "Polygon", "coordinates": [[[-0.1008375043059877, 51.52292741386175], [-0.10083376538728622, 51.52301727871528], [-0.10068971047538665, 51.52301494619532], [-0.10069344967731488, 51.52292508134925], [-0.1008375043059877, 51.52292741386175]]]}, "properties": {"NoiseClass": "65.0-69.9"}}, {"type": "Feature", "geometry": {"type": "Polygon", "coordinates": [[[-0.09939695889137623, 51.5229040807805], [-0.09968506781920947, 51.5229087488112], [-0.09968132663469437, 51.522998613605], [-0.09939321714040922, 51.522993945559385], [-0.09939695889137623, 51.5229040807805]]]}, "properties": {"NoiseClass": "65.0-69.9"}}, {"type": "Feature", "geometry": {"type": "Polygon", "coordinates": [[[-0.09752425275213591, 51.52287372134281], [-0.09752799816561566, 51.52278385665948], [-0.09767205208433655, 51.52278619305419], [-0.09781610602249992, 51.52278852927207], [-0.09780861630902152, 51.52296825866706], [-0.09766456180441055, 51.52296592243421], [-0.09766830695407952, 51.522876057744995], [-0.09752425275213591, 51.52287372134281]]]}, "properties": {"NoiseClass": "65.0-69.9"}}, {"type": "Feature", "geometry": {"type": "Polygon", "coordinates": [[[-0.08744050694145178, 51.52270973383922], [-0.08758455978089628, 51.52271208261745], [-0.08758079480584989, 51.52280194678201], [-0.08743674168319054, 51.522799597996276], [-0.08744050694145178, 51.52270973383922]]]}, "properties": {"NoiseClass": "65.0-69.9"}}, {"type": "Feature", "geometry": {"type": "Polygon", "coordinates": [[[-0.10025754585591917, 51.52300794757458], [-0.10040160070966797, 51.52301028062497], [-0.10039786092190053, 51.52310014545455], [-0.10025380578492378, 51.523097812396664], [-0.10025754585591917, 51.52300794757458]]]}, "properties": {"NoiseClass": "65.0-69.9"}}, {"type": "Feature", "geometry": {"type": "Polygon", "coordinates": [[[-0.09838483452152721, 51.52297760183042], [-0.09838857825507273, 51.522887737103844], [-0.09853263257346585, 51.52289007244519], [-0.09852888912314588, 51.522979937179244], [-0.09867294374420116, 51.52298227235127], [-0.09866920055770356, 51.523072137091255], [-0.09838109076857612, 51.523067466555446], [-0.09838483452152721, 51.52297760183042]]]}, "properties": {"NoiseClass": "65.0-69.9"}}, {"type": "Feature", "geometry": {"type": "Polygon", "coordinates": [[[-0.08671647636257034, 51.5227878514156], [-0.08686052938763415, 51.52279020108533], [-0.08685676297699191, 51.522880065210735], [-0.08671270966871168, 51.52287771553348], [-0.08671647636257034, 51.5227878514156]]]}, "properties": {"NoiseClass": "65.0-69.9"}}, {"type": "Feature", "geometry": {"type": "Polygon", "coordinates": [[[-0.0999656955690588, 51.52309314575058], [-0.10010975066729746, 51.52309547916204], [-0.10010601029368642, 51.523185343975086], [-0.09996195491221822, 51.52318301055617], [-0.0999656955690588, 51.52309314575058]]]}, "properties": {"NoiseClass": "65.0-69.9"}}, {"type": "Feature", "geometry": {"type": "Polygon", "coordinates": [[[-0.09780487142316537, 51.52305812336217], [-0.09794892623041306, 51.5230604594257], [-0.0979451816083737, 51.52315032412672], [-0.09780112651789846, 51.52314798805572], [-0.09780487142316537, 51.52305812336217]]]}, "properties": {"NoiseClass": "65.0-69.9"}}, {"type": "Feature", "geometry": {"type": "Polygon", "coordinates": [[[-0.08699705015787779, 51.52297227884252], [-0.08714110378841895, 51.522974628173685], [-0.0871373379051691, 51.523064492310965], [-0.08699328399140951, 51.52306214297225], [-0.08699705015787779, 51.52297227884252]]]}, "properties": {"NoiseClass": "65.0-69.9"}}, {"type": "Feature", "geometry": {"type": "Polygon", "coordinates": [[[-0.09952604735827043, 51.52326587402017], [-0.09952978888419209, 51.52317600923857], [-0.09967384420748837, 51.52317834318791], [-0.09967010296479709, 51.52326820797699], [-0.09966636170271327, 51.52335807276447], [-0.09952230581295475, 51.52335573880021], [-0.09952604735827043, 51.52326587402017]]]}, "properties": {"NoiseClass": "65.0-69.9"}}, {"type": "Feature", "geometry": {"type": "Polygon", "coordinates": [[[-0.0979414369669256, 51.52324018882613], [-0.09808549236003913, 51.52324252472778], [-0.09808174798241062, 51.52333238943313], [-0.09793769230606635, 51.523330053523985], [-0.0979414369669256, 51.52324018882613]]]}, "properties": {"NoiseClass": "65.0-69.9"}}, {"type": "Feature", "geometry": {"type": "Polygon", "coordinates": [[[-0.08742544579130684, 51.52306919045791], [-0.08756949976362027, 51.5230715392662], [-0.08756573471051278, 51.523161403424425], [-0.08742168045497896, 51.523159054608634], [-0.08742544579130684, 51.52306919045791]]]}, "properties": {"NoiseClass": "65.0-69.9"}}, {"type": "Feature", "geometry": {"type": "Polygon", "coordinates": [[[-0.09851017158048533, 51.52342926082588], [-0.09850642801374218, 51.52351912555044], [-0.09836237171274276, 51.52351679015679], [-0.0983661155627202, 51.523426925439686], [-0.09851017158048533, 51.52342926082588]]]}, "properties": {"NoiseClass": "65.0-69.9"}}, {"type": "Feature", "geometry": {"type": "Polygon", "coordinates": [[[-0.09750177986356574, 51.52341290940957], [-0.09764583576487748, 51.523415245856604], [-0.09764209049873207, 51.523505110536334], [-0.09749803431418806, 51.52350277408183], [-0.09750177986356574, 51.52341290940957]]]}, "properties": {"NoiseClass": "65.0-69.9"}}, {"type": "Feature", "geometry": {"type": "Polygon", "coordinates": [[[-0.08712980608011123, 51.523244220580736], [-0.08712227417697316, 51.5234239488442], [-0.08697821913032282, 51.523421599475434], [-0.08698575159990925, 51.523241871227015], [-0.08712980608011123, 51.523244220580736]]]}, "properties": {"NoiseClass": "65.0-69.9"}}, {"type": "Feature", "geometry": {"type": "Polygon", "coordinates": [[[-0.098938597033227, 51.52352613067061], [-0.09908265341186671, 51.523528465357046], [-0.09908639584567344, 51.523438600602596], [-0.0990901382600825, 51.52334873584654], [-0.09937824994258988, 51.52335340465913], [-0.09952230581295475, 51.52335573880021], [-0.09951856424824539, 51.52344560357866], [-0.09937450809464701, 51.52344326943011], [-0.0993707662273093, 51.52353313419951], [-0.09922670980990726, 51.5235307998667], [-0.09922296763993761, 51.52362066462704], [-0.09936702434057555, 51.52362299896735], [-0.09935954050892147, 51.52380272849824], [-0.0992154832418066, 51.523800394142995], [-0.0990714259940536, 51.52379805961097], [-0.09907891095866118, 51.52361833010994], [-0.09893485429678477, 51.52361599541604], [-0.098938597033227, 51.52352613067061]]]}, "properties": {"NoiseClass": "65.0-69.9"}}, {"type": "Feature", "geometry": {"type": "Polygon", "coordinates": [[[-0.09806677027781205, 51.52369184823861], [-0.09821082710647128, 51.523694184000846], [-0.09820708291503763, 51.523784048705735], [-0.09806302580314046, 51.52378171293602], [-0.09806677027781205, 51.52369184823861]]]}, "properties": {"NoiseClass": "65.0-69.9"}}, {"type": "Feature", "geometry": {"type": "Polygon", "coordinates": [[[-0.09778240170039601, 51.52359731149968], [-0.09792645820703043, 51.523599647608044], [-0.0979227134685306, 51.52368951229959], [-0.0979189687106215, 51.523779376989516], [-0.09777491163751294, 51.52377704086619], [-0.09778240170039601, 51.52359731149968]]]}, "properties": {"NoiseClass": "65.0-69.9"}}, {"type": "Feature", "geometry": {"type": "Polygon", "coordinates": [[[-0.08683039755586228, 51.52350911404421], [-0.08697445286624715, 51.52351146359729], [-0.08711850819612346, 51.52351381297355], [-0.08711474219575366, 51.52360367710132], [-0.086826630989037, 51.52359897815694], [-0.08683039755586228, 51.52350911404421]]]}, "properties": {"NoiseClass": "65.0-69.9"}}, {"type": "Feature", "geometry": {"type": "Polygon", "coordinates": [[[-0.09734274053469746, 51.52377003143539], [-0.09763085458381708, 51.52377470456607], [-0.09762710924001837, 51.523864569239485], [-0.0974830519225272, 51.523862232755086], [-0.09733899462442094, 51.523859896093846], [-0.09734274053469746, 51.52377003143539]]]}, "properties": {"NoiseClass": "65.0-69.9"}}, {"type": "Feature", "geometry": {"type": "Polygon", "coordinates": [[[-0.09676651266943703, 51.52376068305233], [-0.09691056960663014, 51.52376302041331], [-0.09690682284663799, 51.52385288504935], [-0.09676276562620661, 51.523850547680894], [-0.09676651266943703, 51.52376068305233]]]}, "properties": {"NoiseClass": "65.0-69.9"}}, {"type": "Feature", "geometry": {"type": "Polygon", "coordinates": [[[-0.09647839885335067, 51.523756007799946], [-0.0966224557516988, 51.52375834551455], [-0.09661870842523014, 51.52384821013563], [-0.09647465124364371, 51.52384587241355], [-0.09647839885335067, 51.523756007799946]]]}, "properties": {"NoiseClass": "65.0-69.9"}}, {"type": "Feature", "geometry": {"type": "Polygon", "coordinates": [[[-0.09618653693878428, 51.52384119643898], [-0.09633059408148477, 51.52384353451466], [-0.09632684616911327, 51.523933399119215], [-0.09618278874317371, 51.523931061036045], [-0.09618653693878428, 51.52384119643898]]]}, "properties": {"NoiseClass": "65.0-69.9"}}, {"type": "Feature", "geometry": {"type": "Polygon", "coordinates": [[[-0.09704338707472471, 51.52403495152325], [-0.09703964053971158, 51.52412481616203], [-0.09675152437998137, 51.52412014155704], [-0.096755271481479, 51.524030276933246], [-0.09704338707472471, 51.52403495152325]]]}, "properties": {"NoiseClass": "65.0-69.9"}}, {"type": "Feature", "geometry": {"type": "Polygon", "coordinates": [[[-0.0957468675171089, 51.52401391029871], [-0.09574311843291586, 51.524103774870134], [-0.09559906051818293, 51.52410143606476], [-0.09560280988561783, 51.5240115715008], [-0.0957468675171089, 51.52401391029871]]]}, "properties": {"NoiseClass": "65.0-69.9"}}, {"type": "Feature", "geometry": {"type": "Polygon", "coordinates": [[[-0.08756573471051278, 51.523161403424425], [-0.08770978898559605, 51.52316375206343], [-0.08770225938728156, 51.52334348039019], [-0.08784631424832373, 51.523345828867384], [-0.08781996202212515, 51.52397487801375], [-0.08767590517847462, 51.52397252948393], [-0.08769472971090997, 51.52352320871059], [-0.08755067430292836, 51.52352086004154], [-0.08756573471051278, 51.523161403424425]]]}, "properties": {"NoiseClass": "65.0-69.9"}}, {"type": "Feature", "geometry": {"type": "Polygon", "coordinates": [[[-0.08710344407752134, 51.52387326947513], [-0.08711474219575366, 51.52360367710132], [-0.08725879782840898, 51.52360602630829], [-0.08724373476465004, 51.523965482833624], [-0.08709967799906862, 51.523963133596574], [-0.08710344407752134, 51.52387326947513]]]}, "properties": {"NoiseClass": "65.0-69.9"}}, {"type": "Feature", "geometry": {"type": "Polygon", "coordinates": [[[-0.09934457261285994, 51.52416218754109], [-0.09948863103237686, 51.52416452174938], [-0.099484889293117, 51.52425438651362], [-0.09934083059035347, 51.52425205229785], [-0.09934457261285994, 51.52416218754109]]]}, "properties": {"NoiseClass": "65.0-69.9"}}, {"type": "Feature", "geometry": {"type": "Polygon", "coordinates": [[[-0.09660746632928127, 51.52411780398935], [-0.09660371892511632, 51.52420766860409], [-0.09645966061056371, 51.524205330852105], [-0.09631560231543813, 51.52420299292331], [-0.09631935028609075, 51.52411312832352], [-0.09660746632928127, 51.52411780398935]]]}, "properties": {"NoiseClass": "65.0-69.9"}}, {"type": "Feature", "geometry": {"type": "Polygon", "coordinates": [[[-0.09531094474702566, 51.5240967579236], [-0.09545500262288778, 51.52409909708258], [-0.09545125295277487, 51.52418896163748], [-0.09530719479367089, 51.524186622471], [-0.09531094474702566, 51.5240967579236]]]}, "properties": {"NoiseClass": "65.0-69.9"}}, {"type": "Feature", "geometry": {"type": "Polygon", "coordinates": [[[-0.08724373476465004, 51.523965482833624], [-0.08738779154975038, 51.52396783189386], [-0.08738402601824659, 51.52405769602874], [-0.0872399689499108, 51.524055346960985], [-0.08724373476465004, 51.523965482833624]]]}, "properties": {"NoiseClass": "65.0-69.9"}}, {"type": "Feature", "geometry": {"type": "Polygon", "coordinates": [[[-0.09876459597334894, 51.52424271366666], [-0.09876833912883995, 51.52415284893977], [-0.09891239747072889, 51.52415518385532], [-0.09891614032357325, 51.52406531911939], [-0.09906019840164978, 51.52406765385065], [-0.09904897063465377, 51.52433724807611], [-0.09890491170683814, 51.524334913322434], [-0.09890865459848411, 51.52424504858968], [-0.09876459597334894, 51.52424271366666]]]}, "properties": {"NoiseClass": "65.0-69.9"}}, {"type": "Feature", "geometry": {"type": "Polygon", "coordinates": [[[-0.10230538271833689, 51.511890341041294], [-0.102301648163709, 51.511980206141395], [-0.1034538106321913, 51.51199884269948], [-0.10345754292243121, 51.51190897753976], [-0.10360156303500939, 51.511911306306764], [-0.10360529502285944, 51.511821441138025], [-0.1038933347399043, 51.51182609812692], [-0.10389706614232089, 51.5117362329417], [-0.10404108574681861, 51.5117385611636], [-0.10404854792755383, 51.51155883077351], [-0.10419256698529979, 51.51156115880378], [-0.10420748998258535, 51.51120169797487], [-0.10406347205699999, 51.511199369974406], [-0.10405974105364124, 51.51128923517654], [-0.10391572286435401, 51.511286906991884], [-0.10391945415075111, 51.51119704179719], [-0.10319936490963905, 51.51118539826021], [-0.10305534711942918, 51.51118306902262], [-0.10262329386490619, 51.51117608024948], [-0.10261956003117537, 51.5112659453771], [-0.10261582617809499, 51.511355810503154], [-0.10261209230566384, 51.51144567562764], [-0.10246807374372768, 51.51144334566075], [-0.10246433956890665, 51.5115332107762], [-0.10260835841388434, 51.51153554075053], [-0.10260462450275408, 51.51162540587185], [-0.10246060537473405, 51.51162307589007], [-0.10231658626609931, 51.51162074573155], [-0.10231285176953164, 51.51171061083639], [-0.10216883239717521, 51.511708280493686], [-0.1021800366779454, 51.51143868519682], [-0.1020360181740993, 51.51143635469976], [-0.10203975317868666, 51.5113464896051], [-0.10189573497720544, 51.51134415893875], [-0.10189947024547441, 51.51125429384995], [-0.10204348816391848, 51.51125662450885], [-0.10205095807631519, 51.51107689431164], [-0.10219497544801422, 51.51107922477889], [-0.10219124078452743, 51.51116908988575], [-0.10247927615208349, 51.51117375030496], [-0.10248301024950036, 51.5110838851832], [-0.10277104512842294, 51.51108854488058], [-0.10277851213307279, 51.510908814602494], [-0.10191441112498287, 51.510894833479064], [-0.10191814629646906, 51.510804968382374], [-0.10307027886446368, 51.51082360840683], [-0.1030665459572224, 51.510913473563164], [-0.10335457985878056, 51.51091813181688], [-0.10335831219995996, 51.51082826664568], [-0.10393437910297752, 51.510837581002605], [-0.1040783958770897, 51.51083990915001], [-0.10422241267053829, 51.510842237120684], [-0.10421868202754975, 51.51093210233661], [-0.10436269912332787, 51.51093443013801], [-0.10435523834542094, 51.511114160579986], [-0.10449925602663569, 51.51111648821956], [-0.10449552589172052, 51.51120635344564], [-0.10463954387530013, 51.51120868091592], [-0.10464700355972689, 51.51102895044728], [-0.10450298614222, 51.511026622991906], [-0.10451044631539798, 51.51084689253187], [-0.10623864980792097, 51.51087481015371], [-0.10624237646913462, 51.510784944832004], [-0.1063863932693863, 51.51078727014431], [-0.10710647756022176, 51.51079889405491], [-0.10711020250393402, 51.510709028687], [-0.10826233610874576, 51.510727617694556], [-0.10825861342929302, 51.510817483121926], [-0.11157101092766916, 51.510870863685454], [-0.11157472709733038, 51.51078099808729], [-0.11272686548223569, 51.510799543265875], [-0.11272315157686616, 51.510889408923376], [-0.11200306352672793, 51.510877819475155], [-0.11199934818692123, 51.510967685093995], [-0.11055917070044338, 51.51094449286854], [-0.11055545251099659, 51.51103435841161], [-0.11314777846768086, 51.51107609182628], [-0.1131514915624234, 51.51098622614969], [-0.1137275637120455, 51.51099549243598], [-0.11373127565538922, 51.51090562672816], [-0.11401931127952829, 51.510910258796095], [-0.11401559990226406, 51.51100012451872], [-0.1138715817975207, 51.510997808565705], [-0.11386787011798144, 51.511087674279345], [-0.1137238517494655, 51.5110853581422], [-0.1134358150701095, 51.51108072533771], [-0.11343210252220974, 51.51117059102754], [-0.11285602826218362, 51.511161323268105], [-0.11285231456287069, 51.5112511889267], [-0.10838774072114303, 51.511179267683524], [-0.10838401822827023, 51.51126913311046], [-0.10780794440143532, 51.51125984054903], [-0.10780422075710597, 51.51134970594463], [-0.1076602020656201, 51.51134738235503], [-0.10765647811895096, 51.51143724774163], [-0.10736844022772223, 51.51143260001732], [-0.10737216474047642, 51.51134273464558], [-0.10722814610688819, 51.511340410525776], [-0.10723187088338201, 51.511250545159896], [-0.1066557976741362, 51.51124124694306], [-0.10665952356348361, 51.51115138160534], [-0.10781166802646833, 51.511169975151844], [-0.10781539163220541, 51.51108010975307], [-0.10896753506589414, 51.51109869192928], [-0.10897125638803484, 51.51100882646948], [-0.10853920330484848, 51.511001859501164], [-0.10854292545681349, 51.51091199406207], [-0.10638266689120543, 51.51087713547346], [-0.10637894049371396, 51.51096700080101], [-0.10493876769984625, 51.51094373957633], [-0.1049350384526944, 51.511033604827865], [-0.10479102099653169, 51.511031277725955], [-0.10478729144701773, 51.5111211429685], [-0.10651550559247076, 51.51114905661674], [-0.10651177942008425, 51.51123892194702], [-0.106079724773825, 51.5112319458985], [-0.10607599773300959, 51.51132181120487], [-0.10593197927319675, 51.51131948549447], [-0.10592825193002481, 51.51140935079181], [-0.1057842332064568, 51.511407024897224], [-0.10578050556092636, 51.51149689018556], [-0.10563648657363378, 51.51149456410682], [-0.10564021450220655, 51.5114046988259], [-0.1054961958173055, 51.51140237257788], [-0.10549992400959925, 51.51131250730284], [-0.10564394241145998, 51.51131483354345], [-0.10564767030139438, 51.51122496825939], [-0.10535963408304164, 51.51122031561635], [-0.10535217715169397, 51.51140004615309], [-0.10520815850540463, 51.511397719551574], [-0.10521188726378028, 51.51130785429143], [-0.10506786891988602, 51.51130552752065], [-0.10506413987847124, 51.51139539277333], [-0.10492012127082818, 51.511393065818346], [-0.10491639192704613, 51.511482931062034], [-0.10477237305569007, 51.51148060392288], [-0.10476864340953876, 51.511570469157505], [-0.104912662563938, 51.51157279630412], [-0.10490520377974176, 51.51175252678356], [-0.10476118405925193, 51.511750199622085], [-0.10475745435511674, 51.51184006485196], [-0.1046134343709393, 51.511837737506305], [-0.10460970436442656, 51.511927602727184], [-0.10446568411649952, 51.511925275197335], [-0.10445822347938276, 51.51210500561947], [-0.10460224429341156, 51.512107333164224], [-0.10458732391941616, 51.51246679401933], [-0.10444330197316638, 51.51246446644479], [-0.1042992800462479, 51.512462138693515], [-0.10430674140413213, 51.5122824082989], [-0.10416272006269478, 51.512280080385786], [-0.10415525813869765, 51.5124598107655], [-0.10401123625044736, 51.51245748266076], [-0.10402242995660786, 51.51218788711116], [-0.10387840893686234, 51.51218555885203], [-0.10388214041662906, 51.51209569367312], [-0.10359409900128846, 51.51209103663951], [-0.10359036695541718, 51.512180901803525], [-0.10301428322459338, 51.5121715855857], [-0.1030068168103967, 51.51235131584935], [-0.10300308357427838, 51.51244118097882], [-0.10285906184079446, 51.51243885146016], [-0.10257101843181284, 51.51243419189262], [-0.10256728432717546, 51.512524056998146], [-0.10227924042951465, 51.51251939670876], [-0.10213521850970045, 51.51251706629895], [-0.10214642331305629, 51.51224747104474], [-0.10200240226179304, 51.51224514048057], [-0.1020136077401024, 51.51197554523452], [-0.10215762794221282, 51.511977875776324], [-0.10216136277988895, 51.51188801068367], [-0.10230538271833689, 51.511890341041294]]]}, "properties": {"NoiseClass": "70.0-74.9"}}, {"type": "Feature", "geometry": {"type": "Polygon", "coordinates": [[[-0.104185105370654, 51.511740889208774], [-0.1041813745343308, 51.51183075440888], [-0.10432539446051194, 51.51183308228475], [-0.10432912501378844, 51.51174321707719], [-0.104185105370654, 51.511740889208774]]]}, "properties": {"NoiseClass": "70.0-74.9"}}, {"type": "Feature", "geometry": {"type": "Polygon", "coordinates": [[[-0.10349859683854117, 51.51092046067867], [-0.10349113266422481, 51.51110019103127], [-0.1040672030410239, 51.51110950477066], [-0.10407466495106875, 51.51092977435847], [-0.10349859683854117, 51.51092046067867]]]}, "properties": {"NoiseClass": "70.0-74.9"}}, {"type": "Feature", "geometry": {"type": "Polygon", "coordinates": [[[-0.10443957154828237, 51.51255433164716], [-0.10458359377759038, 51.51255665922914], [-0.10457986361643493, 51.512646524437386], [-0.10443584110406594, 51.51264419684795], [-0.10443957154828237, 51.51255433164716]]]}, "properties": {"NoiseClass": "70.0-74.9"}}, {"type": "Feature", "geometry": {"type": "Polygon", "coordinates": [[[-0.10400004237025681, 51.51272707819611], [-0.10414406510768699, 51.5127294063232], [-0.10414033405867881, 51.51281927150596], [-0.1039963110381864, 51.51281694337141], [-0.10400004237025681, 51.51272707819611]]]}, "properties": {"NoiseClass": "70.0-74.9"}}, {"type": "Feature", "geometry": {"type": "Polygon", "coordinates": [[[-0.1039888483160335, 51.512996673717275], [-0.10399257968677914, 51.512906808545125], [-0.10413660299033575, 51.51290913668712], [-0.10412540966928951, 51.51317873222116], [-0.1039813855165312, 51.513176404056814], [-0.1039888483160335, 51.512996673717275]]]}, "properties": {"NoiseClass": "70.0-74.9"}}, {"type": "Feature", "geometry": {"type": "Polygon", "coordinates": [[[-0.10383736138311257, 51.51317407571573], [-0.1039813855165312, 51.513176404056814], [-0.10397765408777307, 51.51326626922421], [-0.10383362967128423, 51.51326394087568], [-0.10383736138311257, 51.51317407571573]]]}, "properties": {"NoiseClass": "70.0-74.9"}}, {"type": "Feature", "geometry": {"type": "Polygon", "coordinates": [[[-0.104409727453232, 51.51327325320934], [-0.10455375194706387, 51.513275580850895], [-0.10455002163125506, 51.51336544604653], [-0.10440599685435181, 51.51336311839751], [-0.104409727453232, 51.51327325320934]]]}, "properties": {"NoiseClass": "70.0-74.9"}}, {"type": "Feature", "geometry": {"type": "Polygon", "coordinates": [[[-0.10382243441976463, 51.51353353634605], [-0.10396645968547268, 51.51353586471693], [-0.10396272817936274, 51.513625729878015], [-0.103818702630579, 51.51362340149969], [-0.10382243441976463, 51.51353353634605]]]}, "properties": {"NoiseClass": "70.0-74.9"}}, {"type": "Feature", "geometry": {"type": "Polygon", "coordinates": [[[-0.10454629129611491, 51.51345531124054], [-0.10469031637539294, 51.51345763872024], [-0.10468285621326627, 51.51363736911846], [-0.10482688187805847, 51.51363969643634], [-0.10481942220476612, 51.51381942684311], [-0.10467539597381614, 51.513817099510376], [-0.10467912610320727, 51.513727234315205], [-0.10439107426549363, 51.513722579134374], [-0.10440226623613796, 51.51345298358409], [-0.10454629129611491, 51.51345531124054]]]}, "properties": {"NoiseClass": "70.0-74.9"}}, {"type": "Feature", "geometry": {"type": "Polygon", "coordinates": [[[-0.10410302250511591, 51.51371792324655], [-0.10410675374748614, 51.513628058079604], [-0.10425077933491181, 51.513630386104445], [-0.10424331739699065, 51.51381011645166], [-0.104099291243408, 51.513807788411924], [-0.10410302250511591, 51.51371792324655]]]}, "properties": {"NoiseClass": "70.0-74.9"}}, {"type": "Feature", "geometry": {"type": "Polygon", "coordinates": [[[-0.10381123899418769, 51.51380313180222], [-0.10381497082205333, 51.51371326665174], [-0.10395899665391439, 51.51371559503752], [-0.10395153354500278, 51.51389532535179], [-0.10380750714698234, 51.513892996951114], [-0.10381123899418769, 51.51380313180222]]]}, "properties": {"NoiseClass": "70.0-74.9"}}, {"type": "Feature", "geometry": {"type": "Polygon", "coordinates": [[[-0.10395153354500278, 51.51389532535179], [-0.10409555996236325, 51.51389765357573], [-0.1040918286619813, 51.51398751873791], [-0.10394780196153877, 51.513985190506546], [-0.10395153354500278, 51.51389532535179]]]}, "properties": {"NoiseClass": "70.0-74.9"}}, {"type": "Feature", "geometry": {"type": "Polygon", "coordinates": [[[-0.10481569233912504, 51.513909292044154], [-0.10481196245415461, 51.513999157243575], [-0.10479704272096863, 51.51435861802559], [-0.10465301479151035, 51.51435629064817], [-0.1046567450368903, 51.5142664254625], [-0.10451271740988431, 51.51426409791578], [-0.10452390887929111, 51.51399450237157], [-0.10466793565704131, 51.51399682989595], [-0.10467166582509382, 51.51390696470396], [-0.10481569233912504, 51.513909292044154]]]}, "properties": {"NoiseClass": "70.0-74.9"}}, {"type": "Feature", "geometry": {"type": "Polygon", "coordinates": [[[-0.1040918286619813, 51.51398751873791], [-0.10423585538172574, 51.513989846792555], [-0.10422093111916453, 51.51434930745541], [-0.1040769032670771, 51.514346979370984], [-0.1040918286619813, 51.51398751873791]]]}, "properties": {"NoiseClass": "70.0-74.9"}}, {"type": "Feature", "geometry": {"type": "Polygon", "coordinates": [[[-0.10420600654721905, 51.514708768093], [-0.1042097377192109, 51.51461890293597], [-0.10406570901785057, 51.5146165748292], [-0.10406944045359795, 51.51452670967804], [-0.10392541205463315, 51.51452438140197], [-0.10392914375413174, 51.514434516256685], [-0.10393287543429193, 51.51434465110981], [-0.1040769032670771, 51.514346979370984], [-0.10407317187000617, 51.514436844525314], [-0.1043612281597321, 51.5144415005323], [-0.1043463046428113, 51.51480096119337], [-0.10420227535589, 51.514798633248446], [-0.10420600654721905, 51.514708768093]]]}, "properties": {"NoiseClass": "70.0-74.9"}}, {"type": "Feature", "geometry": {"type": "Polygon", "coordinates": [[[-0.10479331273934545, 51.514448483217166], [-0.10493734097122626, 51.514450810425274], [-0.10493361125336421, 51.51454067562268], [-0.10478958273839296, 51.51453834840712], [-0.10478212267849259, 51.51471807878234], [-0.10492615175965139, 51.51472040601279], [-0.10492242198380067, 51.51481027120548], [-0.10491869218862108, 51.51490013639657], [-0.10477466254126871, 51.51489780915123], [-0.10477839261954545, 51.51480794396758], [-0.10463436327462314, 51.51480561655293], [-0.10464928452679752, 51.51444615583229], [-0.10479331273934545, 51.514448483217166]]]}, "properties": {"NoiseClass": "70.0-74.9"}}, {"type": "Feature", "geometry": {"type": "Polygon", "coordinates": [[[-0.10491496237411059, 51.51499000158609], [-0.10505899232385767, 51.51499232866214], [-0.10505526277311823, 51.51508219385751], [-0.10491123254026961, 51.51507986677403], [-0.10491496237411059, 51.51499000158609]]]}, "properties": {"NoiseClass": "70.0-74.9"}}, {"type": "Feature", "geometry": {"type": "Polygon", "coordinates": [[[-0.1041761564751431, 51.51542768929235], [-0.10417988780183401, 51.51533782414798], [-0.1043239187873579, 51.51534015213757], [-0.10432764981160765, 51.51525028698414], [-0.1041836191091873, 51.515247959002], [-0.10418735039720335, 51.51515809385443], [-0.10419481291522174, 51.5149783635546], [-0.10419854414522452, 51.51488849840232], [-0.10434257371524297, 51.514890826354666], [-0.10433884276833781, 51.514980691514396], [-0.10448287264078794, 51.51498301929747], [-0.10447168053336164, 51.51525261478954], [-0.10461571127441872, 51.51525494241819], [-0.10460078932625445, 51.515614403081955], [-0.10445675745277092, 51.51561207542353], [-0.10445302663428489, 51.515701940578076], [-0.1043089944969949, 51.51569961273544], [-0.10432018774377255, 51.51543001728942], [-0.1041761564751431, 51.51542768929235]]]}, "properties": {"NoiseClass": "70.0-74.9"}}, {"type": "Feature", "geometry": {"type": "Polygon", "coordinates": [[[-0.09999177897173202, 51.51553983034012], [-0.09999551854718752, 51.515449965415165], [-0.10013954953751984, 51.51545229854561], [-0.10028358054719698, 51.51545463149933], [-0.10027984153795053, 51.515544496439226], [-0.1001358102451679, 51.51554216347806], [-0.10013207093343697, 51.51563202840892], [-0.09998803937689438, 51.51562969526353], [-0.09999177897173202, 51.51553983034012]]]}, "properties": {"NoiseClass": "70.0-74.9"}}, {"type": "Feature", "geometry": {"type": "Polygon", "coordinates": [[[-0.10013207093343697, 51.51563202840892], [-0.10027610250932553, 51.51563436137757], [-0.10042013410462727, 51.51563669416944], [-0.10041639533973239, 51.515726559113645], [-0.10012833160232665, 51.51572189333823], [-0.10013207093343697, 51.51563202840892]]]}, "properties": {"NoiseClass": "70.0-74.9"}}, {"type": "Feature", "geometry": {"type": "Polygon", "coordinates": [[[-0.10128058701697641, 51.51574055219776], [-0.1014246190309916, 51.515742883759785], [-0.10142088222848868, 51.515832748754676], [-0.10127684993136314, 51.51583041718518], [-0.10128058701697641, 51.51574055219776]]]}, "properties": {"NoiseClass": "70.0-74.9"}}, {"type": "Feature", "geometry": {"type": "Polygon", "coordinates": [[[-0.09969623614151768, 51.51571489334936], [-0.09984026794240586, 51.51571722685575], [-0.09984400783973117, 51.5156273619414], [-0.09998803937689438, 51.51562969526353], [-0.09998429976267656, 51.51571956018536], [-0.10012833160232665, 51.51572189333823], [-0.10012459225183581, 51.51581175826595], [-0.09969249594170068, 51.5158047582547], [-0.09969623614151768, 51.51571489334936]]]}, "properties": {"NoiseClass": "70.0-74.9"}}, {"type": "Feature", "geometry": {"type": "Polygon", "coordinates": [[[-0.10113281765360707, 51.515828085438926], [-0.10127684993136314, 51.51583041718518], [-0.1012731128263821, 51.51592028217099], [-0.10112908026551533, 51.51591795041728], [-0.10113281765360707, 51.515828085438926]]]}, "properties": {"NoiseClass": "70.0-74.9"}}, {"type": "Feature", "geometry": {"type": "Polygon", "coordinates": [[[-0.10490750268709897, 51.5151697319604], [-0.10505153320304914, 51.51517205905133], [-0.10504780361365115, 51.51526192424357], [-0.10490377281459785, 51.51525959714519], [-0.10490004292276543, 51.515349462328416], [-0.10504407400492348, 51.515351789434234], [-0.1050403443768681, 51.515441654623295], [-0.10489631301160413, 51.51543932751001], [-0.1048925830811104, 51.515529192690096], [-0.10518064639721604, 51.51553384675474], [-0.10546870979063451, 51.51553850011238], [-0.10546498097324866, 51.5156283653206], [-0.10532094898378178, 51.515626038722715], [-0.10531721986395913, 51.51571590392195], [-0.1056052844284698, 51.51572055695583], [-0.10561274151634661, 51.515540826526035], [-0.10575677326138325, 51.51554315276296], [-0.10575304501021725, 51.515633017986076], [-0.1063291733159482, 51.515642321195905], [-0.10631426464787827, 51.51600178219172], [-0.10617023141002617, 51.515999456624634], [-0.10617395888913399, 51.51590959138552], [-0.10588589303755847, 51.51590493973594], [-0.10588216499221852, 51.51599480496018], [-0.1055940986517253, 51.51599015258868], [-0.10559037002082836, 51.51608001779649], [-0.10544633659643618, 51.516077691338154], [-0.10544260766309686, 51.51616755653694], [-0.10529857397494198, 51.5161652298944], [-0.10530230319139913, 51.51607536470306], [-0.10515826980565919, 51.51607303789122], [-0.10515454030608339, 51.516162903075085], [-0.10486647302638792, 51.5161582489062], [-0.10488885313128773, 51.51561905786855], [-0.10474482121910386, 51.51561673056363], [-0.1047634721904459, 51.51516740469272], [-0.10490750268709897, 51.5151697319604]]]}, "properties": {"NoiseClass": "70.0-74.9"}}, {"type": "Feature", "geometry": {"type": "Polygon", "coordinates": [[[-0.10589334907027743, 51.515725209282664], [-0.10588962106357862, 51.51581507451009], [-0.1061776863489248, 51.51581972614478], [-0.10618141378939748, 51.51572986090247], [-0.10589334907027743, 51.515725209282664]]]}, "properties": {"NoiseClass": "70.0-74.9"}}, {"type": "Feature", "geometry": {"type": "Polygon", "coordinates": [[[-0.10516945818841562, 51.51580344233006], [-0.10516572874682528, 51.51589330751871], [-0.10530976156633272, 51.515895634315676], [-0.10531349072480918, 51.51580576911961], [-0.10516945818841562, 51.51580344233006]]]}, "properties": {"NoiseClass": "70.0-74.9"}}, {"type": "Feature", "geometry": {"type": "Polygon", "coordinates": [[[-0.10083727722823337, 51.516003151341465], [-0.10126937570203277, 51.51601014715524], [-0.10126563855831523, 51.51610001213791], [-0.10112160543121992, 51.51609768036929], [-0.10097757232352662, 51.516095348423896], [-0.10083353923517223, 51.51609301630175], [-0.10083727722823337, 51.516003151341465]]]}, "properties": {"NoiseClass": "70.0-74.9"}}, {"type": "Feature", "geometry": {"type": "Polygon", "coordinates": [[[-0.1001171134927164, 51.51599148811662], [-0.10026114620104419, 51.5159938211151], [-0.10025740707552834, 51.516083686045526], [-0.10011337408408666, 51.516081353039596], [-0.1001171134927164, 51.51599148811662]]]}, "properties": {"NoiseClass": "70.0-74.9"}}, {"type": "Feature", "geometry": {"type": "Polygon", "coordinates": [[[-0.10515454030608339, 51.516162903075085], [-0.10529857397494198, 51.5161652298944], [-0.10529484473915673, 51.516255095084134], [-0.1051508107871799, 51.516252768257374], [-0.10515454030608339, 51.516162903075085]]]}, "properties": {"NoiseClass": "70.0-74.9"}}, {"type": "Feature", "geometry": {"type": "Polygon", "coordinates": [[[-0.10140967170478042, 51.51610234372979], [-0.1015537048705788, 51.516104675144895], [-0.10154996827372634, 51.51619454014088], [-0.10140593482481128, 51.51619220871832], [-0.10140967170478042, 51.51610234372979]]]}, "properties": {"NoiseClass": "70.0-74.9"}}, {"type": "Feature", "geometry": {"type": "Polygon", "coordinates": [[[-0.10025740707552834, 51.516083686045526], [-0.10040144008638396, 51.51608601887473], [-0.10040517892878631, 51.51599615393682], [-0.10026114620104419, 51.5159938211151], [-0.10026488530718267, 51.51590395618307], [-0.10012085288196639, 51.51590162319204], [-0.10012459225183581, 51.51581175826595], [-0.10041265655546017, 51.51581642405631], [-0.10041639533973239, 51.515726559113645], [-0.10099252304708528, 51.515735888543425], [-0.10113655502233061, 51.51573822045898], [-0.10113281765360707, 51.515828085438926], [-0.10098878539525227, 51.51582575351591], [-0.10098504772404861, 51.51591561848681], [-0.10084101520192153, 51.51591328637958], [-0.10084475315623585, 51.51582342141615], [-0.10070072093659128, 51.515821089139635], [-0.10069698269916509, 51.515910954095595], [-0.10084101520192153, 51.51591328637958], [-0.10083727722823337, 51.516003151341465], [-0.10069324444236466, 51.51600081905001], [-0.10068576787064115, 51.516180548954054], [-0.10054173453795266, 51.51617821647093], [-0.10053799593991215, 51.51626808141313], [-0.10039396234344745, 51.51626574874575], [-0.10039770122460458, 51.516175883811016], [-0.10025366793063388, 51.51617355097437], [-0.10025740707552834, 51.516083686045526]]]}, "properties": {"NoiseClass": "70.0-74.9"}}, {"type": "Feature", "geometry": {"type": "Polygon", "coordinates": [[[-0.1044194483977965, 51.51651072689794], [-0.10456348310244817, 51.516513054630856], [-0.10455975237372554, 51.516602919777064], [-0.10441571738594886, 51.51660059203672], [-0.1044194483977965, 51.51651072689794]]]}, "properties": {"NoiseClass": "70.0-74.9"}}, {"type": "Feature", "geometry": {"type": "Polygon", "coordinates": [[[-0.1051508107871799, 51.516252768257374], [-0.10514708124894591, 51.51634263343811], [-0.10513589251826871, 51.516612228970814], [-0.10527992760273919, 51.516614555827346], [-0.10527619827031505, 51.51670442100921], [-0.10498812755444906, 51.5166997671045], [-0.1050067768545308, 51.516250441253874], [-0.1051508107871799, 51.516252768257374]]]}, "properties": {"NoiseClass": "70.0-74.9"}}, {"type": "Feature", "geometry": {"type": "Polygon", "coordinates": [[[-0.08698386173181184, 51.51640749500012], [-0.08683982883080399, 51.51640514568734], [-0.08684359440240567, 51.51631528146299], [-0.0869876270203032, 51.51631763076825], [-0.08698386173181184, 51.51640749500012]]]}, "properties": {"NoiseClass": "70.0-74.9"}}, {"type": "Feature", "geometry": {"type": "Polygon", "coordinates": [[[-0.10527619827031505, 51.51670442100921], [-0.1054202336572112, 51.516706747696404], [-0.10541650458858798, 51.51679661288411], [-0.10527246891856404, 51.516794286189466], [-0.10527619827031505, 51.51670442100921]]]}, "properties": {"NoiseClass": "70.0-74.9"}}, {"type": "Feature", "geometry": {"type": "Polygon", "coordinates": [[[-0.08698386173181184, 51.51640749500012], [-0.08712789465230357, 51.51640984413615], [-0.08712412962741081, 51.51649970837391], [-0.08698009642380673, 51.51649735923038], [-0.08698386173181184, 51.51640749500012]]]}, "properties": {"NoiseClass": "70.0-74.9"}}, {"type": "Feature", "geometry": {"type": "Polygon", "coordinates": [[[-0.08669579594931182, 51.51640279619778], [-0.08683982883080399, 51.51640514568734], [-0.0868360632396874, 51.516495009910074], [-0.08669203007508373, 51.516492660413014], [-0.08669579594931182, 51.51640279619778]]]}, "properties": {"NoiseClass": "70.0-74.9"}}, {"type": "Feature", "geometry": {"type": "Polygon", "coordinates": [[[-0.08625616395532967, 51.516575475052356], [-0.08640019734448859, 51.516577825087225], [-0.0863964308649966, 51.51666768928427], [-0.08625239719272339, 51.51666533924189], [-0.08625616395532967, 51.516575475052356]]]}, "properties": {"NoiseClass": "70.0-74.9"}}, {"type": "Feature", "geometry": {"type": "Polygon", "coordinates": [[[-0.08596809723560864, 51.516570774452376], [-0.08611213058572303, 51.51657312484075], [-0.08610836354000326, 51.516662989022755], [-0.08596432990677538, 51.51666063862685], [-0.08596809723560864, 51.516570774452376]]]}, "properties": {"NoiseClass": "70.0-74.9"}}, {"type": "Feature", "geometry": {"type": "Polygon", "coordinates": [[[-0.08610836354000326, 51.516662989022755], [-0.08625239719272339, 51.51666533924189], [-0.08624863041059624, 51.516755203429796], [-0.08610459647476143, 51.51675285320315], [-0.08610836354000326, 51.516662989022755]]]}, "properties": {"NoiseClass": "70.0-74.9"}}, {"type": "Feature", "geometry": {"type": "Polygon", "coordinates": [[[-0.08812107335272613, 51.516785740291084], [-0.08826510756173783, 51.51678808804309], [-0.08826134472373634, 51.51687795233468], [-0.08811731023160638, 51.51687560457515], [-0.08812107335272613, 51.516785740291084]]]}, "properties": {"NoiseClass": "70.0-74.9"}}, {"type": "Feature", "geometry": {"type": "Polygon", "coordinates": [[[-0.10527246891856404, 51.516794286189466], [-0.10526128074733566, 51.517063881720816], [-0.10540531726675484, 51.51706620843779], [-0.10554935380553115, 51.517068534977994], [-0.10554562494273327, 51.517158400166856], [-0.1054015881208228, 51.517156073619205], [-0.1053978589555627, 51.51724593879902], [-0.10510978480348285, 51.51724128515852], [-0.10512843326783722, 51.51679195931805], [-0.10527246891856404, 51.516794286189466]]]}, "properties": {"NoiseClass": "70.0-74.9"}}, {"type": "Feature", "geometry": {"type": "Polygon", "coordinates": [[[-0.08826134472373634, 51.51687795233468], [-0.08840537923540029, 51.51688029991742], [-0.08840161666101763, 51.5169701642149], [-0.08825758186623345, 51.51696781662464], [-0.08826134472373634, 51.51687795233468]]]}, "properties": {"NoiseClass": "70.0-74.9"}}, {"type": "Feature", "geometry": {"type": "Polygon", "coordinates": [[[-0.08840161666101763, 51.5169701642149], [-0.0885456514753028, 51.51697251162841], [-0.08854188916454303, 51.517062375931815], [-0.0883978540671352, 51.51706002851079], [-0.08840161666101763, 51.5169701642149]]]}, "properties": {"NoiseClass": "70.0-74.9"}}, {"type": "Feature", "geometry": {"type": "Polygon", "coordinates": [[[-0.08580522565001875, 51.51701774470617], [-0.08594926039619281, 51.517020095308915], [-0.08594549296973342, 51.51710995947548], [-0.08580145794043827, 51.51710760886521], [-0.08580522565001875, 51.51701774470617]]]}, "properties": {"NoiseClass": "70.0-74.9"}}, {"type": "Feature", "geometry": {"type": "Polygon", "coordinates": [[[-0.0980370176452649, 51.51748650927592], [-0.09818105489527137, 51.51748884487608], [-0.09818479829476812, 51.517398980075505], [-0.09832883528104049, 51.51740131549142], [-0.09833257837800265, 51.51731145068178], [-0.09847661510051073, 51.51731378591345], [-0.09848035789494067, 51.51722392109475], [-0.09833632145556517, 51.51722158587055], [-0.09834006451372765, 51.51713172105776], [-0.09848410066997217, 51.517134056274486], [-0.09848784342560642, 51.517044191452634], [-0.09855146730364657, 51.515516489239246], [-0.09840743624350984, 51.51551415415698], [-0.0984111789331079, 51.51542428931417], [-0.09826714817544137, 51.51542195406264], [-0.09827089112874536, 51.51533208922567], [-0.09841492160331033, 51.51533442446975], [-0.09841866425411544, 51.51524455962374], [-0.09827463406265004, 51.515242224387165], [-0.09827837697715791, 51.51515235954705], [-0.09813434708819015, 51.515150024141164], [-0.09813809026639678, 51.515060159306955], [-0.09799406067992464, 51.5150578237318], [-0.09799031721862086, 51.51514768855855], [-0.09770225753771697, 51.51514301686302], [-0.09769851349081518, 51.515232881673256], [-0.09755448339635518, 51.51523054555289], [-0.09755822772635415, 51.515140680750136], [-0.09741419793442756, 51.51513834446049], [-0.0974104533213306, 51.51522820925576], [-0.09726642326568223, 51.51522587278189], [-0.09726267835008012, 51.51531573756809], [-0.0974067086888273, 51.515318074049425], [-0.0974104533213306, 51.51522820925576], [-0.09755448339635518, 51.51523054555289], [-0.09755073904695141, 51.51532041035403], [-0.0976947694245114, 51.51532274648187], [-0.0976910253388024, 51.51541261128893], [-0.09783505601886676, 51.51541494724749], [-0.0978425436046796, 51.515235217616855], [-0.09798657373791583, 51.51523755338372], [-0.09799031721862086, 51.51514768855855], [-0.09813434708819015, 51.515150024141164], [-0.09813060389058353, 51.515239888973824], [-0.09827463406265004, 51.515242224387165], [-0.09827089112874536, 51.51533208922567], [-0.09798283023781118, 51.515327418207264], [-0.0979790867183041, 51.51541728302928], [-0.09812311743717295, 51.515419618634354], [-0.09811937418136897, 51.51550948346221], [-0.0979753431793974, 51.51550714784969], [-0.09797159962108788, 51.515597012668536], [-0.09782756835544425, 51.51559467687179], [-0.09782008061440887, 51.515774406489804], [-0.09767604880192518, 51.515772070501356], [-0.09767230461919454, 51.515861935300464], [-0.09752827254300776, 51.51585959912779], [-0.09738424048625677, 51.51585726277835], [-0.09738049571790193, 51.51594712756096], [-0.09723646339741884, 51.5159447910273], [-0.09722897323626305, 51.51612452057284], [-0.09737300612296954, 51.516126857121456], [-0.09736551645040323, 51.516306586675654], [-0.09750954992271645, 51.51630892306247], [-0.09750580534043914, 51.516398787844636], [-0.09736177158500849, 51.51639645145035], [-0.09735802670020458, 51.51648631622349], [-0.09721399268103423, 51.51648397964496], [-0.0972102474937017, 51.51657384440904], [-0.0970662132108223, 51.516571507646276], [-0.0970774495639423, 51.51630191337173], [-0.09693341614985983, 51.516299576454614], [-0.09691468738200482, 51.516748900200234], [-0.09677065257170527, 51.51674656306897], [-0.09662661778082206, 51.51674422576097], [-0.09663036413946423, 51.516654361029964], [-0.09648632965115139, 51.51665202355266], [-0.09649007627349707, 51.51656215882756], [-0.09663411047868925, 51.51656449629737], [-0.09663785679849916, 51.516474631563206], [-0.09664160309889312, 51.51638476682744], [-0.09678563675729657, 51.51638710410554], [-0.09679687469263847, 51.516117509866376], [-0.09665284188357985, 51.51611517261072], [-0.09665658810631007, 51.516025307868645], [-0.09694465317761948, 51.51602998218828], [-0.09694090752111302, 51.51611984694529], [-0.09708494036896655, 51.51612218384745], [-0.09709992174608185, 51.51576272477994], [-0.0972439534809375, 51.51576506147543], [-0.09725144348682158, 51.51558533191724], [-0.09710741231817653, 51.5155829952367], [-0.09709992174608185, 51.51576272477994], [-0.09695589003066714, 51.51576038790772], [-0.09695214443239775, 51.51585025266945], [-0.09666408049352715, 51.51584557837975], [-0.09666782665801198, 51.51575571363294], [-0.0966715728030825, 51.51566584888454], [-0.09681560419659754, 51.51566818610283], [-0.09681935003914897, 51.51557832134535], [-0.0968343332152232, 51.51521886229974], [-0.0968380789607105, 51.515128997534354], [-0.09727016816187715, 51.515136007994094], [-0.0972739130386637, 51.51504614320471], [-0.09770600156521395, 51.51505315205122], [-0.09770974557330728, 51.51496328723784], [-0.09785377483788175, 51.514965623159036], [-0.09828586274797992, 51.51497262986208], [-0.09828211987226812, 51.51506249470535], [-0.09871420880623247, 51.51506949984004], [-0.09885823848965394, 51.51507183453144], [-0.09900226819250127, 51.515074169046066], [-0.09899852671287895, 51.51516403392512], [-0.09914255671821241, 51.51516636827046], [-0.09913881550229839, 51.5152562331554], [-0.09928284581008893, 51.515258567331465], [-0.09927910485788755, 51.51534843222225], [-0.09942313546819838, 51.51535076622904], [-0.09941939477971089, 51.515440631125756], [-0.09985148757623541, 51.51544763210793], [-0.09984774771767514, 51.51553749702544], [-0.09984400783973117, 51.5156273619414], [-0.0996999763219509, 51.51562502844248], [-0.09970371648300003, 51.51553516353399], [-0.09941565407183799, 51.51553049602084], [-0.09941191334457704, 51.5156203609144], [-0.0996999763219509, 51.51562502844248], [-0.09969623614151768, 51.51571489334936], [-0.09883204574337656, 51.515700888599234], [-0.09881707803315107, 51.51606034803177], [-0.09867304523557552, 51.51605801325821], [-0.09865807608259416, 51.51641747263556], [-0.09880211001263316, 51.516419807439], [-0.09879836795901895, 51.51650967228689], [-0.09865433374586008, 51.51650733747597], [-0.09863562177125834, 51.51695666165422], [-0.09906772871584232, 51.5169636656687], [-0.09906398711211922, 51.51705353052201], [-0.09920802308220676, 51.517055864847435], [-0.09920428174222175, 51.517145729706655], [-0.09906024548900484, 51.51714339537377], [-0.09905650384649878, 51.5172332602239], [-0.09876843083191288, 51.51722859101286], [-0.09876468860374765, 51.5173184558465], [-0.09862065184244706, 51.51731612096837], [-0.09861690931175239, 51.51740598579295], [-0.09847287228668232, 51.51740365073058], [-0.09846912945345665, 51.51749351554608], [-0.09832509216467909, 51.51749118029947], [-0.09832134902891693, 51.51758104510596], [-0.09817731147637265, 51.5175787096751], [-0.09803327394322962, 51.51757637406746], [-0.0980370176452649, 51.51748650927592]]]}, "properties": {"NoiseClass": "70.0-74.9"}}, {"type": "Feature", "geometry": {"type": "Polygon", "coordinates": [[[-0.09855895209724191, 51.51533675953704], [-0.09855520971014145, 51.51542662438893], [-0.09869924050660013, 51.51542895928697], [-0.09870298261059943, 51.5153390944276], [-0.09855895209724191, 51.51533675953704]]]}, "properties": {"NoiseClass": "70.0-74.9"}}, {"type": "Feature", "geometry": {"type": "Polygon", "coordinates": [[[-0.09711490281262893, 51.51540326568714], [-0.09711115757510808, 51.515493130462694], [-0.0972551884606496, 51.51549546713575], [-0.09725893341506846, 51.515405602352736], [-0.09711490281262893, 51.51540326568714]]]}, "properties": {"NoiseClass": "70.0-74.9"}}, {"type": "Feature", "geometry": {"type": "Polygon", "coordinates": [[[-0.08809473109531793, 51.5174147902462], [-0.08823876728619123, 51.51741713805078], [-0.0882350043116753, 51.517507002331264], [-0.08809096783767344, 51.517504654519186], [-0.08809473109531793, 51.5174147902462]]]}, "properties": {"NoiseClass": "70.0-74.9"}}, {"type": "Feature", "geometry": {"type": "Polygon", "coordinates": [[[-0.10493963711245465, 51.517868014131295], [-0.10494709739310815, 51.517688283836854], [-0.1048030589497116, 51.51768595653745], [-0.10481425007512186, 51.51741636110627], [-0.1046702125004503, 51.51741403365243], [-0.10467394312005801, 51.51732416851299], [-0.10452990584786138, 51.51732184088982], [-0.10453363673126996, 51.51723197575627], [-0.10438959976157852, 51.517229647963795], [-0.10439333090878639, 51.51713978283607], [-0.10410525759362275, 51.517135126735695], [-0.10410898928776045, 51.51704526162131], [-0.10382091661625818, 51.51704060482875], [-0.10367688030950616, 51.51703827616733], [-0.10368061283369717, 51.516948411073734], [-0.10339254084452243, 51.51694375323548], [-0.10339627391563018, 51.51685388815518], [-0.10310820257010372, 51.516849229624775], [-0.1031119361881199, 51.5167593645578], [-0.10282386548622101, 51.51675470533522], [-0.10282759965113838, 51.51666484028161], [-0.10253952959293512, 51.51666018036687], [-0.10254326430474976, 51.516570315326554], [-0.1023992295877911, 51.516567985111514], [-0.10239549459285187, 51.51665785014435], [-0.10225145961212452, 51.51665551974508], [-0.10225893014889274, 51.51647578969269], [-0.10197086137804486, 51.516471128393675], [-0.10197459718363258, 51.51638126338005], [-0.10168652905647152, 51.516376601388906], [-0.10169026540893744, 51.51628673638857], [-0.10154623165750644, 51.516284405135316], [-0.10154996827372634, 51.51619454014088], [-0.1018380352297157, 51.516199202455724], [-0.10184177126033528, 51.51610933744483], [-0.1015537048705788, 51.516104675144895], [-0.10155744144806739, 51.51601481014731], [-0.10126937570203277, 51.51601014715524], [-0.1012731128263821, 51.51592028217099], [-0.10141714540661988, 51.51592261374795], [-0.10142088222848868, 51.515832748754676], [-0.1017089468808039, 51.51583741136336], [-0.10170521062515889, 51.51592727637156], [-0.1018492432634899, 51.51592960741824], [-0.10184550727159412, 51.51601947243232], [-0.10198954021237186, 51.51602180330968], [-0.10198580448422846, 51.51611166832963], [-0.10227387099012444, 51.516116329568995], [-0.10227013580885447, 51.51620619460229], [-0.10241416937397466, 51.51620852496428], [-0.10241043445646464, 51.51629839000347], [-0.10269850221100815, 51.516303050212095], [-0.10269476784038066, 51.5163929152646], [-0.1028388020297749, 51.51639524511122], [-0.10298283623855252, 51.516397574781074], [-0.10297910241481557, 51.516487439846884], [-0.10269103345040084, 51.516482780315485], [-0.10268729904106472, 51.516572645364846], [-0.10297536857172628, 51.51657730491114], [-0.10297163470928583, 51.5166671699738], [-0.10325970488360163, 51.516671828827945], [-0.10325597156806364, 51.51676169390392], [-0.10354404238606228, 51.51676635206591], [-0.10354030961743027, 51.51685621715525], [-0.10382838107903547, 51.51686087462507], [-0.10383211328140989, 51.51677100952083], [-0.10354404238606228, 51.51676635206591], [-0.10354777513534628, 51.51667648697503], [-0.10325970488360163, 51.516671828827945], [-0.10326343817979168, 51.51658196375036], [-0.10297536857172628, 51.51657730491114], [-0.10297910241481557, 51.516487439846884], [-0.10312313692606541, 51.51648976934743], [-0.10341120600658428, 51.51649442781822], [-0.10340747301286599, 51.51658429290484], [-0.10369554273701966, 51.516588950683484], [-0.10369181029020538, 51.516678815783415], [-0.10383584546443994, 51.51668114441504], [-0.10412391587090562, 51.516685801148], [-0.10426795110316661, 51.516688129249346], [-0.1042604884165308, 51.51686785950403], [-0.10469259592807328, 51.516874842792106], [-0.10469632643167309, 51.5167849776432], [-0.1047000569159376, 51.51669511249273], [-0.1047075178264669, 51.51651538218698], [-0.10456348310244817, 51.516513054630856], [-0.10457094450188727, 51.516333324333715], [-0.10458213645603336, 51.516063728876155], [-0.10443810316698406, 51.516061401180494], [-0.10444183406281382, 51.51597153603225], [-0.10458586706874647, 51.51597386372047], [-0.10458959766212433, 51.515883998563226], [-0.10444556493930557, 51.51588167088245], [-0.10430153223579144, 51.51587934302493], [-0.10430526337606219, 51.51578947788097], [-0.10444929579646328, 51.51579180573105], [-0.10473736069524016, 51.515796460900944], [-0.10471497865966035, 51.51633565187496], [-0.10485901283676875, 51.516337979239445], [-0.1048366318039368, 51.51687717020129], [-0.10498066769909983, 51.516879497433685], [-0.10497320776642471, 51.51705922775654], [-0.10454109844008054, 51.51705224548437], [-0.1045448292654806, 51.51696238034609], [-0.10425675704420487, 51.51695772462904], [-0.10425302565254092, 51.51704758975244], [-0.10454109844008054, 51.51705224548437], [-0.10453736759534286, 51.517142110621116], [-0.104681404301268, 51.51714443822937], [-0.10467767372033043, 51.51723430337201], [-0.10496574775642253, 51.517238958073115], [-0.10495828766909371, 51.517418688383344], [-0.10510232528242985, 51.51742101548364], [-0.10507994625532702, 51.517960206421115], [-0.10493590694312882, 51.517957879276146], [-0.10493963711245465, 51.517868014131295]]]}, "properties": {"NoiseClass": "70.0-74.9"}}, {"type": "Feature", "geometry": {"type": "Polygon", "coordinates": [[[-0.10397241683887114, 51.51686320309481], [-0.1039686849002837, 51.51695306820492], [-0.10411272096255658, 51.51695539650536], [-0.10411645261801386, 51.5168655313878], [-0.10397241683887114, 51.51686320309481]]]}, "properties": {"NoiseClass": "70.0-74.9"}}, {"type": "Feature", "geometry": {"type": "Polygon", "coordinates": [[[-0.10240669951959672, 51.516388255041065], [-0.10240296456337325, 51.51647812007706], [-0.1025469989972085, 51.51648045028467], [-0.10255073367031091, 51.516390585241204], [-0.10240669951959672, 51.516388255041065]]]}, "properties": {"NoiseClass": "70.0-74.9"}}, {"type": "Feature", "geometry": {"type": "Polygon", "coordinates": [[[-0.10212236677937825, 51.51629372908779], [-0.10212610226312557, 51.51620386406353], [-0.1019820687367248, 51.51620153334802], [-0.10197833296985961, 51.51629139836482], [-0.10212236677937825, 51.51629372908779], [-0.10211863127627106, 51.51638359411048], [-0.10226266538823763, 51.51638592466415], [-0.10226640060822502, 51.516296059634016], [-0.10212236677937825, 51.51629372908779]]]}, "properties": {"NoiseClass": "70.0-74.9"}}, {"type": "Feature", "geometry": {"type": "Polygon", "coordinates": [[[-0.10479186765029568, 51.51795555195439], [-0.10493590694312882, 51.517957879276146], [-0.10493217675446932, 51.51804774441941], [-0.10478813717848774, 51.518045417090235], [-0.10479186765029568, 51.51795555195439]]]}, "properties": {"NoiseClass": "70.0-74.9"}}, {"type": "Feature", "geometry": {"type": "Polygon", "coordinates": [[[-0.09614954551376212, 51.51781558915584], [-0.09629358364396755, 51.5178179270839], [-0.09628983646662022, 51.51790779177941], [-0.09614579805327352, 51.51790545384386], [-0.09614954551376212, 51.51781558915584]]]}, "properties": {"NoiseClass": "70.0-74.9"}}, {"type": "Feature", "geometry": {"type": "Polygon", "coordinates": [[[-0.09557339318721392, 51.51780623567586], [-0.09557714176083473, 51.51771637101619], [-0.0955808903150273, 51.51762650635496], [-0.09457262845557683, 51.517610131064146], [-0.09456887791942731, 51.517699995673], [-0.09442484030552616, 51.517697655631174], [-0.0944285911248122, 51.517607791029825], [-0.09428455381351679, 51.51760545081873], [-0.09428830489649842, 51.51751558622324], [-0.09429205596003945, 51.5174257216262], [-0.09443609270506655, 51.51742806182231], [-0.09443984346603408, 51.51733819721621], [-0.09458387994739902, 51.51734053722809], [-0.09458763040579778, 51.5172506726129], [-0.09473166662347075, 51.51725301244053], [-0.09472791644820253, 51.517342877063186], [-0.09573617249786788, 51.517359250959444], [-0.09573992069121848, 51.5172693862844], [-0.09588395706433979, 51.51727172469788], [-0.09588770495513434, 51.51718186001376], [-0.09603174106455174, 51.51718419824299], [-0.09603548865279261, 51.517094333549814], [-0.09617952449846878, 51.517096671594814], [-0.09617577719335645, 51.51718653629546], [-0.09631981334161806, 51.517188874171154], [-0.09632356036360139, 51.51709900946304], [-0.09661163215208901, 51.51710368466919], [-0.09660788569636482, 51.517193549392275], [-0.09675192190288064, 51.51719588673769], [-0.09674442949944205, 51.51737561619411], [-0.0967406832685999, 51.517465480919924], [-0.09659664621268722, 51.51746314355209], [-0.0965928996792926, 51.51755300826887], [-0.0964488623596947, 51.51755067071679], [-0.096445115523746, 51.51764053542452], [-0.0963010779403981, 51.51763819768818], [-0.09629733080189379, 51.51772806238681], [-0.09615329295482725, 51.51772572446623], [-0.09614954551376212, 51.51781558915584], [-0.09600550740301357, 51.517813251050995], [-0.09600175965938525, 51.517903115731535], [-0.09571368292981165, 51.517898438976594], [-0.09571743123972098, 51.517808574311026], [-0.09557339318721392, 51.51780623567586]]]}, "properties": {"NoiseClass": "70.0-74.9"}}, {"type": "Feature", "geometry": {"type": "Polygon", "coordinates": [[[-0.08822747830413612, 51.51768673088747], [-0.08823124131765758, 51.51759686661016], [-0.0882350043116753, 51.517507002331264], [-0.08837904080521117, 51.517509349966595], [-0.08837527809432322, 51.51759921425299], [-0.08851931489049306, 51.51760156171907], [-0.08851178997647824, 51.517781290302175], [-0.08836775261404367, 51.51777894282108], [-0.08837151536393434, 51.51768907853783], [-0.08822747830413612, 51.51768673088747]]]}, "properties": {"NoiseClass": "70.0-74.9"}}, {"type": "Feature", "geometry": {"type": "Polygon", "coordinates": [[[-0.09744214447232172, 51.51792648890002], [-0.09758618306040356, 51.51792882524462], [-0.09758243841192195, 51.51801869000582], [-0.09743839954069686, 51.51801635365375], [-0.09744214447232172, 51.51792648890002]]]}, "properties": {"NoiseClass": "70.0-74.9"}}, {"type": "Feature", "geometry": {"type": "Polygon", "coordinates": [[[-0.08851178997647824, 51.517781290302175], [-0.08879986475981337, 51.517785984734054], [-0.08879610283982735, 51.51787584903824], [-0.08865206515525785, 51.51787350190319], [-0.08864830293263672, 51.51796336619828], [-0.08850426498446425, 51.517961018878935], [-0.08851178997647824, 51.517781290302175]]]}, "properties": {"NoiseClass": "70.0-74.9"}}, {"type": "Feature", "geometry": {"type": "Polygon", "coordinates": [[[-0.10448886485412406, 51.51831035725485], [-0.10449259595024181, 51.518220492138646], [-0.10463663605388594, 51.518222819836296], [-0.10464036684751482, 51.518132954711064], [-0.10492844654647815, 51.51813760956111], [-0.10493217675446932, 51.51804774441941], [-0.10507621634981675, 51.518050071571835], [-0.10507994625532702, 51.517960206421115], [-0.10522398558685653, 51.517962533389316], [-0.10520906698143004, 51.51832199401252], [-0.10506502651729602, 51.518319667014524], [-0.10505756653228891, 51.51849939730176], [-0.10476948452942851, 51.51849474274567], [-0.10477321509791028, 51.51840487761773], [-0.10462917440862088, 51.51840255008197], [-0.10463290524092105, 51.51831268495995], [-0.10448886485412406, 51.51831035725485]]]}, "properties": {"NoiseClass": "70.0-74.9"}}, {"type": "Feature", "geometry": {"type": "Polygon", "coordinates": [[[-0.10568220456667239, 51.517340456925574], [-0.10582624199347833, 51.51734278313458], [-0.10582997032865098, 51.51725291793402], [-0.10597400749167193, 51.51725524395881], [-0.105970279439637, 51.517345109166826], [-0.10611431690511741, 51.51734743502227], [-0.10611058911689886, 51.51743730023615], [-0.10582251363898033, 51.51743264833358], [-0.10581878526515978, 51.517522513531], [-0.10610686130935972, 51.51752716544846], [-0.10611058911689886, 51.51743730023615], [-0.10668674030450857, 51.517446601920064], [-0.10669046696016757, 51.517356736676426], [-0.10683450452223682, 51.51735906164805], [-0.10682705175788612, 51.517538792148635], [-0.10711512807249184, 51.51754344159129], [-0.1071263054912059, 51.51727384579345], [-0.10698226817368407, 51.51727152118281], [-0.10698599422444005, 51.517181655921135], [-0.10698972025588463, 51.51709179065787], [-0.10684568352391591, 51.51708946588535], [-0.10685313609513827, 51.51690973536898], [-0.10670909994874764, 51.51690741043457], [-0.10671655300898202, 51.516727679926774], [-0.1065725174481993, 51.516725354830456], [-0.10657997099743567, 51.51654562433121], [-0.10643593602219133, 51.516543299073014], [-0.1064433900604166, 51.516363568582335], [-0.10658742446941175, 51.51636589382565], [-0.10658369774308021, 51.51645575907924], [-0.10672773245448239, 51.51645808415323], [-0.10672400599196286, 51.51654794941265], [-0.1068680410058368, 51.516550274317304], [-0.10686431480712966, 51.516640139582606], [-0.10700835012344082, 51.51664246431795], [-0.10700462418855088, 51.5167323295891], [-0.10686058858911114, 51.51673000484632], [-0.1068568623517816, 51.51681987010843], [-0.10700089823435151, 51.516822194858634], [-0.1071449341362002, 51.516824519432085], [-0.10713748273613079, 51.51700424998137], [-0.1072815192235854, 51.51700657439292], [-0.10727406831255022, 51.517186304950755], [-0.10727034282806967, 51.517276170227305], [-0.1075584175596886, 51.51728081856473], [-0.1075621424778929, 51.51719095327329], [-0.10770617958954173, 51.517193277169426], [-0.10770990420530484, 51.517103411868995], [-0.10771362880176337, 51.51701354656698], [-0.10771735337891879, 51.51692368126339], [-0.10786138966046385, 51.516926004960425], [-0.1078725624267158, 51.51665640901788], [-0.10787628664353009, 51.51656654370053], [-0.10788001084104167, 51.51647667838163], [-0.10802404572624298, 51.516479001864724], [-0.10816808063070797, 51.51648132517108], [-0.10817180424266931, 51.516391459835695], [-0.10817552783533116, 51.516301594498756], [-0.10831956219288186, 51.516303917613456], [-0.10832700875406705, 51.51612418691998], [-0.10833073200571622, 51.516034321570864], [-0.10847476553316596, 51.51603664448651], [-0.10847848848239942, 51.51594677912842], [-0.10862252174605741, 51.51594910185987], [-0.10876655502900975, 51.515951424414546], [-0.10877027739271516, 51.51586155903998], [-0.1089143104118118, 51.51586388141049], [-0.10905834345022894, 51.51586620360422], [-0.10906578698730415, 51.515686472820626], [-0.1089217545151171, 51.51568415064173], [-0.10892547653783406, 51.51559428525504], [-0.10892919854126187, 51.515504419866716], [-0.10907323044722517, 51.51550674203073], [-0.10936129431701366, 51.5155113858285], [-0.10937617874053343, 51.51515192417033], [-0.10937989979820135, 51.51506205875184], [-0.10952393034645722, 51.51506438034844], [-0.1095276511017372, 51.51497451492096], [-0.10953137183773362, 51.514884649491904], [-0.10953509255444806, 51.51479478406122], [-0.10939106285549643, 51.51479246248692], [-0.10939478383602644, 51.51470259706211], [-0.10925075443942857, 51.51470027531845], [-0.10925819690882738, 51.51452054447899], [-0.10926191811459984, 51.514430679056865], [-0.10926563930108556, 51.51434081363321], [-0.10940966756530467, 51.51434313534713], [-0.10942083015978624, 51.51407353904431], [-0.10956485759398987, 51.514075860559224], [-0.10956857813716317, 51.513985995114346], [-0.10957229866105492, 51.51389612966792], [-0.10971632554839783, 51.51389845099121], [-0.10986035245499103, 51.51390077213775], [-0.11000437938089241, 51.51390309310756], [-0.11014840632607067, 51.513905413900595], [-0.11015212569834376, 51.51381554842289], [-0.11029615237971319, 51.51381786903175], [-0.11044017908032648, 51.513820189463885], [-0.1104438978671574, 51.51373032396974], [-0.1105879243039909, 51.5137326442177], [-0.11059164278846771, 51.513642778714555], [-0.11073566896145777, 51.513645098778326], [-0.11073195076006306, 51.5137349642889], [-0.11087597723543591, 51.51373728418334], [-0.11102000373007928, 51.51373960390106], [-0.11102372136530946, 51.51364973837563], [-0.1111677475961015, 51.513652057909184], [-0.1111714649289843, 51.51356219237476], [-0.11131549089599609, 51.51356451172412], [-0.11131177384619455, 51.513654377265944], [-0.1113080567771289, 51.513744242806204], [-0.11145208332956619, 51.51374656199367], [-0.11145580011554818, 51.51365669644599], [-0.11145951688226886, 51.513566830896735], [-0.11160354288777233, 51.513569149892604], [-0.11159982640413295, 51.51365901544928], [-0.11174385271200964, 51.51366133427582], [-0.11188787903914729, 51.51366365292561], [-0.11189159495662294, 51.51357378735411], [-0.11189531085484083, 51.51348392178102], [-0.11203933663504072, 51.51348624023923], [-0.11204305223092238, 51.51339637465715], [-0.1121870777473309, 51.51339869293119], [-0.11219079304087949, 51.51330882734011], [-0.11233481829346492, 51.51331114542999], [-0.11233853328468246, 51.51322127982992], [-0.11248255827344558, 51.51322359773564], [-0.11262658328142633, 51.51322591546462], [-0.11277060830868904, 51.51322823301684], [-0.11276689416670108, 51.51331809863914], [-0.11291091949628816, 51.51332041602205], [-0.11291463335520002, 51.51323055039231], [-0.11305865842092742, 51.51323286759104], [-0.11306237197751659, 51.51314300195233], [-0.11320639677944391, 51.5131453189669], [-0.11321011003371392, 51.513055453319176], [-0.11335413457181137, 51.51305777014959], [-0.11335784752376545, 51.51296790449291], [-0.11336156045647802, 51.51287803883461], [-0.1135055844476417, 51.51288035547346], [-0.11364960845807703, 51.51288267193556], [-0.11365332080540788, 51.51279280626087], [-0.11379734455197912, 51.512795122538826], [-0.11380105659700118, 51.51270525685516], [-0.11394508007977558, 51.512707572948955], [-0.11394879182249357, 51.5126177072563], [-0.11409281504143409, 51.51262002316594], [-0.11408910358178351, 51.512709888866], [-0.11423312710302573, 51.51271220460631], [-0.11423683827960901, 51.51262233889884], [-0.11466890810949179, 51.512629285037065], [-0.11467632870656555, 51.51244955357295], [-0.11482035145549845, 51.51245186858406], [-0.11496437422368866, 51.51245418341841], [-0.11496808392725608, 51.51236431766918], [-0.11511210643160974, 51.512366632319406], [-0.11525612895515161, 51.512368946792904], [-0.11540015149795077, 51.51237126108963], [-0.11568819664117422, 51.5123758891529], [-0.11568448835292856, 51.51246575493915], [-0.11554046548865891, 51.5124634409885], [-0.11553675689813026, 51.512553306765774], [-0.11510468757138051, 51.51254636383111], [-0.11510097811242978, 51.512636229584615], [-0.11481293142455701, 51.512631600062996], [-0.11480922138024563, 51.512721465800105], [-0.11466519778211301, 51.51271915076678], [-0.11466148743550589, 51.51280901649489], [-0.1148055113167082, 51.51281133153562], [-0.11479438101073125, 51.513080928732755], [-0.11465035628031132, 51.51307861366978], [-0.11464664585678848, 51.51316847939161], [-0.11479067087028452, 51.51317079446197], [-0.11478696071060941, 51.51326066018962], [-0.11507501136150149, 51.513265289814925], [-0.11507130174875664, 51.513355155555786], [-0.11521532738608556, 51.513357470110726], [-0.11521161803719565, 51.51344733585744], [-0.11506759211678662, 51.51344502129509], [-0.11492356621556823, 51.513442706556006], [-0.11492727613061794, 51.513352840824105], [-0.11449519939160285, 51.51334589556856], [-0.1144989101366605, 51.513256029857324], [-0.11435488487851525, 51.51325371442605], [-0.11435117385037791, 51.51334358012989], [-0.11420714832841994, 51.513341264514466], [-0.11420343699797018, 51.51343113020933], [-0.1137713596981672, 51.51342418228034], [-0.11376764749924212, 51.513514047951396], [-0.11362362148806794, 51.51351173161416], [-0.11361990898682295, 51.513601597276214], [-0.1134758827117748, 51.513599280754825], [-0.11347216990820629, 51.5136891464079], [-0.1133281433693461, 51.51368682970234], [-0.1131841168496992, 51.513684512820035], [-0.11318783021943388, 51.513594647181804], [-0.1133318564559983, 51.51359696405668], [-0.11333556952340623, 51.513507098409455], [-0.11319154356992348, 51.51350478154198], [-0.11318783021943388, 51.513594647181804], [-0.11304380400211446, 51.51359233013015], [-0.1128997778040707, 51.513590012901766], [-0.11289606386817037, 51.51367987852519], [-0.11275203740626137, 51.51367756111265], [-0.11260801096360099, 51.51367524352334], [-0.1126042964422855, 51.513765109130354], [-0.11246026973582388, 51.51376279135689], [-0.11246398454022344, 51.51367292575729], [-0.11231995813606387, 51.51367060781449], [-0.11231624304858105, 51.513760473406684], [-0.11217221638059283, 51.513758155279724], [-0.1121685009907714, 51.51384802086291], [-0.11202447405895329, 51.51384570255176], [-0.11202818973185878, 51.513755836976], [-0.11188416310241386, 51.51375351849554], [-0.11174013649219298, 51.51375119983833], [-0.11173642025311738, 51.51384106539926], [-0.11159239337907335, 51.513838746557894], [-0.11158867683765274, 51.5139286121098], [-0.11130062258120806, 51.51392397388198], [-0.11130433968880073, 51.51383410834488], [-0.1111603128725415, 51.513831788973256], [-0.11115659548186319, 51.51392165450293], [-0.11086854134100795, 51.513917015214574], [-0.11086110536950525, 51.51409674623952], [-0.11071707776178821, 51.51409442631536], [-0.11042902260419775, 51.51408978593683], [-0.11028499505432596, 51.51408746548245], [-0.11028127590731396, 51.51417733096284], [-0.11013724809359719, 51.51417501032429], [-0.11014096752369758, 51.51408514485129], [-0.10970888504750528, 51.51407818189733], [-0.10970516476813845, 51.51416804734807], [-0.1098491925239933, 51.51417036851687], [-0.10984547250843604, 51.514260233973445], [-0.10970144446949157, 51.51425791279719], [-0.10969028345786615, 51.5145275091351], [-0.10968656308209641, 51.5146173745779], [-0.10983059225341611, 51.514619695783864], [-0.10982687214146161, 51.51470956123253], [-0.1099709016151887, 51.51471188226916], [-0.10996718176705415, 51.514801747723666], [-0.1098231520102279, 51.51479942667961], [-0.10981943185971418, 51.51488929212511], [-0.10981571168992126, 51.514979157569044], [-0.10967168138620334, 51.514976836333375], [-0.10964935826391353, 51.51551602891922], [-0.1095053262808063, 51.51551370746224], [-0.10950160540982484, 51.51560357288028], [-0.10949788451956015, 51.51569343829671], [-0.10935385198954219, 51.51569111664811], [-0.10934640958492801, 51.5158708474614], [-0.10920237650793489, 51.515868525621194], [-0.10919865499358102, 51.51595839101807], [-0.10905462165275803, 51.51595606899365], [-0.10905089983599875, 51.516045934381474], [-0.10890686623134549, 51.516043612172886], [-0.10889942197371667, 51.516223342928996], [-0.10875538782214274, 51.516221020528775], [-0.10875166538126999, 51.516310885897006], [-0.10860763096583559, 51.5163085633126], [-0.10860390822254554, 51.516398428671835], [-0.10845987354328117, 51.51639610590322], [-0.10845615049757104, 51.51648597125346], [-0.10831211555450826, 51.51648364830065], [-0.10830466883894668, 51.516663378981505], [-0.10829722204619674, 51.51684310965604], [-0.10815318598988058, 51.51684078649673], [-0.10814201480662033, 51.517110382474414], [-0.10828605171233852, 51.51711270565602], [-0.10828232822912308, 51.51720257098621], [-0.1085704026646912, 51.517207216833974], [-0.10856295677292505, 51.5173869475193], [-0.10855923379809812, 51.5174768128596], [-0.10870327189426286, 51.517479135540626], [-0.10869954918328407, 51.51756900088678], [-0.10884358758185625, 51.51757132339846], [-0.10883986513472882, 51.517661188750466], [-0.1094160200546032, 51.517670477059184], [-0.10941229872076892, 51.51776034243934], [-0.10970037686271346, 51.517764985547906], [-0.10984441596262802, 51.51776730683703], [-0.10984069545895273, 51.51785717223789], [-0.1091204987365555, 51.517845563987365], [-0.10912422065597342, 51.51775569862365], [-0.1079719091684856, 51.51773711629002], [-0.10797563333378365, 51.51764725098417], [-0.1078315947678227, 51.517644927404426], [-0.10783531919696214, 51.51755506210446], [-0.1075472426892407, 51.51755041442951], [-0.10754351769381341, 51.5176402797146], [-0.10725544069706217, 51.51763563131769], [-0.10724798951570473, 51.51781536185342], [-0.10811222413540648, 51.517829305012114], [-0.10810850021465472, 51.517919170322216], [-0.10825253966866002, 51.517921493570704], [-0.10824509233555461, 51.51810122420106], [-0.10810105231524723, 51.51809890093771], [-0.1081047762746015, 51.51800903563074], [-0.1073845778784391, 51.51799741669943], [-0.10738830323424124, 51.51790755142807], [-0.10710022457719431, 51.517902902633004], [-0.10710395047998443, 51.51781303737494], [-0.10667183348872453, 51.51780606287885], [-0.10666810673649188, 51.517895928114584], [-0.10638002827260952, 51.51789127755177], [-0.10638375559113668, 51.51780141233092], [-0.1063874828903465, 51.51771154710847], [-0.10624344425365857, 51.51770922157678], [-0.10595536703827306, 51.517704569983074], [-0.105811328459548, 51.51770224392108], [-0.10566728990017644, 51.51769991768231], [-0.10565983245097808, 51.517879648051185], [-0.1056561036973901, 51.517969513233275], [-0.10565237492447609, 51.518059378413774], [-0.105644917320672, 51.51823910877003], [-0.1056411884897808, 51.5183289739458], [-0.10563745963956431, 51.518418839119974], [-0.10563373077002017, 51.51850870429257], [-0.10548968968158624, 51.51850637781002], [-0.10548596050955755, 51.518596242973615], [-0.10534191915729417, 51.518593916306855], [-0.10537175425756992, 51.51787499501354], [-0.10551579334460998, 51.517877321620766], [-0.10551952236201788, 51.51778745644456], [-0.10523144477358824, 51.51778280306826], [-0.10524636291509602, 51.517423342407156], [-0.10567847592903586, 51.51743032211713], [-0.10568220456667239, 51.517340456925574]]]}, "properties": {"NoiseClass": "70.0-74.9"}}, {"type": "Feature", "geometry": {"type": "Polygon", "coordinates": [[[-0.10639493743081282, 51.51753181665884], [-0.10639121017023892, 51.517621681884435], [-0.10653524854310052, 51.51762400723191], [-0.10653897552053151, 51.517534141998865], [-0.10639493743081282, 51.51753181665884]]]}, "properties": {"NoiseClass": "70.0-74.9"}}, {"type": "Feature", "geometry": {"type": "Polygon", "coordinates": [[[-0.10696736377754743, 51.5176309822137], [-0.10696363763023328, 51.51772084746749], [-0.10710767636346433, 51.51772317211531], [-0.10711140222763396, 51.51763330685407], [-0.10696736377754743, 51.5176309822137]]]}, "properties": {"NoiseClass": "70.0-74.9"}}, {"type": "Feature", "geometry": {"type": "Polygon", "coordinates": [[[-0.11305123125001201, 51.51341259886376], [-0.11333928257157232, 51.51341723276063], [-0.11334299560049615, 51.51332736711024], [-0.11305494484509282, 51.51332273322818], [-0.11305123125001201, 51.51341259886376], [-0.11261915441204672, 51.51340564669283], [-0.1126154399484818, 51.51349551230458], [-0.11247141409126636, 51.51349319455337], [-0.11246769932537078, 51.51358306015611], [-0.11275575162524423, 51.51358769549663], [-0.11275946582497806, 51.51349782987906], [-0.11304751763568574, 51.51350246449775], [-0.11305123125001201, 51.51341259886376]]]}, "properties": {"NoiseClass": "70.0-74.9"}}, {"type": "Feature", "geometry": {"type": "Polygon", "coordinates": [[[-0.11407796908742507, 51.51297948595675], [-0.11407054599501391, 51.51315921734267], [-0.11421457093161641, 51.51316153312001], [-0.11422199345787891, 51.51298180171929], [-0.11407796908742507, 51.51297948595675]]]}, "properties": {"NoiseClass": "70.0-74.9"}}, {"type": "Feature", "geometry": {"type": "Polygon", "coordinates": [[[-0.08791682235474527, 51.518221220597], [-0.0880608610743576, 51.51822356864595], [-0.08807215125688603, 51.51795397586028], [-0.08807591461205336, 51.517864111595216], [-0.0882199522185851, 51.517866459437364], [-0.08836398984465202, 51.51786880710273], [-0.08835646424736142, 51.51804853566133], [-0.08821242605502061, 51.51804618798093], [-0.08820113666339802, 51.5183157807844], [-0.08791305863841649, 51.51831108484822], [-0.08791682235474527, 51.518221220597]]]}, "properties": {"NoiseClass": "70.0-74.9"}}, {"type": "Feature", "geometry": {"type": "Polygon", "coordinates": [[[-0.08849673991444836, 51.51814074744937], [-0.0884929773501893, 51.51823061173222], [-0.0884892147664289, 51.518320476013486], [-0.0884854521631687, 51.518410340293144], [-0.08834141281875771, 51.518407992759485], [-0.08835270141946443, 51.51813839993821], [-0.08849673991444836, 51.51814074744937]]]}, "properties": {"NoiseClass": "70.0-74.9"}}, {"type": "Feature", "geometry": {"type": "Polygon", "coordinates": [[[-0.08834141281875771, 51.518407992759485], [-0.08833764991285045, 51.51849785703006], [-0.08819361030479832, 51.518495509312125], [-0.08819737349385044, 51.51840564504904], [-0.08834141281875771, 51.518407992759485]]]}, "properties": {"NoiseClass": "70.0-74.9"}}, {"type": "Feature", "geometry": {"type": "Polygon", "coordinates": [[[-0.10519787782438991, 51.51859158946333], [-0.10534191915729417, 51.518593916306855], [-0.10533446018893301, 51.5187736466144], [-0.10547850210751673, 51.51877597329603], [-0.1054747728775042, 51.51886583845488], [-0.10518668849337112, 51.518861184899905], [-0.10519787782438991, 51.51859158946333]]]}, "properties": {"NoiseClass": "70.0-74.9"}}, {"type": "Feature", "geometry": {"type": "Polygon", "coordinates": [[[-0.0877577275397066, 51.51857832933657], [-0.08776149159770194, 51.518488465097626], [-0.08790553114723919, 51.51849081334591], [-0.08790929490258229, 51.51840094909784], [-0.0880533341884792, 51.51840329716182], [-0.08804204371337086, 51.51867288992376], [-0.0878980035780345, 51.518670541837224], [-0.08790176737238953, 51.51858067759238], [-0.0877577275397066, 51.51857832933657]]]}, "properties": {"NoiseClass": "70.0-74.9"}}, {"type": "Feature", "geometry": {"type": "Polygon", "coordinates": [[[-0.08761368772656523, 51.51857598090404], [-0.0877577275397066, 51.51857832933657], [-0.08775396346220313, 51.51866819357394], [-0.08760992336591451, 51.51866584513389], [-0.08761368772656523, 51.51857598090404]]]}, "properties": {"NoiseClass": "70.0-74.9"}}, {"type": "Feature", "geometry": {"type": "Polygon", "coordinates": [[[-0.08818232062061655, 51.51876510209184], [-0.08817855735354617, 51.51885496634859], [-0.08803451663243538, 51.51885261842382], [-0.08803828018265619, 51.518762754174574], [-0.08818232062061655, 51.51876510209184]]]}, "properties": {"NoiseClass": "70.0-74.9"}}, {"type": "Feature", "geometry": {"type": "Polygon", "coordinates": [[[-0.08775019936519034, 51.518758057809734], [-0.0878942397641706, 51.51876040608054], [-0.08789047593079849, 51.51885027032227], [-0.08774643524866785, 51.518847922043946], [-0.08775019936519034, 51.518758057809734]]]}, "properties": {"NoiseClass": "70.0-74.9"}}, {"type": "Feature", "geometry": {"type": "Polygon", "coordinates": [[[-0.08760239458607987, 51.51884557358884], [-0.08774643524866785, 51.518847922043946], [-0.08774267111263717, 51.51893778627655], [-0.0875986301668976, 51.518935437813944], [-0.08745458924063669, 51.51893308917456], [-0.08745835394297104, 51.51884322495698], [-0.08760239458607987, 51.51884557358884]]]}, "properties": {"NoiseClass": "70.0-74.9"}}, {"type": "Feature", "geometry": {"type": "Polygon", "coordinates": [[[-0.08817479406697243, 51.518944830603736], [-0.08817103076089335, 51.51903469485732], [-0.08802698947347568, 51.51903234691752], [-0.08803075306270917, 51.518942482671434], [-0.08817479406697243, 51.518944830603736]]]}, "properties": {"NoiseClass": "70.0-74.9"}}, {"type": "Feature", "geometry": {"type": "Polygon", "coordinates": [[[-0.10517176911470577, 51.519220645459924], [-0.10502772581895771, 51.51921831838748], [-0.10503145597578877, 51.5191284532573], [-0.10488741298254188, 51.519126126015536], [-0.10489114340320722, 51.519036260891205], [-0.10503518611328778, 51.51903858812553], [-0.10503891623145391, 51.518948722992185], [-0.105042646330286, 51.51885885785726], [-0.10518668849337112, 51.518861184899905], [-0.10518295867770255, 51.51895105004227], [-0.10532700114325312, 51.518953376915576], [-0.10532327159141767, 51.51904324206383], [-0.10546731435949287, 51.51904556876783], [-0.10545239709152517, 51.51940502937477], [-0.10530835319077347, 51.51940270264099], [-0.10531581242975693, 51.51922297235557], [-0.10517176911470577, 51.519220645459924]]]}, "properties": {"NoiseClass": "70.0-74.9"}}, {"type": "Feature", "geometry": {"type": "Polygon", "coordinates": [[[-0.08802698947347568, 51.51903234691752], [-0.08802322586473642, 51.51912221116201], [-0.08787918431363871, 51.51911986303793], [-0.08788294820553355, 51.51902999880096], [-0.08802698947347568, 51.51903234691752]]]}, "properties": {"NoiseClass": "70.0-74.9"}}, {"type": "Feature", "geometry": {"type": "Polygon", "coordinates": [[[-0.08801946223649182, 51.51921207540489], [-0.08801569858873906, 51.51930193964621], [-0.08787165647132693, 51.5192995915071], [-0.08786412855098104, 51.519479319969946], [-0.08772008588675469, 51.51947697163905], [-0.08773137858748926, 51.519207378964914], [-0.08801946223649182, 51.51921207540489]]]}, "properties": {"NoiseClass": "70.0-74.9"}}, {"type": "Feature", "geometry": {"type": "Polygon", "coordinates": [[[-0.08714391542503473, 51.5194675765476], [-0.08714768081076409, 51.51937771235455], [-0.08729172311374901, 51.519380061385064], [-0.08729548819680505, 51.5192901971829], [-0.08743953023617587, 51.5192925460291], [-0.08744705977743014, 51.51911281760501], [-0.08745082451878985, 51.51902295339058], [-0.08759486572820355, 51.51902530203748], [-0.08773890695709721, 51.519027650507596], [-0.08773514278204751, 51.51911751473706], [-0.08759110126999906, 51.51911516625941], [-0.08757227868631151, 51.51956448734539], [-0.08728419288909538, 51.51955978978464], [-0.08728042774749664, 51.51964965398205], [-0.08713638459502618, 51.519647304928995], [-0.08714391542503473, 51.5194675765476]]]}, "properties": {"NoiseClass": "70.0-74.9"}}, {"type": "Feature", "geometry": {"type": "Polygon", "coordinates": [[[-0.08785660055260067, 51.5196590484265], [-0.08785283652414805, 51.51974891265238], [-0.0878415443217347, 51.52001850532056], [-0.08769749995851263, 51.520016156944564], [-0.08770126432866154, 51.51992629273096], [-0.08755722026815407, 51.51992394418567], [-0.08756851411103993, 51.51965435155785], [-0.08785660055260067, 51.5196590484265]]]}, "properties": {"NoiseClass": "70.0-74.9"}}, {"type": "Feature", "geometry": {"type": "Polygon", "coordinates": [[[-0.08697351262964996, 51.52009427658731], [-0.08697727843516498, 51.520004412412845], [-0.08712132270081656, 51.52000676167275], [-0.08726536698595441, 51.520009110755886], [-0.08727666258638381, 51.51973951817788], [-0.08742070604156377, 51.51974186706169], [-0.08740564633463492, 51.52010132385923], [-0.08726160174678124, 51.52009897494539], [-0.087257836488092, 51.52018883913332], [-0.08711379163661148, 51.52018649003515], [-0.08711002607523505, 51.520276354213955], [-0.0869659809600669, 51.5202740049315], [-0.08697351262964996, 51.52009427658731]]]}, "properties": {"NoiseClass": "70.0-74.9"}}, {"type": "Feature", "geometry": {"type": "Polygon", "coordinates": [[[-0.08676167516605295, 51.52170948187757], [-0.08677297442766665, 51.52143988945744], [-0.08691702320467085, 51.5214422390144], [-0.08695468330930269, 51.52054359743591], [-0.08709872927399927, 51.520545946740924], [-0.08711002607523505, 51.520276354213955], [-0.08725407120988904, 51.52027870331963], [-0.08723900990191523, 51.520638160049145], [-0.08738305618882428, 51.5206405090081], [-0.08740188135911879, 51.52019118805469], [-0.0876899711596797, 51.52019588536709], [-0.0876862067309973, 51.52028574957597], [-0.08768244228280313, 51.520375613783266], [-0.08753839680643291, 51.520373265200426], [-0.08751580800844419, 51.52091245036588], [-0.08750827825300742, 51.52109217874168], [-0.08736423053066393, 51.521089829921934], [-0.08732281236533684, 51.52207833579317], [-0.08703471074892433, 51.522073637457964], [-0.08704977443878371, 51.52171418085981], [-0.08676167516605295, 51.52170948187757]]]}, "properties": {"NoiseClass": "70.0-74.9"}}, {"type": "Feature", "geometry": {"type": "Polygon", "coordinates": [[[-0.08706107200122608, 51.521444588394566], [-0.08705730616659746, 51.521534452551236], [-0.08720135526583475, 51.52153680176214], [-0.08720512081726917, 51.521446937597965], [-0.08706107200122608, 51.521444588394566]]]}, "properties": {"NoiseClass": "70.0-74.9"}}, {"type": "Feature", "geometry": {"type": "Polygon", "coordinates": [[[-0.0870911979755881, 51.52072567508433], [-0.08707236938799907, 51.521174995915096], [-0.08721641735446839, 51.521177345095936], [-0.08723524452613148, 51.52072802422758], [-0.0870911979755881, 51.52072567508433]]]}, "properties": {"NoiseClass": "70.0-74.9"}}, {"type": "Feature", "geometry": {"type": "Polygon", "coordinates": [[[-0.08660632527204401, 51.52197672450458], [-0.08661009205387207, 51.52188686037837], [-0.08661385881617532, 51.52179699625062], [-0.08675790870647067, 51.52179934601444], [-0.0869019586162583, 51.52180169560148], [-0.08689065996998166, 51.52207128802517], [-0.08674660921059048, 51.52206893841558], [-0.08675037572873964, 51.52197907428345], [-0.08660632527204401, 51.52197672450458]]]}, "properties": {"NoiseClass": "70.0-74.9"}}, {"type": "Feature", "geometry": {"type": "Polygon", "coordinates": [[[-0.10388878623761101, 51.522347300667455], [-0.103892519053721, 51.522257435644676], [-0.10403657184266042, 51.52225976420787], [-0.10403283930976802, 51.52234962923811], [-0.10402910675752966, 51.52243949426675], [-0.10388505340215223, 51.52243716568865], [-0.10388878623761101, 51.522347300667455]]]}, "properties": {"NoiseClass": "70.0-74.9"}}, {"type": "Feature", "geometry": {"type": "Polygon", "coordinates": [[[-0.10360068015137741, 51.52234264299575], [-0.10374473318483651, 51.52234497192], [-0.10374100006615816, 51.52243483693374], [-0.10359694674947949, 51.52243250800203], [-0.10360068015137741, 51.52234264299575]]]}, "properties": {"NoiseClass": "70.0-74.9"}}, {"type": "Feature", "geometry": {"type": "Polygon", "coordinates": [[[-0.10431721352628788, 51.52244415089257], [-0.10432094551208625, 51.522354285849026], [-0.10446499864227804, 51.522356613889265], [-0.10446873032551367, 51.52226674883671], [-0.10461278319183061, 51.5222690766927], [-0.10461651457250744, 51.52217921163108], [-0.10476056717491385, 51.52218153930284], [-0.10475683607745506, 51.5222714043719], [-0.1049008889824501, 51.5222737318743], [-0.10490461979669129, 51.5221838667978], [-0.10504867243780718, 51.52218619411596], [-0.10533677777801446, 51.52219084822186], [-0.10533304781342731, 51.52228071332071], [-0.1051889948504229, 51.52227838634872], [-0.1051852645832821, 51.522368251438515], [-0.10532931782950646, 51.52237057841795], [-0.10533304781342731, 51.52228071332071], [-0.10547710079576532, 51.52228304011591], [-0.1054733710950645, 51.52237290522061], [-0.1057614776841446, 51.52237755829548], [-0.10576520681840543, 51.5222876931759], [-0.1063414190956546, 51.52229699717427], [-0.1063376910942745, 51.522386862323636], [-0.10604958435054142, 51.52238221066317], [-0.10604585576339441, 51.52247207579607], [-0.10575774853055445, 51.5224674234135], [-0.10561369494311265, 51.522465096957035], [-0.10518153429680722, 51.52245811652674], [-0.10517780399099753, 51.5225479816134], [-0.10503375019769585, 51.522545654442254], [-0.10503748078672756, 51.522455789363065], [-0.10504121135642357, 51.52236592428227], [-0.10489715814887132, 51.522363596949226], [-0.1048934272959545, 51.52245346202257], [-0.10488969642369964, 51.52254332709431], [-0.10474564266904263, 51.52254099956958], [-0.10460158893375703, 51.52253867186802], [-0.10445753521777928, 51.52253634398969], [-0.10446126693969966, 51.522446478940275], [-0.10431721352628788, 51.52244415089257]]]}, "properties": {"NoiseClass": "70.0-74.9"}}, {"type": "Feature", "geometry": {"type": "Polygon", "coordinates": [[[-0.10460905179181303, 51.52235894175273], [-0.10460532037245543, 51.52244880681117], [-0.10474937382451904, 51.52245113450526], [-0.10475310496065666, 51.522361269439365], [-0.10460905179181303, 51.52235894175273]]]}, "properties": {"NoiseClass": "70.0-74.9"}}, {"type": "Feature", "geometry": {"type": "Polygon", "coordinates": [[[-0.10417316013225149, 51.52244182266806], [-0.10431721352628788, 51.52244415089257], [-0.1043134815211455, 51.522534015934525], [-0.10416942784388795, 51.52253168770258], [-0.10417316013225149, 51.52244182266806]]]}, "properties": {"NoiseClass": "70.0-74.9"}}, {"type": "Feature", "geometry": {"type": "Polygon", "coordinates": [[[-0.10374100006615816, 51.52243483693374], [-0.10388505340215223, 51.52243716568865], [-0.10388132054734593, 51.52252703070825], [-0.10373726692813148, 51.52252470194589], [-0.10374100006615816, 51.52243483693374]]]}, "properties": {"NoiseClass": "70.0-74.9"}}, {"type": "Feature", "geometry": {"type": "Polygon", "coordinates": [[[-0.10388132054734593, 51.52252703070825], [-0.10416942784388795, 51.52253168770258], [-0.10416569553617804, 51.52262155273553], [-0.10402164159501145, 51.52261922431932], [-0.1038775876731901, 51.522616895726316], [-0.10388132054734593, 51.52252703070825]]]}, "properties": {"NoiseClass": "70.0-74.9"}}, {"type": "Feature", "geometry": {"type": "Polygon", "coordinates": [[[-0.08689065996998166, 51.52207128802517], [-0.08703471074892433, 51.522073637457964], [-0.087023412776574, 51.52234322988995], [-0.08687936114801383, 51.52234088043459], [-0.08689065996998166, 51.52207128802517]]]}, "properties": {"NoiseClass": "70.0-74.9"}}, {"type": "Feature", "geometry": {"type": "Polygon", "coordinates": [[[-0.1025811032477743, 51.522595930433106], [-0.10272515699540312, 51.52259826061735], [-0.10272142183610995, 51.522688125574184], [-0.10257736780525757, 51.52268579538249], [-0.1025811032477743, 51.522595930433106]]]}, "properties": {"NoiseClass": "70.0-74.9"}}, {"type": "Feature", "geometry": {"type": "Polygon", "coordinates": [[[-0.10171304402686102, 51.522671810519505], [-0.10171678116871279, 51.52258194561489], [-0.10142867396398622, 51.52257728259439], [-0.1014249362556897, 51.5226671474841], [-0.10128088239914865, 51.522664815701184], [-0.10128462039066635, 51.522574950818935], [-0.10114056683675449, 51.52257261886669], [-0.10114430509211723, 51.52248275399031], [-0.10128835836280951, 51.5224850859351], [-0.10143241165290817, 51.52248741770309], [-0.10172051829119436, 51.522492080708666], [-0.1017242553943045, 51.52240221580088], [-0.10186830845929984, 51.522404547031016], [-0.10230046777046345, 51.522411539660574], [-0.10230420372133174, 51.522321674721354], [-0.10230793965283584, 51.52223180978059], [-0.1025960448242221, 51.5222364706198], [-0.10259230945915244, 51.52232633557551], [-0.10273636235712134, 51.52232866573737], [-0.1027326272559082, 51.52241853069894], [-0.10287668045645539, 51.52242086069146], [-0.10302073367632945, 51.52242319050717], [-0.10345289345215429, 51.52243017889352], [-0.10344915974768444, 51.52252004389077], [-0.10301699912219761, 51.522513055482065], [-0.10301326454870868, 51.52260292045539], [-0.1035894798876302, 51.52261223800988], [-0.10359321332823122, 51.52252237300673], [-0.10373726692813148, 51.52252470194589], [-0.10373353377075284, 51.5226145669565], [-0.10372980059402426, 51.5227044319655], [-0.10358574642767808, 51.522702103011426], [-0.10315358404479198, 51.52269511508842], [-0.10300952995586189, 51.52269278542714], [-0.10286547588632149, 51.52269045558906], [-0.10286921076239183, 51.52260059062477], [-0.10287294561910316, 51.5225107256589], [-0.10186457163940928, 51.52249441194624], [-0.10186083480014846, 51.522584276859924], [-0.10243704951953793, 51.522593600072064], [-0.10243331379379843, 51.522683465014005], [-0.10200115187551437, 51.522676472847714], [-0.10185709794151908, 51.522674141772015], [-0.10185336106352026, 51.52276400668251], [-0.10170930686563903, 51.522761675422565], [-0.10171304402686102, 51.522671810519505]]]}, "properties": {"NoiseClass": "70.0-74.9"}}, {"type": "Feature", "geometry": {"type": "Polygon", "coordinates": [[[-0.10113682856201438, 51.522662483741485], [-0.10128088239914865, 51.522664815701184], [-0.10127714438825595, 51.52275468058185], [-0.1011330902678985, 51.522752348614674], [-0.10113682856201438, 51.522662483741485]]]}, "properties": {"NoiseClass": "70.0-74.9"}}, {"type": "Feature", "geometry": {"type": "Polygon", "coordinates": [[[-0.10142119852802058, 51.5227570123722], [-0.1014249362556897, 51.5226671474841], [-0.10156899013160414, 51.52266947909022], [-0.10156525268715814, 51.5227593439858], [-0.10170930686563903, 51.522761675422565], [-0.1017055696850452, 51.52285154032403], [-0.10156151522333959, 51.5228492088798], [-0.10141746078097683, 51.52284687725877], [-0.10142119852802058, 51.5227570123722]]]}, "properties": {"NoiseClass": "70.0-74.9"}}, {"type": "Feature", "geometry": {"type": "Polygon", "coordinates": [[[-0.100844982085251, 51.52274768414992], [-0.1011330902678985, 51.522752348614674], [-0.10112935195440567, 51.522842213486314], [-0.10098529757016747, 51.52283988133487], [-0.1008412432053094, 51.522837549006624], [-0.100844982085251, 51.52274768414992]]]}, "properties": {"NoiseClass": "70.0-74.9"}}, {"type": "Feature", "geometry": {"type": "Polygon", "coordinates": [[[-0.0873152815361104, 51.5222580641128], [-0.0873115160922211, 51.52234792827024], [-0.08745556777933665, 51.52235027719519], [-0.08744803739942637, 51.52253000552037], [-0.0874442721801973, 51.5226198696806], [-0.08715616712622141, 51.52261517160879], [-0.08717123015171942, 51.52225571501857], [-0.0873152815361104, 51.5222580641128]]]}, "properties": {"NoiseClass": "70.0-74.9"}}, {"type": "Feature", "geometry": {"type": "Polygon", "coordinates": [[[-0.08687182850242817, 51.522520608699644], [-0.08701588069740646, 51.522522958170015], [-0.08701211462854164, 51.522612822307686], [-0.08686806215035206, 51.522610472829804], [-0.08687182850242817, 51.522520608699644]]]}, "properties": {"NoiseClass": "70.0-74.9"}}, {"type": "Feature", "geometry": {"type": "Polygon", "coordinates": [[[-0.10127340635798744, 51.522844545460934], [-0.10141746078097683, 51.52284687725877], [-0.10141372301455932, 51.52293674214374], [-0.10126966830834357, 51.52293441033846], [-0.10127340635798744, 51.522844545460934]]]}, "properties": {"NoiseClass": "70.0-74.9"}}, {"type": "Feature", "geometry": {"type": "Polygon", "coordinates": [[[-0.08701211462854164, 51.522612822307686], [-0.08715616712622141, 51.52261517160879], [-0.08715240132104941, 51.5227050357524], [-0.08700834854015671, 51.52270268644377], [-0.08701211462854164, 51.522612822307686]]]}, "properties": {"NoiseClass": "70.0-74.9"}}, {"type": "Feature", "geometry": {"type": "Polygon", "coordinates": [[[-0.08686429577875393, 51.52270033695836], [-0.08700834854015671, 51.52270268644377], [-0.08700458243225141, 51.52279255057827], [-0.08686052938763415, 51.52279020108533], [-0.08686429577875393, 51.52270033695836]]]}, "properties": {"NoiseClass": "70.0-74.9"}}, {"type": "Feature", "geometry": {"type": "Polygon", "coordinates": [[[-0.10040160070966797, 51.52301028062497], [-0.10025754585591917, 51.52300794757458], [-0.10026128590752888, 51.522918082750905], [-0.1005493950679916, 51.52292274865994], [-0.10055313453376526, 51.52283288381973], [-0.10026502593975244, 51.52282821792562], [-0.10026128590752888, 51.522918082750905], [-0.09997317682457327, 51.52291341613464], [-0.09996943620651089, 51.52300328094339], [-0.09968132663469437, 51.522998613605], [-0.09968506781920947, 51.5229087488112], [-0.09968880898433365, 51.52281888401578], [-0.10012097167180677, 51.52282588471338], [-0.10012471196786818, 51.522736019893976], [-0.10026876595259068, 51.52273835309877], [-0.10041281995666318, 51.52274068612677], [-0.10041655966689253, 51.52265082129089], [-0.10070466716681312, 51.52265548680154], [-0.10070840629121713, 51.52256562194913], [-0.10114056683675449, 51.52257261886669], [-0.10113682856201438, 51.522662483741485], [-0.10084872094581324, 51.52265781929165], [-0.100844982085251, 51.52274768414992], [-0.1007009280230285, 51.52274535165234], [-0.10069718885986256, 51.52283521650157], [-0.1008412432053094, 51.522837549006624], [-0.1008375043059877, 51.52292741386175], [-0.10069344967731488, 51.52292508134925], [-0.10068971047538665, 51.52301494619532], [-0.10068597125407588, 51.52310481103982], [-0.1005419160782975, 51.52310247833557], [-0.10054565558283622, 51.52301261349854], [-0.10040160070966797, 51.52301028062497]]]}, "properties": {"NoiseClass": "70.0-74.9"}}, {"type": "Feature", "geometry": {"type": "Polygon", "coordinates": [[[-0.09996943620651089, 51.52300328094339], [-0.10025754585591917, 51.52300794757458], [-0.10025380578492378, 51.523097812396664], [-0.10010975066729746, 51.52309547916204], [-0.0999656955690588, 51.52309314575058], [-0.09996943620651089, 51.52300328094339]]]}, "properties": {"NoiseClass": "70.0-74.9"}}, {"type": "Feature", "geometry": {"type": "Polygon", "coordinates": [[[-0.09939321714040922, 51.522993945559385], [-0.09968132663469437, 51.522998613605], [-0.09967758543078681, 51.52308847839725], [-0.09938947537004657, 51.52308381033669], [-0.09939321714040922, 51.522993945559385]]]}, "properties": {"NoiseClass": "70.0-74.9"}}, {"type": "Feature", "geometry": {"type": "Polygon", "coordinates": [[[-0.09967758543078681, 51.52308847839725], [-0.0999656955690588, 51.52309314575058], [-0.09996195491221822, 51.52318301055617], [-0.09967384420748837, 51.52317834318791], [-0.09967758543078681, 51.52308847839725]]]}, "properties": {"NoiseClass": "70.0-74.9"}}, {"type": "Feature", "geometry": {"type": "Polygon", "coordinates": [[[-0.08744050694145178, 51.52270973383922], [-0.08743674168319054, 51.522799597996276], [-0.08742921110811791, 51.522979326305624], [-0.08757326479721209, 51.52298167510639], [-0.08756949976362027, 51.5230715392662], [-0.08742544579130684, 51.52306919045791], [-0.08728139183847894, 51.52306684147284], [-0.08728892301902177, 51.52288711318169], [-0.08714486965214839, 51.522884764034835], [-0.08714863549635851, 51.522794899894414], [-0.08729268858001588, 51.52279724903374], [-0.08729645412149194, 51.5227073848842], [-0.08744050694145178, 51.52270973383922]]]}, "properties": {"NoiseClass": "70.0-74.9"}}, {"type": "Feature", "geometry": {"type": "Polygon", "coordinates": [[[-0.0868529965468273, 51.52296992933456], [-0.08685676297699191, 51.522880065210735], [-0.0870008163048248, 51.52288241471119], [-0.08699705015787779, 51.52297227884252], [-0.08699328399140951, 51.52306214297225], [-0.0868492300971402, 51.523059793456774], [-0.0868529965468273, 51.52296992933456]]]}, "properties": {"NoiseClass": "70.0-74.9"}}, {"type": "Feature", "geometry": {"type": "Polygon", "coordinates": [[[-0.09821457127849781, 51.523604319294364], [-0.09835862784335854, 51.52360665487231], [-0.09835488395456872, 51.52369651958627], [-0.09821082710647128, 51.523694184000846], [-0.09821457127849781, 51.523604319294364]]]}, "properties": {"NoiseClass": "70.0-74.9"}}, {"type": "Feature", "geometry": {"type": "Polygon", "coordinates": [[[-0.09792645820703043, 51.523599647608044], [-0.09793020292611876, 51.523509782914935], [-0.09764209049873207, 51.523505110536334], [-0.09764583576487748, 51.523415245856604], [-0.0979339476257979, 51.52341991822026], [-0.09793769230606635, 51.523330053523985], [-0.09808174798241062, 51.52333238943313], [-0.09807800358537372, 51.523422254136875], [-0.09822205956432804, 51.523424589876676], [-0.09821831543111667, 51.52351445458631], [-0.09821457127849781, 51.523604319294364], [-0.09807051473307482, 51.5236019835396], [-0.09806677027781205, 51.52369184823861], [-0.0979227134685306, 51.52368951229959], [-0.09792645820703043, 51.523599647608044]]]}, "properties": {"NoiseClass": "70.0-74.9"}}, {"type": "Feature", "geometry": {"type": "Polygon", "coordinates": [[[-0.09705837302057704, 51.523675492952385], [-0.09720242971334267, 51.52367782995229], [-0.09720617586802242, 51.523587965298134], [-0.09735023229700067, 51.523590302113725], [-0.09735397814902781, 51.52350043745052], [-0.09749803431418806, 51.52350277408183], [-0.09764209049873207, 51.523505110536334], [-0.09763834521317356, 51.5235949752145], [-0.09749428874539447, 51.52359263875253], [-0.0974905431571873, 51.52368250342163], [-0.0976345999082015, 51.52368483989108], [-0.09763834521317356, 51.5235949752145], [-0.09778240170039601, 51.52359731149968], [-0.09777491163751294, 51.52377704086619], [-0.09763085458381708, 51.52377470456607], [-0.09734274053469746, 51.52377003143539], [-0.0970546265632435, 51.52376535759747], [-0.09705837302057704, 51.523675492952385]]]}, "properties": {"NoiseClass": "70.0-74.9"}}, {"type": "Feature", "geometry": {"type": "Polygon", "coordinates": [[[-0.09691056960663014, 51.52376302041331], [-0.0970546265632435, 51.52376535759747], [-0.09705088008648967, 51.52385522224098], [-0.09690682284663799, 51.52385288504935], [-0.09691056960663014, 51.52376302041331]]]}, "properties": {"NoiseClass": "70.0-74.9"}}, {"type": "Feature", "geometry": {"type": "Polygon", "coordinates": [[[-0.09705088008648967, 51.52385522224098], [-0.09719493734573104, 51.52385755925582], [-0.0971911911327976, 51.523947423905234], [-0.09704713359031633, 51.523945086882925], [-0.09705088008648967, 51.52385522224098]]]}, "properties": {"NoiseClass": "70.0-74.9"}}, {"type": "Feature", "geometry": {"type": "Polygon", "coordinates": [[[-0.09589467394951615, 51.52392638433928], [-0.096038731336631, 51.523928722776056], [-0.09603498283835232, 51.524018587364054], [-0.09589092516799719, 51.52401624891977], [-0.09589467394951615, 51.52392638433928]]]}, "properties": {"NoiseClass": "70.0-74.9"}}, {"type": "Feature", "geometry": {"type": "Polygon", "coordinates": [[[-0.08711474219575366, 51.52360367710132], [-0.08711850819612346, 51.52351381297355], [-0.08697445286624715, 51.52351146359729], [-0.08697821913032282, 51.523421599475434], [-0.08712227417697316, 51.5234239488442], [-0.08712980608011123, 51.523244220580736], [-0.0871335720024, 51.52315435644665], [-0.08698951780542001, 51.52315200710045], [-0.08699328399140951, 51.52306214297225], [-0.0871373379051691, 51.523064492310965], [-0.08728139183847894, 51.52306684147284], [-0.08727009492127824, 51.52333643389769], [-0.08741414972377252, 51.52333878290531], [-0.08742168045497896, 51.523159054608634], [-0.08756573471051278, 51.523161403424425], [-0.08755067430292836, 51.52352086004154], [-0.08769472971090997, 51.52352320871059], [-0.08767590517847462, 51.52397252948393], [-0.08753184835433736, 51.523970180777305], [-0.08754690915224327, 51.52361072419185], [-0.0874028534805828, 51.523608375338476], [-0.08738779154975038, 51.52396783189386], [-0.08724373476465004, 51.523965482833624], [-0.08725879782840898, 51.52360602630829], [-0.08711474219575366, 51.52360367710132]]]}, "properties": {"NoiseClass": "70.0-74.9"}}, {"type": "Feature", "geometry": {"type": "Polygon", "coordinates": [[[-0.0952996948286484, 51.52436635156108], [-0.09558781229927192, 51.52437102974715], [-0.09559156172501058, 51.52428116518794], [-0.09530344482087914, 51.524276487016834], [-0.09530719479367089, 51.524186622471], [-0.09545125295277487, 51.52418896163748], [-0.09559531113131427, 51.52419130062715], [-0.09559906051818293, 51.52410143606476], [-0.09574311843291586, 51.524103774870134], [-0.0957468675171089, 51.52401391029871], [-0.09589092516799719, 51.52401624891977], [-0.09588717636704562, 51.52410611349869], [-0.09603123432064264, 51.52410845195046], [-0.09603498283835232, 51.524018587364054], [-0.0961790405281353, 51.524020925631504], [-0.09618278874317371, 51.523931061036045], [-0.09632684616911327, 51.523933399119215], [-0.09647090361451209, 51.523935737025575], [-0.09646715596595501, 51.524025601635984], [-0.09661121371402234, 51.52402793937302], [-0.09661496107933759, 51.52393807475511], [-0.09647090361451209, 51.523935737025575], [-0.09647465124364371, 51.52384587241355], [-0.09661870842523014, 51.52384821013563], [-0.09676276562620661, 51.523850547680894], [-0.09675901856355394, 51.52394041230786], [-0.09704713359031633, 51.523945086882925], [-0.09704338707472471, 51.52403495152325], [-0.096755271481479, 51.524030276933246], [-0.09675152437998137, 51.52412014155704], [-0.09660746632928127, 51.52411780398935], [-0.09631935028609075, 51.52411312832352], [-0.09631560231543813, 51.52420299292331], [-0.0961715440397722, 51.5242006548177], [-0.09616779576644789, 51.52429051940841], [-0.09602373722693378, 51.52428818111851], [-0.09601998865093336, 51.524378045700175], [-0.09587592984760211, 51.524375707225985], [-0.095731871063738, 51.52437336857498], [-0.09572812190181178, 51.524463233140075], [-0.09544000382582178, 51.524458555292675], [-0.09529594481698031, 51.524456216103744], [-0.0952996948286484, 51.52436635156108]]]}, "properties": {"NoiseClass": "70.0-74.9"}}, {"type": "Feature", "geometry": {"type": "Polygon", "coordinates": [[[-0.09573936932928985, 51.524193639439986], [-0.09573562020623083, 51.524283504008274], [-0.0958796787068483, 51.52428584265181], [-0.09588342754666267, 51.52419597807604], [-0.09573936932928985, 51.524193639439986]]]}, "properties": {"NoiseClass": "70.0-74.9"}}, {"type": "Feature", "geometry": {"type": "Polygon", "coordinates": [[[-0.10723543739057385, 51.53202335506699], [-0.10709135352199667, 51.532021030120504], [-0.10694726967274319, 51.53201870499717], [-0.10694354156733428, 51.53210857002807], [-0.10679945745406406, 51.532106244720424], [-0.10680318584285356, 51.53201637969696], [-0.10665910203225624, 51.53201405421991], [-0.10651501824099098, 51.53201172856597], [-0.10651874717720915, 51.53192186355577], [-0.10839183428694382, 51.53195208316484], [-0.10839555951992443, 51.531862218056396], [-0.10969231149606705, 51.53188312174792], [-0.10969603415933876, 51.531793256571], [-0.10998420091070858, 51.531797899875436], [-0.10998792298792884, 51.53170803468206], [-0.10926750767111541, 51.53169642513166], [-0.10926378417701312, 51.531786290287876], [-0.1072466198905799, 51.53175375992009], [-0.10724289240990238, 51.53184362497062], [-0.10637839288894825, 51.53182967272811], [-0.10638212206987728, 51.53173980772222], [-0.10609395628426732, 51.53173515557471], [-0.10609022653658791, 51.531825020565705], [-0.10580206026160513, 51.531820367695886], [-0.10579832992783807, 51.53191023267042], [-0.10608649676957284, 51.53191488555513], [-0.1060827669832218, 51.532004750542995], [-0.10579459957473183, 51.53200009764339], [-0.10565051589947803, 51.53199777092828], [-0.10565424653596163, 51.53190790596276], [-0.10536607981026291, 51.53190325201685], [-0.10536981099415654, 51.53181338706466], [-0.10508164491258133, 51.53180873242617], [-0.10508537664387901, 51.53171886748731], [-0.10465312851672028, 51.531711884225516], [-0.10465686107878898, 51.53162201930737], [-0.10436869632415557, 51.531617362930106], [-0.10437242943361484, 51.531527498025305], [-0.10394018329695642, 51.531520512155325], [-0.10394391723716766, 51.531430647271314], [-0.10365575380959448, 51.53142598915524], [-0.10365948829718273, 51.531336124284536], [-0.10322724415110927, 51.53132913580639], [-0.10323097946943124, 51.53123927095646], [-0.10279873634773323, 51.53123228090896], [-0.10280247249677978, 51.53114241607986], [-0.102514311079223, 51.53113775517882], [-0.10251804777562432, 51.531047890363006], [-0.10208580664464682, 51.53104089770741], [-0.10208954417175403, 51.53095103291241], [-0.1016573040652044, 51.530944038687494], [-0.10151322406847828, 51.53094170692548], [-0.10151696270963934, 51.530851842158754], [-0.1012288033410139, 51.5308471781191], [-0.10123254252950586, 51.53075731336569], [-0.10080030447200562, 51.53075031600217], [-0.1008040444911745, 51.53066045126958], [-0.10051588644979927, 51.53065578549124], [-0.10051962701628314, 51.530565920772005], [-0.10023146961920991, 51.5305612543012], [-0.0999433122997145, 51.530556587122966], [-0.09994705398020816, 51.53046672243201], [-0.09980297563288777, 51.530464388585074], [-0.09980671757733177, 51.53037452390001], [-0.0993744835018477, 51.53036752132054], [-0.09937822627693281, 51.53027765665634], [-0.09894599322611002, 51.530270652507625], [-0.0989497368318283, 51.53018078786421], [-0.09880565947036438, 51.53017845280174], [-0.09866158212831275, 51.53017611756241], [-0.0985175048057013, 51.53017378214627], [-0.09837342750246961, 51.530171446553254], [-0.09837717222215156, 51.530081581938155], [-0.09823309522167302, 51.530079246175774], [-0.09823684020528264, 51.52998938156658], [-0.09809276350759345, 51.529987045634826], [-0.09808901824064258, 51.53007691023654], [-0.09794494127899551, 51.53007457412045], [-0.0979486868292868, 51.529984709526225], [-0.0979524323601626, 51.52989484493036], [-0.09752020329179793, 51.52988783556589], [-0.09752394965326913, 51.52979797099093], [-0.09709172160970601, 51.529790960057255], [-0.0970954688017627, 51.52970109550315], [-0.09680731743652612, 51.52969642067809], [-0.09681106517582669, 51.52960655613733], [-0.09637883912367334, 51.52959954259587], [-0.0963825876935419, 51.52950967807597], [-0.09595036266627394, 51.52950266296534], [-0.09595411206670094, 51.52941279846632], [-0.09552188806435534, 51.52940578178655], [-0.0955256382953301, 51.52931591730841], [-0.09523748962426809, 51.52931123865265], [-0.09509341531790129, 51.529308899059515], [-0.09509716637941544, 51.52921903460223], [-0.09538531444493775, 51.52922371359669], [-0.09538906492035554, 51.52913384912288], [-0.09510091742148308, 51.52912917014337], [-0.09510466844410655, 51.52903930568292], [-0.0948165215896939, 51.52903462601104], [-0.09482027315951638, 51.52894476156399], [-0.09438805387370763, 51.528937740752305], [-0.09439180627404128, 51.528847876326154], [-0.09482402470988995, 51.52885489711537], [-0.0951121704310184, 51.52885957675732], [-0.09525624332076811, 51.52886191631301], [-0.09525249262035501, 51.52895178078409], [-0.09539656581286703, 51.52895412017046], [-0.09539281537633273, 51.529043984647444], [-0.09553688887161028, 51.529046323864456], [-0.09553313869895677, 51.52913618834736], [-0.09582128631444356, 51.5291408662658], [-0.09581753668900174, 51.529230730762066], [-0.0961056849488908, 51.52923540798812], [-0.09610193587066419, 51.5293252724978], [-0.0963900847749808, 51.52932994903146], [-0.09639383328655271, 51.52924008450681], [-0.0965379074844993, 51.52924242250088], [-0.09653041100858098, 51.52942215156351], [-0.09681856059614233, 51.52942682705107], [-0.09681481289569861, 51.52951669159497], [-0.09724703827270795, 51.52952370352242], [-0.09724329140283386, 51.529613568087186], [-0.09767551780465382, 51.52962057844544], [-0.0976717717653581, 51.5297104430311], [-0.09810399919195574, 51.52971745182016], [-0.09810025398325065, 51.5298073164266], [-0.098388406264723, 51.52981198808339], [-0.09838466160327806, 51.52990185270323], [-0.09881689102110226, 51.52990885888445], [-0.09881314719026425, 51.52999872352514], [-0.09924537763278304, 51.53000572813715], [-0.09924163463256234, 51.53009559279865], [-0.09952978892463461, 51.5301002616707], [-0.09952604647169672, 51.53019012634556], [-0.0999582789053057, 51.530197128349684], [-0.09995453728300334, 51.53028699304538], [-0.1003867707412175, 51.53029399348024], [-0.10038302994956028, 51.530383858196736], [-0.10081526443234942, 51.53039085706235], [-0.10081152447134596, 51.53048072179967], [-0.10109968145683562, 51.53048538684075], [-0.10109594204314484, 51.53057525159143], [-0.10138409967287884, 51.53057991594003], [-0.10138783851986734, 51.530490051174425], [-0.10153191708047271, 51.530492383075995], [-0.10152443993381867, 51.530672112620515], [-0.101812598246549, 51.530676775922934], [-0.10181633626286059, 51.53058691113654], [-0.1019604151649552, 51.530589242515006], [-0.10196415287853791, 51.53049937771956], [-0.10182007425979449, 51.53049704634855], [-0.10182381223735054, 51.53040718155898], [-0.10196789057274362, 51.530409512922525], [-0.1021119689275133, 51.53041184410923], [-0.10210449408642715, 51.53059157371662], [-0.1021007566368222, 51.53068143851794], [-0.10195667743199709, 51.53067910730885], [-0.10195293967966172, 51.53076897210114], [-0.10209701916784149, 51.53077130331767], [-0.10209328167948542, 51.530861168115834], [-0.10238144128065281, 51.53086583003325], [-0.10237770433963723, 51.530955694844735], [-0.10280994473676745, 51.530962686416835], [-0.10280620862645815, 51.53105255124913], [-0.10323845004798243, 51.53105954125188], [-0.10323471476838858, 51.53114940610497], [-0.10352287637960735, 51.531154065237445], [-0.10351914164737697, 51.53124393010384], [-0.10395138505951887, 51.53125091749848], [-0.10394765115802217, 51.531340782385676], [-0.10437989559447396, 51.53134776821097], [-0.10437616252372016, 51.531437633118934], [-0.10466432614487584, 51.5314422894664], [-0.10467179113356376, 51.53126255961908], [-0.10452770988004384, 51.531260231548686], [-0.10453144262872638, 51.53117036663012], [-0.10438736167792186, 51.531168038390305], [-0.10439109469061794, 51.5310781734776], [-0.10410293341382264, 51.53107351648231], [-0.10410666697388853, 51.530983651582936], [-0.10396258664786913, 51.53098132282745], [-0.10396632047193785, 51.530891457933954], [-0.10382224044866646, 51.53088912900907], [-0.103825974536738, 51.530799264121434], [-0.10382970860545204, 51.53070939923222], [-0.10368562916822056, 51.53070707014539], [-0.10368936350093065, 51.53061720526207], [-0.10354528436641139, 51.530614876005835], [-0.10354901896311713, 51.530525011128354], [-0.10340494013134624, 51.53052268170272], [-0.1034086749920429, 51.53043281683113], [-0.10326459646295046, 51.53043048723612], [-0.1032683315876344, 51.53034062237042], [-0.10312425336125736, 51.530338292605975], [-0.10298017515427599, 51.5303359626647], [-0.10298391082629478, 51.530246097812295], [-0.10298764647894815, 51.530156232958326], [-0.10284356885799516, 51.53015390285511], [-0.10269949125640844, 51.53015157257506], [-0.10270322745638559, 51.53006170773443], [-0.10255915015754562, 51.53005937728498], [-0.10255541367422369, 51.53014924211814], [-0.10241133611137741, 51.53014691148437], [-0.10240759932533847, 51.530236776308506], [-0.10226352149851682, 51.53023444549046], [-0.10225978440975814, 51.53032431030554], [-0.10225604730162768, 51.530414175119056], [-0.1021119689275133, 51.53041184410923], [-0.10211570631899289, 51.530321979303174], [-0.10212318104383078, 51.5301422496863], [-0.1022672585679025, 51.530144580673756], [-0.10227473264855289, 51.52996485103567], [-0.10227846965982001, 51.529874986214246], [-0.10228594362423493, 51.529695256566676], [-0.10214186751687165, 51.52969292561651], [-0.10214560475335824, 51.5296030607978], [-0.10200152894867542, 51.52960072967824], [-0.10200526644912387, 51.529510864865415], [-0.1018611909471525, 51.52950853357647], [-0.10186492871155925, 51.52941866876955], [-0.1017208535122957, 51.52941633731121], [-0.10172459154065995, 51.52932647251015], [-0.10158051664414006, 51.52932414088244], [-0.10158425493645622, 51.52923427608727], [-0.10144018034261439, 51.52923194429018], [-0.1014439188988821, 51.529142079500865], [-0.10129984460778027, 51.52913974753437], [-0.10130358342799475, 51.529049882750975], [-0.10115950943957257, 51.52904755061511], [-0.10116324852373025, 51.528957685837575], [-0.10116698758850698, 51.52886782105845], [-0.1011707266339, 51.52877795627777], [-0.10102665351483392, 51.52877562398746], [-0.10103413211411308, 51.52859589443625], [-0.100890059581104, 51.52859356198403], [-0.10090127818459539, 51.528323967667774], [-0.10075720652088914, 51.52832163506109], [-0.10076468605958473, 51.52814190552394], [-0.10062061498189298, 51.52813957275535], [-0.10063183499446801, 51.52786997846018], [-0.10048776478612363, 51.527867645537164], [-0.10049898547412735, 51.527598051250145], [-0.10035491613505403, 51.52759571817267], [-0.10036987791415511, 51.527236259131094], [-0.10022580972766743, 51.527233925906664], [-0.1002370317082887, 51.52696433163126], [-0.10009296439111064, 51.526961998252396], [-0.1001079278936309, 51.52660253922628], [-0.09996386172896532, 51.52660020570044], [-0.09997134393044597, 51.52642047619284], [-0.09982727835174168, 51.52641814250513], [-0.09983850235836278, 51.52614854825428], [-0.09969443764892873, 51.52614621441213], [-0.0996981792289594, 51.52605634966614], [-0.0997019207895956, 51.52596648491857], [-0.09970940385268313, 51.52578675541872], [-0.09971314535513559, 51.52569689066642], [-0.09956908208143642, 51.5256945566848], [-0.09957656559469616, 51.525514827190385], [-0.0994325029069308, 51.52551249304687], [-0.0994362449177345, 51.52542262830477], [-0.09943998690914137, 51.525332763561096], [-0.09944372888115137, 51.52524289881581], [-0.09945121276698246, 51.52506316932055], [-0.09930715151493373, 51.52506083503757], [-0.09916309028231803, 51.525058500577764], [-0.09916683276265821, 51.5249686358427], [-0.09902277183266647, 51.52496630121353], [-0.09902651457686598, 51.524876436484355], [-0.09903025730166308, 51.524786571753616], [-0.09888619695758807, 51.524784236962596], [-0.09888993994624133, 51.52469437223772], [-0.09903400000706172, 51.52469670702127], [-0.09903774269305952, 51.52460684228735], [-0.0990414853596574, 51.52451697755186], [-0.09904897063465377, 51.52433724807611], [-0.09906019840164978, 51.52406765385065], [-0.09891614032357325, 51.52406531911939], [-0.09877208226492853, 51.52406298421132], [-0.09877582538161471, 51.52397311948128], [-0.09863176762558366, 51.52397078440386], [-0.09863551100610968, 51.52388091967971], [-0.09849145355272093, 51.523878584432964], [-0.09849519719708284, 51.523788719714716], [-0.09835114004637331, 51.52378638429861], [-0.09835488395456872, 51.52369651958627], [-0.09849894082204075, 51.52369885499488], [-0.09850268442759312, 51.52360899027346], [-0.09835862784335854, 51.52360665487231], [-0.09836237171274276, 51.52351679015679], [-0.09850642801374218, 51.52351912555044], [-0.09851017158048533, 51.52342926082588], [-0.09865422761768947, 51.52343159603526], [-0.09865797088179669, 51.52334173130163], [-0.09894608244790981, 51.52334640117504], [-0.09894982512615239, 51.52325653642489], [-0.09851765865576122, 51.52324953137195], [-0.09852140216429318, 51.52315966664264], [-0.09837734699622022, 51.52315733127888], [-0.09837360320445913, 51.523247196000725], [-0.09808549236003913, 51.52324252472778], [-0.0979414369669256, 51.52324018882613], [-0.0979451816083737, 51.52315032412672], [-0.09808923671825848, 51.523152660020905], [-0.09809298105706987, 51.52306279531242], [-0.09794892623041306, 51.5230604594257], [-0.09795267083304321, 51.52297059472309], [-0.09780861630902152, 51.52296825866706], [-0.09781610602249992, 51.52278852927207], [-0.09767205208433655, 51.52278619305419], [-0.09767579719518157, 51.522696328361796], [-0.09753174355968194, 51.52269399197458], [-0.09753923428957423, 51.52251426260001], [-0.0973951812398959, 51.52251192605094], [-0.0973989268589396, 51.52242206136877], [-0.09740641803878194, 51.52224233199968], [-0.09726236585816404, 51.52223999529624], [-0.09726985752677396, 51.52206026593576], [-0.09728484063100787, 51.521700807195884], [-0.09728858635852944, 51.52161094250694], [-0.09714453617981142, 51.521608605679035], [-0.09715952002854888, 51.521249146937436], [-0.097303569074468, 51.521251483735455], [-0.09732604256595118, 51.52071229553076], [-0.09718199521918632, 51.52070995877763], [-0.09718574101633924, 51.52062009407882], [-0.09732978807991668, 51.52062243082447], [-0.09733353357447024, 51.520532566116565], [-0.09718948679407821, 51.52053022937839], [-0.09721196105280781, 51.51999104114269], [-0.0972194523170723, 51.519811311718136], [-0.09722319792008388, 51.51972144700349], [-0.09707915370768157, 51.51971911015582], [-0.09709413705827208, 51.519359651311326], [-0.09695009399795859, 51.51935731431678], [-0.0969538400702339, 51.519267449609195], [-0.09680979731253339, 51.51926511244533], [-0.09681354364855795, 51.51917524774363], [-0.09695758612309495, 51.51917758490002], [-0.09698006203253612, 51.51863839661175], [-0.09683602125694826, 51.51863605950026], [-0.0968622442499685, 51.5180070064777], [-0.09671820547580358, 51.51800466924176], [-0.09672195182314369, 51.51791480452541], [-0.09686599031416533, 51.5179171417539], [-0.09686973635894823, 51.517827277028466], [-0.09701377458621109, 51.51782961407267], [-0.09701752032843833, 51.517739749338205], [-0.09716155829200562, 51.51774208619816], [-0.09717279455279738, 51.51747249196285], [-0.09702875743864127, 51.5174701551253], [-0.09703250310321553, 51.51738029038453], [-0.09703624874837745, 51.51729042564215], [-0.09689221221993263, 51.517288088642815], [-0.09691468738200482, 51.516748900200234], [-0.09705872221168368, 51.516751237154715], [-0.09706246772095958, 51.516661372401266], [-0.09720650228696003, 51.516663709171524], [-0.09720275706080755, 51.51675357393245], [-0.09719901181524357, 51.516843438691794], [-0.09705497668299626, 51.51684110190657], [-0.09704748556738636, 51.51702083140556], [-0.0970437399804619, 51.517110696152685], [-0.09703999437412623, 51.517200560898196], [-0.0971840306388843, 51.51720289771331], [-0.09718028529626649, 51.517292762464734], [-0.09732432186356664, 51.51729509911055], [-0.09732057678466985, 51.51738496386788], [-0.09746461365448315, 51.51738730034442], [-0.09746086883931251, 51.51747716510762], [-0.09760490601169895, 51.51747950141485], [-0.09760116146025448, 51.51756936618397], [-0.09774519893518384, 51.517571702321895], [-0.09774145464747032, 51.5176615670969], [-0.09788549242491325, 51.51766390306557], [-0.09788174840093343, 51.51775376784646], [-0.09773771034035117, 51.51775143187033], [-0.09759367229914438, 51.517749095717456], [-0.09758992768947757, 51.517838960481825], [-0.09730185109903831, 51.517834287630784], [-0.0972981059036801, 51.51792415237864], [-0.09729436068891152, 51.5180140171249], [-0.09743839954069686, 51.51801635365375], [-0.097434654589662, 51.518106218405904], [-0.0972906154547318, 51.51810388186958], [-0.09728687020114093, 51.518193746612674], [-0.09743090961921684, 51.51819608315649], [-0.09742716462936364, 51.518285947905476], [-0.09741967459142502, 51.51846567739872], [-0.09741218447584735, 51.51864540688565], [-0.09755622532911722, 51.51864774329004], [-0.09754499085964198, 51.518917337531015], [-0.09752626635566153, 51.51936666123431], [-0.09767030949362321, 51.51936899752174], [-0.09766656481776485, 51.51945886226515], [-0.09752252139663561, 51.51945652597022], [-0.09751877641819975, 51.51954639070458], [-0.0976628201224973, 51.51954872700696], [-0.09765907540782219, 51.519638591747174], [-0.0976515859202429, 51.51981832122291], [-0.09764784114734029, 51.5199081859584], [-0.0975037963103547, 51.519905849626106], [-0.09750005123486664, 51.519995714352554], [-0.09764409635502809, 51.51999805069232], [-0.09763660671217583, 51.520177780155386], [-0.09763286186163457, 51.520267644884555], [-0.09762162719355219, 51.5205372390626], [-0.09761039235077813, 51.520806833226374], [-0.09775444003896827, 51.52080916945662], [-0.09789848774659776, 51.520811505510075], [-0.09789474332656592, 51.52090137024313], [-0.09775069533574628, 51.5208990341822], [-0.09774695061311549, 51.520988898906175], [-0.09774320587107475, 51.5210787636286], [-0.09759915733330887, 51.521076427375924], [-0.09758417703826097, 51.521435886219884], [-0.09758043191597068, 51.521525750926905], [-0.09757294161315394, 51.52170548033626], [-0.09756919643262785, 51.52179534503857], [-0.0977132472359943, 51.52179768135105], [-0.0977057573831216, 51.52197741076584], [-0.09770201242756892, 51.52206727547084], [-0.0976945224582293, 51.522247004876185], [-0.09783857469708548, 51.522249341049225], [-0.09783108521653092, 51.52242907046317], [-0.09797513804122708, 51.52243140647437], [-0.09797139355505188, 51.52252127118646], [-0.09811544668237443, 51.522523607028326], [-0.09811170246000929, 51.52261347174629], [-0.09796764904946793, 51.522611135896945], [-0.0979639045244756, 51.52270100060585], [-0.09810795821823694, 51.52270333646267], [-0.09810421395705667, 51.522793201177485], [-0.0981004696764688, 51.52288306589071], [-0.09824452395605265, 51.52288540158568], [-0.09824077993928197, 51.5229752663048], [-0.09838483452152721, 51.52297760183042], [-0.09838109076857612, 51.523067466555446], [-0.09866920055770356, 51.523072137091255], [-0.0988132554813868, 51.52307447209394], [-0.09895731042443831, 51.52307680691983], [-0.09938947537004657, 51.52308381033669], [-0.09938573358028949, 51.523173675112425], [-0.09952978888419209, 51.52317600923857], [-0.09952604735827043, 51.52326587402017], [-0.0993819917711375, 51.523263539886564], [-0.09937824994258988, 51.52335340465913], [-0.0990901382600825, 51.52334873584654], [-0.09908639584567344, 51.523438600602596], [-0.09894233975026802, 51.52343626592362], [-0.098938597033227, 51.52352613067061], [-0.09893485429678477, 51.52361599541604], [-0.09907891095866118, 51.52361833010994], [-0.0990714259940536, 51.52379805961097], [-0.0992154832418066, 51.523800394142995], [-0.09920425649912872, 51.5240699884051], [-0.09934831461596921, 51.52407232278275], [-0.09934457261285994, 51.52416218754109], [-0.09934083059035347, 51.52425205229785], [-0.09933334648715117, 51.52443178180662], [-0.09947740575641233, 51.52443411603733], [-0.09947366395896712, 51.524523980796815], [-0.09961772353087449, 51.52452631485818], [-0.09961398199728665, 51.52461617962354], [-0.09946992214212624, 51.52461384555471], [-0.09946618030588933, 51.52470371031104], [-0.09961024044430351, 51.524706044387344], [-0.09960649887192673, 51.52479590914956], [-0.09960275728015468, 51.52488577391018], [-0.09974681800447445, 51.5248881078246], [-0.09974307667656654, 51.52497797259113], [-0.0997393353292657, 51.52506783735608], [-0.09973559396257164, 51.525157702119444], [-0.0997318525764835, 51.52524756688122], [-0.09987591445320572, 51.52524990064869], [-0.09987217333098881, 51.525339765416355], [-0.09985720864819543, 51.525699224471225], [-0.10000127196068348, 51.52570155809921], [-0.09999753102477438, 51.525791422866455], [-0.10014159463992621, 51.525793756325086], [-0.10013785396789943, 51.5258836210982], [-0.09999379006947476, 51.52588128763212], [-0.09998630810070051, 51.52606101715866], [-0.10013037256567688, 51.52606335063971], [-0.10012663183547904, 51.52615321540809], [-0.10027069660308893, 51.526155548719764], [-0.10026695613678105, 51.526245413494024], [-0.10012289108589198, 51.52624308017488], [-0.10011915031691282, 51.52633294494009], [-0.1002632156510831, 51.52633527826671], [-0.10025199407765352, 51.52660487257528], [-0.10039606028110087, 51.52660720574746], [-0.10039232000113135, 51.52669707052129], [-0.10038857970177452, 51.52678693529353], [-0.10038109904489302, 51.5269666648333], [-0.10052516640088506, 51.526968997858525], [-0.10051394612003008, 51.5272385921787], [-0.10065801434526099, 51.527240925049476], [-0.10065427449616543, 51.52733078982716], [-0.10065053462768295, 51.52742065460329], [-0.10079460343892795, 51.52742298731216], [-0.10079086383435888, 51.52751285209416], [-0.10064679473981321, 51.527510519377834], [-0.10064305483255738, 51.527600384150794], [-0.10078712421040611, 51.52760271687458], [-0.10078338456706636, 51.52769258165344], [-0.10077590522223148, 51.52787231120638], [-0.10106404573588416, 51.527876976168244], [-0.10106030660100462, 51.5279668409573], [-0.10091623605119368, 51.527964508557304], [-0.10090875715666416, 51.528144238115715], [-0.10119689940894162, 51.52814890276868], [-0.1011931604992247, 51.52823876756043], [-0.10104908908006559, 51.5282364353149], [-0.10104534986765275, 51.52832630009762], [-0.10118942157012643, 51.528328632350615], [-0.10117820466653765, 51.52859822671164], [-0.101322277238344, 51.5286005588102], [-0.1013147997723482, 51.52878028839124], [-0.1014588729301484, 51.52878262032788], [-0.10145139595327471, 51.52896234991754], [-0.1015954696971331, 51.52896468169226], [-0.10159173146295335, 51.529054546492155], [-0.10173580550948501, 51.52905687809748], [-0.10173206753925441, 51.52914674290329], [-0.10187614188852451, 51.52914907433924], [-0.10186866645659101, 51.52932880396101], [-0.10201274139189588, 51.52933113523504], [-0.10200900393019699, 51.52942100005104], [-0.10215307916821009, 51.52942333115565], [-0.10214934197047108, 51.529513195977515], [-0.10229341751116142, 51.52951552691277], [-0.10228968057738427, 51.52960539174052], [-0.10243375642081348, 51.52960772250637], [-0.10243001975100137, 51.529697587339996], [-0.10257409589713841, 51.52969991793647], [-0.10257035949129413, 51.52978978277598], [-0.10271443594010767, 51.52979211320307], [-0.10271069979823555, 51.529881978048415], [-0.10285477654979112, 51.52988430830613], [-0.10285104067189285, 51.52997417315738], [-0.10299511772615665, 51.52997650324568], [-0.10299138211223456, 51.530066368102815], [-0.10327953684551147, 51.53007102776379], [-0.10327580177891593, 51.530160892634235], [-0.10341987945796244, 51.53016322220689], [-0.1034161446553506, 51.53025308708322], [-0.10356022263707078, 51.530255416486476], [-0.10355648809844586, 51.530345281368696], [-0.10370056638291006, 51.530347610602576], [-0.10369683210827602, 51.530437475490636], [-0.1038409106954473, 51.53043980455511], [-0.10383717668480567, 51.530529669449066], [-0.10398125557465464, 51.53053199834414], [-0.10397752182800946, 51.530621863243965], [-0.10412160102059964, 51.530624191969636], [-0.1041178675379545, 51.53071405687532], [-0.1042619470332565, 51.53071638543159], [-0.1042582138146122, 51.530806250343176], [-0.10440229361259064, 51.53080857873003], [-0.10439856065795151, 51.53089844364748], [-0.10454264075867198, 51.53090077186494], [-0.10453890806804124, 51.53099063678824], [-0.10468298847147234, 51.53099296483628], [-0.10467552359888202, 51.53117269469308], [-0.10481960458835701, 51.53117502257917], [-0.1048158724064034, 51.53126488751262], [-0.10495995369862082, 51.531267215229306], [-0.10495622178068394, 51.53135708016867], [-0.10510030337561554, 51.53135940771595], [-0.1051040350101862, 51.53126954276916], [-0.10524811634106575, 51.53127187013212], [-0.10524438498986176, 51.53136173508638], [-0.10524065361931378, 51.531451600039034], [-0.10538473553630158, 51.53145392724004], [-0.10538100442978068, 51.53154379219854], [-0.10552508664948076, 51.53154611923015], [-0.1055213558069865, 51.53163598419454], [-0.10566543832936931, 51.531638311056724], [-0.10595360343221427, 51.531642964250516], [-0.10596106339763667, 51.531463234275485], [-0.10596479335134305, 51.531373369285596], [-0.105968523285713, 51.531283504294144], [-0.10597225320074537, 51.5311936393011], [-0.10582817205649706, 51.531191312829876], [-0.1058393625356668, 51.53092171786362], [-0.10584309265671572, 51.53083185287169], [-0.10569901266525217, 51.53082952625338], [-0.10570647341605185, 51.53064979627971], [-0.1055623940106715, 51.53064746949942], [-0.10556612464041906, 51.530557604517654], [-0.10556985525082743, 51.53046773953431], [-0.10542577643146595, 51.53046541259207], [-0.10542950730588546, 51.53037554761462], [-0.10543323816096493, 51.530285682635544], [-0.10528915992764654, 51.53028335553133], [-0.10529289104673363, 51.530193490558155], [-0.10529662214647834, 51.53010362558341], [-0.10515254449922887, 51.530101298317255], [-0.10516373853244464, 51.52983170340584], [-0.10530781532966128, 51.52983403064965], [-0.10531154635203929, 51.52974416566857], [-0.10531527735507523, 51.52965430068591], [-0.1054593536049817, 51.52965662773798], [-0.10546308430533724, 51.5295667627463], [-0.1056071602912441, 51.529569089614085], [-0.10561089068892279, 51.5294792246134], [-0.10561462106726353, 51.52938935961109], [-0.10575869650580527, 51.52939168628716], [-0.10576615663780457, 51.52921195626296], [-0.10591023152904527, 51.52921428274727], [-0.10591396128270862, 51.52912441772536], [-0.10605803590995248, 51.52912674402539], [-0.1060654947926149, 51.52894701396195], [-0.10620956887250044, 51.528949340070234], [-0.10621702711117725, 51.528769609985595], [-0.10636110064377369, 51.528771935902164], [-0.10636482945079091, 51.52868207085002], [-0.10650890271939009, 51.5286843965823], [-0.10651635970878967, 51.52850466645841], [-0.1066604324300397, 51.52850699199897], [-0.1066678887754867, 51.52832726185389], [-0.10681196094945511, 51.52832958720272], [-0.1068194166509626, 51.52814985703644], [-0.10696348827762323, 51.528152182193566], [-0.10697094333520475, 51.52797245200607], [-0.10711501441452333, 51.527974776971476], [-0.10712246882819006, 51.52779504676281], [-0.10726653936024294, 51.527797371536494], [-0.10727399313000792, 51.527617641306634], [-0.10741806311475971, 51.5276199658886], [-0.10742551624063648, 51.527440235637535], [-0.1075695856780964, 51.52744256002779], [-0.10757331192875409, 51.527352694892464], [-0.10771738110218936, 51.527355019098465], [-0.10772110705022904, 51.52726515395412], [-0.10786517595971241, 51.52726747797581], [-0.10786890160513606, 51.527177612822456], [-0.10801297025059794, 51.52717993665992], [-0.10802042091690861, 51.52700020633357], [-0.10816448901511429, 51.52700252997933], [-0.10816821403600609, 51.52691266480635], [-0.10831228187022413, 51.52691498826784], [-0.10831600658851018, 51.526825123085864], [-0.10846007415871071, 51.52682744636308], [-0.10846379857439468, 51.526737581172085], [-0.10860786588063731, 51.526739904265035], [-0.10861158999372235, 51.526650039065025], [-0.10861531408750232, 51.52656017386343], [-0.10875938084646418, 51.5265624967647], [-0.10876310463764965, 51.52647263155411], [-0.10890717113262421, 51.5264749542711], [-0.10891089462121784, 51.52638508905149], [-0.10905496085217455, 51.52638741158423], [-0.1090586840381784, 51.52629754635563], [-0.10920275000517764, 51.5262998687041], [-0.10920647288859642, 51.52621000346647], [-0.109350538591577, 51.526212325630695], [-0.10935426117241234, 51.52612246038406], [-0.10935798373395145, 51.52603259513584], [-0.10950204888968972, 51.52603491710837], [-0.10950577114865054, 51.525945051851146], [-0.1096498360404016, 51.52594737363943], [-0.10979390095144612, 51.525949695250894], [-0.10979762262455024, 51.525859829977215], [-0.10994168727157531, 51.525862151404425], [-0.11008575193792133, 51.525864472654796], [-0.11009319409313828, 51.525684742073054], [-0.11009691514181379, 51.525594876779785], [-0.11024097897758031, 51.52559719783106], [-0.11024469972369151, 51.525507332528825], [-0.11038876329550218, 51.52550965339584], [-0.11040736532040496, 51.52506032682376], [-0.1102633031649506, 51.525058005993856], [-0.11026702379534328, 51.52496814068214], [-0.11027074440645009, 51.52487827536885], [-0.11041480599537185, 51.524880596183884], [-0.11041108566753041, 51.52497046150462], [-0.11055514755900386, 51.52497278215028], [-0.11054770741200325, 51.52515251280183], [-0.11083583238583501, 51.525157153592374], [-0.11083955190244016, 51.525067288252515], [-0.11098361413502451, 51.52506960837515], [-0.11097989490168823, 51.52515947372241], [-0.11112395743678843, 51.52516179367563], [-0.1111202384674438, 51.52525165902875], [-0.11126430130512352, 51.52525397881256], [-0.11126058259977374, 51.52534384417152], [-0.1114046457400039, 51.52534616378595], [-0.11140092729865134, 51.52543602915076], [-0.11168905420344684, 51.525440667863954], [-0.11168533630936953, 51.52553053324204], [-0.1118294000739679, 51.52553285234084], [-0.11182568244389614, 51.52562271772472], [-0.11196974651104376, 51.52562503665412], [-0.1119660291449784, 51.52571490204387], [-0.11211009351464071, 51.52571722080387], [-0.11210637641258649, 51.52580708619947], [-0.11225044108482868, 51.52580940479005], [-0.11224672424678837, 51.52589927019148], [-0.11239078922157941, 51.525901588612655], [-0.11238707264755539, 51.52599145401993], [-0.11253113792486472, 51.525993772271704], [-0.11252742161486019, 51.52608363768482], [-0.11267148719474859, 51.526085955767165], [-0.11266777114876715, 51.52617582118612], [-0.1128118370312056, 51.52617813909907], [-0.11280812124924838, 51.52626800452387], [-0.11295218743420589, 51.526270322267415], [-0.11294847191627774, 51.526360187698046], [-0.11338067143663409, 51.52636713988993], [-0.11337695674932038, 51.52645700534122], [-0.11366509042577724, 51.526461639266486], [-0.11380915729285271, 51.52646395596388], [-0.113805443436163, 51.52655382143585], [-0.1138017295602215, 51.526643686906226], [-0.11394579701317153, 51.52664600344162], [-0.1140898644853702, 51.52664831980018], [-0.11408615115677036, 51.526738185283804], [-0.11423021893148287, 51.52674050147294], [-0.11422650586693185, 51.52683036696242], [-0.1143705739442215, 51.526832682982125], [-0.11436686114372338, 51.52692254847742], [-0.11451092952356072, 51.526924864327725], [-0.11450721698711824, 51.527014729828856], [-0.11465128566946749, 51.52701704550971], [-0.11464757339708143, 51.52710691101668], [-0.11479164238201287, 51.52710922652813], [-0.11478793037368847, 51.52719909204093], [-0.11493199966116444, 51.52720140738295], [-0.11492828791690521, 51.52729127290157], [-0.11507235750689586, 51.52729358807417], [-0.11506864602670261, 51.527383453598624], [-0.11521271591927354, 51.52738576860179], [-0.11520900470314989, 51.527475634132095], [-0.11535307489827043, 51.527477948965824], [-0.11534936394621985, 51.527567814501936], [-0.11549343444385476, 51.52757012916624], [-0.11548972375587972, 51.52765999470819], [-0.11548601304866885, 51.52774986024858], [-0.1156300841321977, 51.527752174750844], [-0.11562637368906713, 51.52784204029703], [-0.11562266322670225, 51.52793190584167], [-0.11561895274510231, 51.528021771384715], [-0.11576302469781752, 51.52802408573237], [-0.1157444734179138, 51.528473413460986], [-0.11588854680644814, 51.52847572766883], [-0.11588483677609393, 51.52856559321722], [-0.11587741665768819, 51.528745324309284], [-0.11602149091547369, 51.528747638362496], [-0.11616556519248986, 51.52874995223886], [-0.11630963948870578, 51.52875226593838], [-0.11630593025065047, 51.52884213150426], [-0.1161618556711021, 51.52883981779733], [-0.11615814613048404, 51.52892968335425], [-0.1160140712868017, 51.52892736946307], [-0.11586999646235052, 51.52892505539505], [-0.11586628633583367, 51.529014920935545], [-0.11585886602509707, 51.52919465201185], [-0.11585515584088013, 51.529284517547616], [-0.1159992317986802, 51.529286831645244], [-0.11600294169955833, 51.529196966102084], [-0.1161470173932511, 51.52919928001545], [-0.11614330777571304, 51.52928914556603], [-0.11628738377194557, 51.52929145930999], [-0.11629109310614405, 51.529201593752], [-0.11643516883829587, 51.52920390731169], [-0.11657924458967606, 51.52920622069455], [-0.11658295333796899, 51.52911635512018], [-0.1170151798574129, 51.52912329418542], [-0.11715925540231745, 51.52912560685346], [-0.11715554778737979, 51.52921547245745], [-0.117011471959136, 51.52921315978199], [-0.11700776404163957, 51.52930302537698], [-0.1168636879492447, 51.52930071251728], [-0.11671961187607426, 51.52929839948072], [-0.11657553582215753, 51.52929608626733], [-0.11657182703541277, 51.529385951838556], [-0.11642775071735102, 51.529383638440905], [-0.11628367441851711, 51.52938132486641], [-0.11613959813894345, 51.529379011115054], [-0.11613588848294276, 51.5294688766625], [-0.11612846911325006, 51.529648607752634], [-0.11612475939955727, 51.529738473295325], [-0.11598068200580494, 51.52973615933752], [-0.11597697198953189, 51.52982602487124], [-0.11612104966663256, 51.52982833883647], [-0.11611733991447716, 51.52991820437601], [-0.11582918401280748, 51.529913576253925], [-0.11582547367471671, 51.53000344177708], [-0.11568139546941174, 51.53000112744337], [-0.11569252727602859, 51.52973153089134], [-0.11583660463128452, 51.52973384520287], [-0.1158440251728241, 51.5295541141455], [-0.1155558716149026, 51.529549485375234], [-0.1155595824235083, 51.529459619859004], [-0.11556329321287818, 51.52936975434118], [-0.11556700398301184, 51.52927988882179], [-0.11557071473390716, 51.529190023300835], [-0.11557442546556822, 51.52910015777827], [-0.11571850081822296, 51.529102472214795], [-0.11572221124731014, 51.529012606683274], [-0.11557813617799265, 51.52901029225414], [-0.11558555754513192, 51.52883056120118], [-0.11544148306171804, 51.52882824661003], [-0.11544890491857673, 51.52864851556555], [-0.11559297883532889, 51.5286508301419], [-0.11559668945157313, 51.528560964609895], [-0.11560040004858274, 51.528471099076306], [-0.11560782118489556, 51.5282913680044], [-0.11546374840145057, 51.528289053457684], [-0.11546745922407789, 51.52819918792677], [-0.1154711700274685, 51.528109322394265], [-0.11548230232222285, 51.52783972578735], [-0.11533823097464546, 51.52783741110084], [-0.1153456529749323, 51.527657680036484], [-0.11520158221318852, 51.527655365187925], [-0.1152052934677883, 51.527565499660795], [-0.11506122300859777, 51.52756318464281], [-0.1150649345272699, 51.527473319121505], [-0.11492086437066085, 51.52747100393411], [-0.11492457615340379, 51.527381138418626], [-0.11478050629931334, 51.527378823061795], [-0.11478421834612222, 51.527288957552145], [-0.11464014879458062, 51.527286642025885], [-0.11464386110545235, 51.52719677652207], [-0.11449979185649543, 51.52719446082639], [-0.11450350443142916, 51.5271045953284], [-0.11435943548498732, 51.5271022794633], [-0.11436314832397865, 51.527012413971136], [-0.11421907968008727, 51.52701009793662], [-0.11422279278313309, 51.52692023245031], [-0.11407872444182277, 51.52691791624635], [-0.11408243780892141, 51.526828050765864], [-0.11393836977012742, 51.52682573439248], [-0.11394208340127499, 51.52673586891784], [-0.1137980156650282, 51.526733552375035], [-0.11365394794806737, 51.526731235655404], [-0.1135098802503282, 51.52672891875895], [-0.11351359471211328, 51.52663905330498], [-0.11336952731692412, 51.52663673623909], [-0.11337324204275052, 51.52654687079095], [-0.11308510787676222, 51.526542236143534], [-0.11308882314991874, 51.52645237070861], [-0.11280068962755121, 51.52644773536873], [-0.11280440544803068, 51.526357869947105], [-0.11266033899901437, 51.52635555201932], [-0.112664055083522, 51.526265686603516], [-0.1125199889370593, 51.52626336850632], [-0.11252370528559237, 51.526173503096345], [-0.11223557361706661, 51.526168866386335], [-0.11223929051290674, 51.526079000989625], [-0.11209522499081499, 51.52607668237678], [-0.11209894215067423, 51.525986816985935], [-0.11195487693116717, 51.52598449820367], [-0.11195859435504106, 51.52589463281866], [-0.11181452943805344, 51.52589231386699], [-0.1116704645403387, 51.525889994738534], [-0.11167418251150496, 51.52580012936677], [-0.11153011791634461, 51.525797810068894], [-0.11153383615151845, 51.525707944702965], [-0.11138977185894275, 51.525705625235695], [-0.111393490358121, 51.525615759875606], [-0.11124942636806515, 51.52561344023893], [-0.11125314513124453, 51.525523574884694], [-0.11110908144374394, 51.52552125507863], [-0.11111280047092216, 51.525431389730244], [-0.1109687370860062, 51.52542906975475], [-0.11097245637717928, 51.52533920441222], [-0.11082839329478397, 51.525336884267325], [-0.11082467372033765, 51.52542674960243], [-0.11068061037394791, 51.525424429273315], [-0.1106768904969456, 51.52551429459942], [-0.1106731706006617, 51.52560415992396], [-0.11052910670704044, 51.52560183940314], [-0.11052166629006711, 51.52578157003263], [-0.1105179460526549, 51.52587143534501], [-0.110373881328445, 51.525869114625095], [-0.11037016078846684, 51.52595897992846], [-0.11022609580026374, 51.52595665902432], [-0.11008203083137962, 51.52595433794333], [-0.11007458856042991, 51.5261340685156], [-0.10993052304423594, 51.52613174724296], [-0.10978645754736334, 51.52612942579348], [-0.10978273581638308, 51.52621929106239], [-0.1096386700554866, 51.52621696942865], [-0.10963494802192804, 51.52630683468858], [-0.10949088199703873, 51.526304512870574], [-0.10948715966089798, 51.52639437812146], [-0.10934309337201621, 51.52639205611922], [-0.10933937073328957, 51.52648192136113], [-0.1091953041804452, 51.52647959917462], [-0.10919158123913159, 51.52656946440753], [-0.10904751442226494, 51.526567142036754], [-0.1090437911783607, 51.52665700726061], [-0.10889972409753261, 51.52665468470557], [-0.10889600055103424, 51.526744549920465], [-0.10875193320618388, 51.52674222718115], [-0.10874820935708894, 51.52683209238703], [-0.10874448548869058, 51.526921957591306], [-0.10860041759655305, 51.52691963466031], [-0.10859669342555338, 51.527009499855595], [-0.10845262526942258, 51.52700717674034], [-0.10844517630290838, 51.52718690711128], [-0.10815703891540222, 51.52718226032054], [-0.10815331383658108, 51.527272125488786], [-0.10814958873845013, 51.52736199065543], [-0.10800551950704133, 51.52735966697995], [-0.10800179410629596, 51.52744953213757], [-0.10785772461092652, 51.52744720827782], [-0.10785399890756353, 51.52753707342646], [-0.10770992914816743, 51.52753474938241], [-0.10770247711688652, 51.527714479660084], [-0.10755840681022553, 51.52771215542433], [-0.10755095413506231, 51.5278918856808], [-0.10740688328106092, 51.52788956125335], [-0.1074031566311925, 51.52797942637177], [-0.10739942996200473, 51.52806929148862], [-0.10725535856069712, 51.52806696686946], [-0.10724790459773485, 51.52824669708353], [-0.10710383264911298, 51.528244372272646], [-0.10709637804223032, 51.52842410246556], [-0.10695230554632772, 51.528421777462945], [-0.10694857793058404, 51.528511642549574], [-0.10680450517064842, 51.52850931736269], [-0.10679704931454098, 51.52868904751635], [-0.1066529760072864, 51.52868672213777], [-0.10664551950722634, 51.52886645227021], [-0.10650144565267865, 51.52886412669988], [-0.10649398850865203, 51.52904385681116], [-0.10634991410674408, 51.529041531049096], [-0.10634245631874109, 51.52922126113915], [-0.10619838136949823, 51.52921893518538], [-0.1061946521631662, 51.529308800220605], [-0.10619092293750328, 51.529398665254234], [-0.10618719369250794, 51.52948853028628], [-0.10604311791262562, 51.529486204133356], [-0.10603565879796074, 51.52966593417784], [-0.10589158247070338, 51.52966360783316], [-0.10589531232104245, 51.529573742819125], [-0.10575123629645955, 51.529571416305025], [-0.10574750616278125, 51.52966128131161], [-0.10589158247070338, 51.52966360783316], [-0.10588785260102905, 51.52975347284559], [-0.10574377600976652, 51.5297511463166], [-0.1057400458374138, 51.52984101132004], [-0.10559596898217671, 51.52983868460676], [-0.10559223850714478, 51.529928549601145], [-0.10544816138787388, 51.52992622270356], [-0.10544069981309999, 51.53010595267272], [-0.10558477749906246, 51.530108279585185], [-0.10558104696601289, 51.53019814457484], [-0.10572512495463192, 51.53020047131788], [-0.10586920296261879, 51.5302027978841], [-0.10586547297692878, 51.530292662887064], [-0.10572139468559155, 51.530290336313406], [-0.10571766439721353, 51.53038020130736], [-0.10586174297190147, 51.530382527888456], [-0.10585428290383811, 51.53056225788649], [-0.10599836206456799, 51.530564584305615], [-0.10599090248586959, 51.53074431431221], [-0.10613498223261593, 51.530746640569376], [-0.10613125269762157, 51.53083650557776], [-0.10612752314329243, 51.530926370584574], [-0.1062716034761248, 51.530928696679766], [-0.10625668619891925, 51.531288156720926], [-0.10640076768453789, 51.53129048266904], [-0.10638958037373929, 51.53156007770568], [-0.10667774510315559, 51.53156472911598], [-0.10668147365934567, 51.53147486409048], [-0.10682555576969581, 51.5314771895229], [-0.10682928402318805, 51.531387324488364], [-0.10697336586946145, 51.53138964973647], [-0.10711744773509635, 51.53139197480773], [-0.107113720048343, 51.531481839857165], [-0.10725780221667025, 51.53148416475901], [-0.10725407479396463, 51.53157402981427], [-0.10739815726498898, 51.531576354546694], [-0.10739443010633104, 51.53166621960782], [-0.10768259567305558, 51.531670868556965], [-0.10840300992794834, 51.53168248783475], [-0.10840673510299242, 51.53159262272155], [-0.10855081772855121, 51.531594946039085], [-0.10955939664801524, 51.53161120430974], [-0.11027981074093567, 51.53162281205441], [-0.11028353221281537, 51.531532946843036], [-0.11100394537118217, 51.53154455012901], [-0.11100766540690496, 51.53145468487894], [-0.11187216013312186, 51.53146860294117], [-0.11188331502390626, 51.53119900704785], [-0.1120273966956482, 51.53120132608361], [-0.11203111467065632, 51.53111146077527], [-0.11217519607830405, 51.53111377962674], [-0.11217147838666493, 51.531203644942515], [-0.11231556009692466, 51.531205963624565], [-0.11231184266938177, 51.531295828946185], [-0.11245592468231282, 51.531298147458806], [-0.11245220751887124, 51.53138801278623], [-0.11274037216925772, 51.53139264929569], [-0.11274408876595607, 51.531302783953436], [-0.11288817083669453, 51.53130510193546], [-0.1131763350359366, 51.53130973736892], [-0.11318005076325587, 51.531219872002794], [-0.11346821447283939, 51.531224506714], [-0.11346449931226137, 51.53131437209496], [-0.11360858147928252, 51.53131668919268], [-0.11361229635648913, 51.53122682380431], [-0.11390046018162939, 51.53123145745436], [-0.11418862408375692, 51.531236090396966], [-0.11419233780822528, 51.53114622497736], [-0.11433641950481656, 51.531148541175966], [-0.11434384632925844, 51.53096881031723], [-0.11448792747832888, 51.530971126324154], [-0.1144916405783075, 51.53088126088502], [-0.11463572146329647, 51.530883576707666], [-0.11462829581082268, 51.53106330759922], [-0.11448421435910006, 51.531060991761734], [-0.11448050122062307, 51.53115085719772], [-0.11462458295571469, 51.5311531730426], [-0.1146208700813585, 51.53124303848443], [-0.1149090341759902, 51.531247669658434], [-0.11491274648360558, 51.53115780420179], [-0.11520091008850994, 51.53116243465353], [-0.11520462181014067, 51.5310725691805], [-0.11534870335805415, 51.5310748841337], [-0.11534499191979447, 51.5311647496141], [-0.11577723752914877, 51.53117169343471], [-0.115780948117299, 51.53108182793206], [-0.11592502974219819, 51.53108414217779], [-0.11635727473226838, 51.53109108385385], [-0.11636098416770667, 51.53100121832], [-0.1167932284807418, 51.53100815838212], [-0.11679693704684511, 51.53091829282446], [-0.11694101823961844, 51.530920605817386], [-0.11693730995688374, 51.53101047138242], [-0.11751363605361827, 51.53101972161514], [-0.11750992888513849, 51.5311095872082], [-0.11664543815512637, 51.5310957107536], [-0.11664172926720062, 51.53118557630068], [-0.11606540136492301, 51.53117632176414], [-0.11606169132428013, 51.53126618728003], [-0.11519719834763781, 51.53125230012499], [-0.11519348658752185, 51.531342165594886], [-0.11562573383939065, 51.5313491099905], [-0.11562202291015702, 51.53143897548101], [-0.11518977480816568, 51.531432031063176], [-0.11518606300956528, 51.5315218965299], [-0.11446564847421606, 51.53151031892592], [-0.11446193523948939, 51.531600184354026], [-0.11388560282423946, 51.53159091905767], [-0.1138818884367527, 51.53168078445453], [-0.11373780509768316, 51.53167846768087], [-0.11373409040756054, 51.53176833306875], [-0.11359000680436855, 51.53176601611082], [-0.11344592322047008, 51.531763698976015], [-0.11344963847734942, 51.531673833602945], [-0.11330555519605745, 51.5316715162987], [-0.1133092707170521, 51.531581650931514], [-0.11287702183891465, 51.53157469797983], [-0.1128807381907745, 51.53148483263328], [-0.11244849033615843, 51.531477878112106], [-0.11244477313417402, 51.53156774343641], [-0.11287702183891465, 51.53157469797983], [-0.11287330546778994, 51.5316645633248], [-0.11258513907861778, 51.531659927124544], [-0.11244105591292032, 51.531657608759126], [-0.11229697276649367, 51.53165529021684], [-0.1122932552425906, 51.531745155530565], [-0.11214917183208965, 51.531742836804014], [-0.11214545400553555, 51.53183270210873], [-0.11200137033089869, 51.5318303831979], [-0.1119976522016916, 51.5319202484936], [-0.11185356826295059, 51.531917929398475], [-0.1118572866755378, 51.53182806411017], [-0.11171320303948556, 51.53182574484562], [-0.11171692171617573, 51.531735879563136], [-0.11172064037358669, 51.531646014279076], [-0.11186472344288344, 51.53164833352882], [-0.11186844179764065, 51.5315584682358], [-0.11172435901171933, 51.531556148993495], [-0.11172064037358669, 51.531646014279076], [-0.1115765573235346, 51.5316436948525], [-0.11157283838274665, 51.53173356012911], [-0.11085242200486711, 51.53172196030611], [-0.11084870162790954, 51.53181182554405], [-0.11012828431535404, 51.53180022126236], [-0.11012456250221689, 51.53189008646157], [-0.10983639514549771, 51.53188544349599], [-0.10982895032781591, 51.53206517385998], [-0.10968486611162577, 51.532062852097035], [-0.10968114339045654, 51.53215271726921], [-0.10953705891021351, 51.532150395321985], [-0.1095407819147645, 51.532060530157246], [-0.10939669773717442, 51.53205820804057], [-0.10940042100580653, 51.53196834288166], [-0.10911225327529592, 51.53196369813261], [-0.10910852943990232, 51.532053563276655], [-0.10896444532025322, 51.53205124062939], [-0.10896816943902732, 51.53196137549277], [-0.10882408562203522, 51.531959052676086], [-0.10882036121988128, 51.53204891780529], [-0.10867627713884738, 51.5320465948043], [-0.10867255243400596, 51.532136459924445], [-0.1085284680888703, 51.532134136739174], [-0.10852474308133453, 51.532224001850324], [-0.10838065847212731, 51.53222167848075], [-0.10837693316189606, 51.53231154358291], [-0.10823284828861769, 51.53230922002902], [-0.10823657388223314, 51.5322193549343], [-0.1080924893116833, 51.53221703121099], [-0.1080962151693667, 51.53212716612213], [-0.10795213090148498, 51.53212484222941], [-0.1079558570232324, 51.53203497714643], [-0.10723543739057385, 51.53202335506699]]]}, "properties": {"NoiseClass": "70.0-74.9"}}, {"type": "Feature", "geometry": {"type": "Polygon", "coordinates": [[[-0.11201624265497759, 51.5314709219992], [-0.11201252460287019, 51.531560787301245], [-0.11230069027112358, 51.53156542490156], [-0.11230440775648177, 51.531475559584656], [-0.11201624265497759, 51.5314709219992]]]}, "properties": {"NoiseClass": "70.0-74.9"}}, {"type": "Feature", "geometry": {"type": "Polygon", "coordinates": [[[-0.11302853689671168, 51.53139728509773], [-0.11302482084749246, 51.53148715045328], [-0.11331298621878659, 51.53149178556268], [-0.11331670170125864, 51.531401920192316], [-0.11302853689671168, 51.53139728509773]]]}, "properties": {"NoiseClass": "70.0-74.9"}}, {"type": "Feature", "geometry": {"type": "Polygon", "coordinates": [[[-0.11346078413242407, 51.531404237474305], [-0.11345706893332622, 51.53149410285212], [-0.11374523442015443, 51.53149873690035], [-0.11374894905250389, 51.531408871507736], [-0.11346078413242407, 51.531404237474305]]]}, "properties": {"NoiseClass": "70.0-74.9"}}, {"type": "Feature", "geometry": {"type": "Polygon", "coordinates": [[[-0.11389674587116483, 51.53132132285755], [-0.11389303154144612, 51.53141118825916], [-0.11504569214597257, 51.53142971590351], [-0.11504940420870297, 51.53133985044263], [-0.11389674587116483, 51.53132132285755]]]}, "properties": {"NoiseClass": "70.0-74.9"}}, {"type": "Feature", "geometry": {"type": "Polygon", "coordinates": [[[-0.10480840798444878, 51.53144461737485], [-0.10480467574444974, 51.531534482303556], [-0.10494875788677031, 51.531536810042596], [-0.10495248984339987, 51.53144694510643], [-0.10480840798444878, 51.53144461737485]]]}, "properties": {"NoiseClass": "70.0-74.9"}}, {"type": "Feature", "geometry": {"type": "Polygon", "coordinates": [[[-0.09909762303070539, 51.523169006329724], [-0.09909388065509357, 51.52325887108893], [-0.09923793620343482, 51.52326120557615], [-0.0992416782958167, 51.5231713408095], [-0.09909762303070539, 51.523169006329724]]]}, "properties": {"NoiseClass": "70.0-74.9"}}, {"type": "Feature", "geometry": {"type": "Polygon", "coordinates": [[[-0.05674987131894693, 51.532546758239164], [-0.05675369831019606, 51.532456895853976], [-0.0567575252816056, 51.53236703346718], [-0.05676517916490636, 51.53218730868884], [-0.05677283296884994, 51.53200758390416], [-0.056776659841064746, 51.531917721509416], [-0.056780486693440366, 51.53182785911309], [-0.056636407695092816, 51.53182547221456], [-0.05664788898320952, 51.53155588503898], [-0.05665171603956883, 51.531466022643954], [-0.056507638194449365, 51.531463635599145], [-0.0565114655143064, 51.53137377321013], [-0.05636738797233396, 51.53137138599608], [-0.05637121555568432, 51.53128152361314], [-0.05637504311919072, 51.53119166122865], [-0.05651912009449573, 51.5311940484274], [-0.05652294735483082, 51.531104186033645], [-0.05637887066285713, 51.53110179884251], [-0.05638652569066245, 51.53092207406551], [-0.05624244958518822, 51.530919686712835], [-0.05625393282806225, 51.53065009955832], [-0.05610985759243905, 51.53064771205172], [-0.05612516943842221, 51.53028826252068], [-0.05598109535588915, 51.530285874867786], [-0.055984923551091664, 51.530196012488695], [-0.05598875172644942, 51.53010615010802], [-0.0559925798819636, 51.53001628772574], [-0.0558485066692212, 51.530013899918934], [-0.055852335088201685, 51.52992403754272], [-0.055708262178649263, 51.5299216495667], [-0.05571209086109287, 51.52983178719655], [-0.05585616348733581, 51.529834175164915], [-0.055871476885417694, 51.5294747256378], [-0.05572740539240105, 51.5294723377], [-0.05573889108249092, 51.529202750560884], [-0.05559482045919335, 51.529200362469176], [-0.05561013556798371, 51.52884091295867], [-0.055466066097715504, 51.5288385247207], [-0.05548138202210996, 51.52847907521536], [-0.05533731370485164, 51.52847668683114], [-0.055375604959285334, 51.52757806303289], [-0.055231539494704475, 51.52757567454827], [-0.055246856573796466, 51.52721622501504], [-0.055390920905300046, 51.5272186134691], [-0.05540623653375095, 51.52685916387987], [-0.05526217333530117, 51.52685677545638], [-0.05528131884059026, 51.526407463472275], [-0.05513725707823924, 51.526405074910194], [-0.05515640350357589, 51.525955762924596], [-0.055012343177355844, 51.52595337422391], [-0.055031490522683996, 51.52550406223676], [-0.054887431632489575, 51.525501673397486], [-0.0549027502843996, 51.52514222380975], [-0.054758692546994864, 51.52513983482424], [-0.054793160901585876, 51.52433107322762], [-0.05479699061950734, 51.524241210820065], [-0.054800820317578505, 51.52415134841091], [-0.054656765715489004, 51.52414895933268], [-0.0546605956769247, 51.52405909692956], [-0.05480464999579892, 51.524061486000136], [-0.05485826340666861, 51.52280341208279], [-0.055002313780534044, 51.52280580086955], [-0.055017630050603186, 51.52244635109108], [-0.05516167931154813, 51.522448739670516], [-0.055169336761130484, 51.522269014756446], [-0.055173165456153715, 51.52217915229704], [-0.055317213887352105, 51.522181540676755], [-0.05532487065150169, 51.52200181573786], [-0.055468918536212095, 51.5220042039255], [-0.055480402684079166, 51.52173461648235], [-0.0556244497390601, 51.521737004470296], [-0.05563593285883428, 51.5214674169899], [-0.05577997908416164, 51.52146980477813], [-0.05579146117587391, 51.52120021726052], [-0.055935506571529015, 51.52120260484906], [-0.0559431606338164, 51.521022879814105], [-0.05608720548297043, 51.521025267210575], [-0.05609103220119649, 51.520935404683065], [-0.05594698763520766, 51.52093301729423], [-0.05595081461676365, 51.520843154772756], [-0.0560948588995893, 51.52084554215397], [-0.05609868557814647, 51.5207556796233], [-0.05624272959761237, 51.52075806682008], [-0.056246555973176675, 51.52066820428016], [-0.05610251223687162, 51.520665817091015], [-0.056106338875763516, 51.52057595455714], [-0.05625038232890975, 51.52057834173865], [-0.05625420866480919, 51.52048847919558], [-0.05625803498087815, 51.5203986166509], [-0.0561139920940468, 51.52039622948465], [-0.05611781867343896, 51.52030636694602], [-0.05626186127711627, 51.52030875410462], [-0.05626568755352073, 51.52021889155679], [-0.05612164523299748, 51.52021650440582], [-0.05612547177272398, 51.52012664186402], [-0.05569334577951378, 51.52011947937339], [-0.05568951839033187, 51.52020934189231], [-0.05511334954457087, 51.520199789399435], [-0.05510952100294304, 51.520289651886145], [-0.05467739372749405, 51.520282485637445], [-0.0546735643165605, 51.52037234809968], [-0.05424143637027896, 51.52036518023709], [-0.05423760609003489, 51.52045504267479], [-0.05380547747296017, 51.52044787319828], [-0.05380164632339684, 51.52053773561143], [-0.053225473979331146, 51.52052817380399], [-0.05322164167728374, 51.520618036184985], [-0.05264546851842632, 51.52060847151852], [-0.05264163506388532, 51.52069833386733], [-0.05220950455383835, 51.52069115848838], [-0.05220567022995382, 51.52078102081263], [-0.05177353904932152, 51.52077384381975], [-0.051769703856083954, 51.52086370611945], [-0.05133757200487188, 51.52085652751262], [-0.05133373594227449, 51.52094638978776], [-0.05090160342052319, 51.520939209566954], [-0.05089776648855886, 51.52102907181754], [-0.05060967767384287, 51.52102428410446], [-0.05060584015566598, 51.52111414633812], [-0.050173706233264136, 51.521106963419705], [-0.05016986784570441, 51.5211968256288], [-0.049737733252861085, 51.52118964109639], [-0.04973389399591132, 51.521279503280915], [-0.04944580380052113, 51.52127471269345], [-0.049441963957340976, 51.52136457486103], [-0.04900982796401085, 51.521357387630964], [-0.04900598725142595, 51.52144724977398], [-0.04886194167694918, 51.521444853669394], [-0.048573850587754125, 51.5214400609299], [-0.04857000900575774, 51.521529923048334], [-0.04828191742983637, 51.52152512958637], [-0.048278075261590524, 51.521614991687855], [-0.04813402922036336, 51.52161259468403], [-0.04813018674903164, 51.52170245677628], [-0.047986140444517836, 51.52170005958802], [-0.04798998319902032, 51.521610197503456], [-0.04784593719759201, 51.52160780014606], [-0.04784209415991996, 51.52169766222297], [-0.04740995542567991, 51.52169046906714], [-0.04740226759154487, 51.52187019317012], [-0.04725822082031925, 51.52186779508259], [-0.04726206503052125, 51.521777933039594], [-0.04697397211412629, 51.52177313634955], [-0.04697012733757879, 51.521862998377216], [-0.04668203393458272, 51.52185820096472], [-0.04667818857175951, 51.52194806297546], [-0.04653414161696697, 51.52194566399637], [-0.04653029595103762, 51.52203552599785], [-0.04638624873303279, 51.522033126834295], [-0.04639009468213727, 51.521943264840495], [-0.04624604776721115, 51.52194086550783], [-0.04624220153493194, 51.522030727493956], [-0.04623835528271775, 51.52212058947846], [-0.04609430782137555, 51.52211818995367], [-0.04595026038000098, 51.52211579025208], [-0.045954107198567434, 51.522025928282915], [-0.04581006006027634, 51.52202352841224], [-0.04580621295853438, 51.522113390373725], [-0.04580236583685224, 51.522203252333625], [-0.0455142704874155, 51.52219845203119], [-0.045518118175452246, 51.522108590086646], [-0.04537407081380971, 51.52210618967791], [-0.045370222842595814, 51.52219605161479], [-0.04508212761282349, 51.52219125025164], [-0.04508597615039123, 51.52210138833015], [-0.045230023472111296, 51.52210378909242], [-0.04523387170655618, 51.52201392716167], [-0.04494577764937864, 51.52200912547568], [-0.04494192884858388, 51.52209898739109], [-0.04450978706289743, 51.522091783513204], [-0.04450593739262441, 51.52218164540398], [-0.044361889887445105, 51.522179243750095], [-0.0443580399140417, 51.5222691056316], [-0.04421399214564015, 51.52226670379325], [-0.04421014186910398, 51.52235656566546], [-0.04406609383751277, 51.522354163642646], [-0.04363394986242865, 51.522346956513516], [-0.04320180606700355, 51.52233974779332], [-0.04319795378825198, 51.52242960961014], [-0.04305390561318525, 51.52242720634216], [-0.042909857458086086, 51.522424802897376], [-0.04262176120783227, 51.5224199954775], [-0.04261405432497884, 51.52259971904481], [-0.042470005663463206, 51.52259731505432], [-0.04218190840029608, 51.52259250654295], [-0.04203785979870783, 51.52259010202208], [-0.04189381121706729, 51.52258769732443], [-0.04174976265540787, 51.52258529245], [-0.04174590748492551, 51.52267515418513], [-0.04160185866009748, 51.52267274912622], [-0.041598003186449774, 51.52276261085206], [-0.04145395409838837, 51.52276020560866], [-0.04116585598222352, 51.52275539459151], [-0.04116199963903831, 51.52284525629267], [-0.04101795032778442, 51.52284285051123], [-0.041014093681425105, 51.522932712203094], [-0.040581945017982866, 51.52292549377495], [-0.04057808750207134, 51.52301535544213], [-0.04028998792668296, 51.52301054225737], [-0.04029384600896781, 51.52292068060558], [-0.04043789550347863, 51.52292308727865], [-0.04044175328258142, 51.522833225617575], [-0.04072985176518137, 51.52283803841797], [-0.0407337089579202, 51.522748176739924], [-0.04102180695415431, 51.522752988817786], [-0.04102566356053556, 51.522663127122726], [-0.04116971230542128, 51.52266553288877], [-0.04117356860863159, 51.522575671184434], [-0.041029520146927366, 51.52257326542609], [-0.04103337671333014, 51.52248340372786], [-0.04146552130892755, 51.522490620449474], [-0.041469377005804345, 51.52240075872656], [-0.04190152093172573, 51.52240797383403], [-0.04190537575908532, 51.52231811208643], [-0.04233751901529252, 51.522325325579786], [-0.04234137297314123, 51.522235463807526], [-0.04306161071707862, 51.52224748272232], [-0.043065463239073336, 51.52215762091], [-0.043929747491677024, 51.52217203772777], [-0.04393359829465337, 51.52208217586775], [-0.04436573984089407, 51.52208938186701], [-0.04436958977438778, 51.521999519982344], [-0.04480173065069613, 51.52200672436753], [-0.04480557971471714, 51.521916862458205], [-0.04538176669640389, 51.521926465799424], [-0.0453856146077854, 51.52183660385779], [-0.04596180077588624, 51.52184620433981], [-0.04596564753463779, 51.52175634236586], [-0.04625374017196303, 51.521761141530824], [-0.04625758634443728, 51.52167127953992], [-0.04654567849516139, 51.52167607798241], [-0.0468337707256112, 51.52168087571777], [-0.046837615745473384, 51.52159101369458], [-0.046981661607438975, 51.52159341228943], [-0.046985506324204146, 51.52150355025697], [-0.04712955192293041, 51.52150594866737], [-0.0471257074893336, 51.521595810707474], [-0.04726975339115209, 51.52159820894876], [-0.04727359754158053, 51.52150834690098], [-0.047277441672085516, 51.52141848485157], [-0.047421487027460116, 51.521420882900735], [-0.0475655324027908, 51.5214232807731], [-0.047561688838620185, 51.52151314283785], [-0.047705734517041125, 51.52151554054111], [-0.04770957779804416, 51.521425678468695], [-0.0477134210591277, 51.521335816394696], [-0.04785746619109919, 51.52133821390584], [-0.04785362321318203, 51.52142807598751], [-0.04799766864827278, 51.52143047332956], [-0.04800151134302398, 51.521340611240205], [-0.04814555651486388, 51.5213430083978], [-0.048289601706587484, 51.5213454053786], [-0.04829344381509279, 51.52125554327234], [-0.048437488743596935, 51.52125794006869], [-0.0487255786603093, 51.52126273313107], [-0.04886962364854418, 51.52126512939712], [-0.04887346460448032, 51.521175267258585], [-0.0488773055405089, 51.521085405118455], [-0.049021349982326094, 51.52108780119239], [-0.049017509329459925, 51.52117766334018], [-0.0491615540743161, 51.52118005924497], [-0.04916539444401907, 51.52109019708953], [-0.04930943892564626, 51.52109259280989], [-0.04931327899228282, 51.52100273064518], [-0.04945732321065199, 51.5210051261811], [-0.04945348342717703, 51.52109498835346], [-0.04959752794857882, 51.52109738372026], [-0.04960136744889177, 51.521007521540234], [-0.05003350028306729, 51.521014706557004], [-0.05003733891399937, 51.52092484435238], [-0.05032542700329566, 51.520929633464334], [-0.05032926504801283, 51.52083977124283], [-0.050617352650529156, 51.520844559632344], [-0.050761396481637557, 51.520846953561964], [-0.05076523365698775, 51.52075709131586], [-0.05090927722479401, 51.52075948506103], [-0.051197364420128504, 51.52076427202105], [-0.05120887327845008, 51.52049468520427], [-0.05135291605644097, 51.520497078396154], [-0.0513490800733713, 51.52058694067765], [-0.05149312315443377, 51.52058933370041], [-0.0514892874346388, 51.520679195987974], [-0.051633330818735904, 51.52068158884161], [-0.051637166255374414, 51.520591726546385], [-0.051781209376162624, 51.52059411921559], [-0.05192525251685959, 51.52059651170802], [-0.05192908736730984, 51.520506649395884], [-0.052073130244729315, 51.520509041703875], [-0.05207696479214896, 51.520419179382536], [-0.05222100740625518, 51.520421571506105], [-0.052217173141989606, 51.5205114338351], [-0.052505258996191205, 51.52051621756724], [-0.05250909269414786, 51.52042635522293], [-0.052797178061489564, 51.52043113823264], [-0.052801011173272266, 51.52034127587142], [-0.05308909605377483, 51.520346058158744], [-0.05309292857938715, 51.520256195780625], [-0.053236970766298256, 51.52025858665149], [-0.05338101297307158, 51.52026097734555], [-0.0533848449125179, 51.52017111495057], [-0.05367292881931229, 51.52017589579311], [-0.05381697080251244, 51.520178285949235], [-0.053820801872650606, 51.52008842352969], [-0.054252927091900834, 51.52009559291445], [-0.054256757292738024, 51.52000573047037], [-0.05468888184120741, 51.52001289824125], [-0.05469271117275037, 51.51992303577268], [-0.055124835050399945, 51.51993020192967], [-0.0551286635126578, 51.51984033943657], [-0.05556078671944906, 51.51984750397968], [-0.055564614312428984, 51.519757641462064], [-0.05599673684832769, 51.51976480439133], [-0.056000563572036456, 51.519674941849246], [-0.056432685437001286, 51.51968210316464], [-0.05644033712606589, 51.51950237802981], [-0.05658437722110823, 51.51950476476612], [-0.057160537799464346, 51.519514309943716], [-0.05716436219854941, 51.519424447335744], [-0.05730840210956983, 51.519426833180574], [-0.05745244204041034, 51.51942921884866], [-0.057740521961514885, 51.5194339896545], [-0.057744345208219645, 51.5193441270144], [-0.05788838491537051, 51.51934651214452], [-0.058176464389081806, 51.519351281874485], [-0.058184109124216704, 51.51917155654375], [-0.05847218754461657, 51.519176325536115], [-0.05876026604424653, 51.519181093821395], [-0.058904305323786946, 51.51918347769888], [-0.05890812624595666, 51.519093614993004], [-0.059196204298169956, 51.51909838220243], [-0.05934024335394362, 51.519100765541985], [-0.05934406340690336, 51.51901090281162], [-0.0594881021993749, 51.51901328596678], [-0.05963214101164193, 51.51901566894519], [-0.05963596047853308, 51.51892580619802], [-0.05977999902742965, 51.51892818899203], [-0.060068076184668445, 51.51893295404974], [-0.06007953191838555, 51.51866336573002], [-0.06022356967726329, 51.518665747970864], [-0.06021975140227985, 51.51875561075331], [-0.060363789464109086, 51.518757992824995], [-0.060359971452467534, 51.51884785561351], [-0.06050400981721732, 51.51885023751605], [-0.06050782754572669, 51.51876037471993], [-0.06093994190926193, 51.51876751934415], [-0.06094375876859036, 51.51867765652362], [-0.06123183454358714, 51.51868241870734], [-0.061235650816874015, 51.51859255586997], [-0.06166776377833232, 51.51859969779697], [-0.061671579182454125, 51.518509834935145], [-0.06181561659270471, 51.51851221521634], [-0.0619596540226971, 51.518514595320774], [-0.06196346884078764, 51.518424732442156], [-0.06225154319389417, 51.518429492105476], [-0.06239558040006737, 51.518431871672014], [-0.06239939434900796, 51.51834200876893], [-0.06268746825446653, 51.51834676735644], [-0.06269128161738857, 51.518256904436576], [-0.06326742853288767, 51.518266419460005], [-0.06327124074354752, 51.5181765565081], [-0.06341527723871176, 51.51817893481443], [-0.0634190891464912, 51.518089071853325], [-0.06356312537829016, 51.5180914499753], [-0.0637071616298095, 51.518093827920495], [-0.0637109729515887, 51.5180039649426], [-0.06385500893977135, 51.51800634270342], [-0.06414308097535938, 51.51801109769479], [-0.06414689142802202, 51.5179212346925], [-0.0642909271923334, 51.51792361191543], [-0.06429473734212797, 51.51783374890391], [-0.06458280836372098, 51.51783850280428], [-0.0645866179275316, 51.517748639775974], [-0.0647306531848411, 51.51775101645343], [-0.06472684390414876, 51.51784087948934], [-0.06487087946431956, 51.51784325599763], [-0.06486707044700485, 51.517933119039576], [-0.06457899878016578, 51.51792836583102], [-0.06457518917686753, 51.51801822885614], [-0.06428711702279262, 51.51801347492534], [-0.06428330683350325, 51.51810333793369], [-0.06413927050294775, 51.518100960695534], [-0.06413546001078675, 51.518190823694674], [-0.06427949662446689, 51.51819320094043], [-0.06427568639568351, 51.51828306394559], [-0.06427187614715198, 51.518372926949155], [-0.06412783896722019, 51.518370549688186], [-0.06413164949887837, 51.518280686692215], [-0.0639876126218524, 51.5182783092621], [-0.06399142341688585, 51.51818844627216], [-0.06384738684270572, 51.518186068672875], [-0.06384357576454604, 51.5182759316552], [-0.0639876126218524, 51.5182783092621], [-0.06398380180706642, 51.51836817225045], [-0.0636957275459534, 51.51836341684469], [-0.06369191614516038, 51.51845327981626], [-0.06340384139683622, 51.51844852368822], [-0.06325980405229287, 51.51844614535906], [-0.06325599178235948, 51.51853600830618], [-0.06325217949266636, 51.51862587125176], [-0.06310814160165369, 51.51862349273061], [-0.06311195417447704, 51.51853362979264], [-0.06282387901792777, 51.51852887223526], [-0.06282006587884405, 51.51861873515799], [-0.06253199023511856, 51.51861397687833], [-0.06252817651000875, 51.51870383978426], [-0.06238413843464668, 51.518701460371666], [-0.06209606234325772, 51.51869670101619], [-0.06209224774898487, 51.518786563897656], [-0.06180417117040981, 51.51878180381986], [-0.06180035599009813, 51.51887166668454], [-0.06136824042112518, 51.518864525219286], [-0.0613644243716345, 51.51895438805952], [-0.06107634685824921, 51.51894962618362], [-0.06107253022271059, 51.51903948900701], [-0.06092849121258278, 51.51903710779629], [-0.06064041325161545, 51.519032344844526], [-0.06063659574688277, 51.5191222076435], [-0.060780635000612246, 51.519124589215366], [-0.06077681775923219, 51.519214452020364], [-0.06048873870531398, 51.5192096886846], [-0.06049255651297034, 51.519119825894855], [-0.060348517298814415, 51.51911744396943], [-0.060344699208020304, 51.519207306751554], [-0.06034088109743743, 51.51929716953209], [-0.06019684133679314, 51.51929478741467], [-0.060200659730514534, 51.519204924641755], [-0.06005662027283094, 51.5192025423552], [-0.06005280159596979, 51.51929240512045], [-0.05990876187490457, 51.51929002264949], [-0.0599049428951098, 51.5193798854056], [-0.05976090291069914, 51.519377502750224], [-0.05975708362796912, 51.51946736549711], [-0.05961304338024323, 51.519464982657354], [-0.05946900315228182, 51.519462599640846], [-0.05947282300129531, 51.519372736909204], [-0.05932878307627193, 51.51937035372354], [-0.059324962944116315, 51.51946021644753], [-0.059321142792163224, 51.519550079169946], [-0.059177102320688464, 51.51954769579225], [-0.058889021437076125, 51.51954292850655], [-0.05860094063271294, 51.5195381605138], [-0.05859711904523742, 51.5196280231965], [-0.058453078389603154, 51.519625638927316], [-0.0583090377538109, 51.51962325448138], [-0.058164997137797055, 51.51962086985866], [-0.05816117468107977, 51.519710732516884], [-0.057729052102507235, 51.51970357756523], [-0.057725228776540675, 51.519793440198946], [-0.057437146590286745, 51.519788669332065], [-0.05743332267820902, 51.519878531948955], [-0.05728928133164747, 51.51987614624273], [-0.057285457116601914, 51.51996600885037], [-0.057141415506712825, 51.51996362295974], [-0.05714524000490685, 51.519873760359715], [-0.057001198698017806, 51.51987137429994], [-0.05699354911551058, 51.52005109948312], [-0.056705465428548846, 51.52004632680271], [-0.056686338293823, 51.52049563965655], [-0.056542295064344585, 51.520493253013], [-0.05652699186703353, 51.520852703236905], [-0.05638294752470894, 51.52085031638603], [-0.056371469069021095, 51.5211199040144], [-0.05622742389703338, 51.521117516963834], [-0.05621594441335757, 51.52138710455496], [-0.05635999043485436, 51.52138949162842], [-0.056356164183802016, 51.52147935416327], [-0.056212117879133695, 51.52147696708215], [-0.05620829132507575, 51.52156682960776], [-0.05606424475709776, 51.52156444234223], [-0.055920198208923216, 51.521562054899924], [-0.05591637106868142, 51.52165191740868], [-0.056060417900031086, 51.521654304858615], [-0.05605659102313036, 51.521744167373406], [-0.05591254390860476, 51.521741779915814], [-0.05590871672868971, 51.521831642421375], [-0.055764669350819876, 51.52182925477936], [-0.055753186842513756, 51.52209884226361], [-0.05560913863494146, 51.522096454421884], [-0.055605310809312206, 51.5221863169058], [-0.055601482963842964, 51.52227617938814], [-0.05545743420977355, 51.52227379135438], [-0.05544594970475953, 51.52254337876892], [-0.055301900120935575, 51.522540990535425], [-0.055286586037021516, 51.52290044036869], [-0.055142535340304506, 51.52289805192784], [-0.05513870648651959, 51.522987914374546], [-0.05513104871941265, 51.523167639263164], [-0.05510807494178297, 51.52370681389091], [-0.05510424590938167, 51.52379667632331], [-0.0551004168571332, 51.52388653875409], [-0.05508892958130652, 51.524156126036964], [-0.05508510044966869, 51.524245988461416], [-0.055077442126851166, 51.52442571330555], [-0.055073612935670695, 51.52451557572523], [-0.055217668730148016, 51.524517964303634], [-0.05521383980234203, 51.52460782672937], [-0.05506978372464108, 51.52460543814332], [-0.05506595449376512, 51.5246953005598], [-0.055050637371773535, 51.52505475020991], [-0.055338752379329816, 51.525059527281634], [-0.05548280991286262, 51.52506191555229], [-0.05547515293216953, 51.52524164041366], [-0.05533109483217201, 51.525239252127705], [-0.055327266028823596, 51.52532911454837], [-0.055183207665403945, 51.52532672607798], [-0.055175549432694176, 51.525506450899236], [-0.05531960836258729, 51.52550883938491], [-0.05531577949969983, 51.5255987018008], [-0.055459838732645435, 51.52560109011732], [-0.05545218151381243, 51.525780814959596], [-0.055308121714383846, 51.525778426627824], [-0.05530429279195533, 51.52586828903893], [-0.05544835287462783, 51.525870677378364], [-0.05543686683799901, 51.52614026462512], [-0.055429209381016566, 51.52631998944834], [-0.05557327089980728, 51.526322377649166], [-0.05555412832631436, 51.52677168971762], [-0.05569819128123007, 51.52677407777984], [-0.05569436299025555, 51.526863940196414], [-0.05583842624827421, 51.52686632808944], [-0.05583459822071749, 51.526956190512045], [-0.055690534679437076, 51.52695380261138], [-0.05567522123771717, 51.527313252255375], [-0.0558192859120574, 51.52731564018662], [-0.05596335060621098, 51.52731802794106], [-0.05595952276270694, 51.52740789036336], [-0.05610358776000321, 51.527410277948604], [-0.05610741532023754, 51.52732041551866], [-0.0563955448077809, 51.52732519014343], [-0.056539609581325076, 51.52732757719059], [-0.05654343627191541, 51.527237714736124], [-0.056975629861723213, 51.52724487479376], [-0.057263759020744716, 51.52724964728142], [-0.05726758427516321, 51.5271597847872], [-0.05741164860116585, 51.52716217075818], [-0.057699777312619965, 51.52716694216965], [-0.0577036016974104, 51.52707707965095], [-0.05784766579962279, 51.527079465083844], [-0.057843841698098517, 51.527169327610174], [-0.057987906103400724, 51.52717171287387], [-0.057991729921658096, 51.52708185033991], [-0.05871205082905861, 51.527093773967955], [-0.05871587321116794, 51.527003911394246], [-0.05871969557346352, 51.526914048818945], [-0.0588637592478742, 51.526916432998846], [-0.058859937168843184, 51.527006295581785], [-0.059292129160698634, 51.527013447083455], [-0.05929977159936444, 51.52683372187026], [-0.05944383506971715, 51.526836105335256], [-0.059587898559907516, 51.526838488623454], [-0.05973196206990489, 51.52684087173483], [-0.060020089149270955, 51.52684563742713], [-0.060023908922580776, 51.52675577477999], [-0.06016797220871796, 51.526758157353306], [-0.06031203551462357, 51.52676053974978], [-0.06030821630783926, 51.526850402412165], [-0.060596343545627276, 51.52685516668992], [-0.06060016218588487, 51.52676530401231], [-0.06074422555117695, 51.52676768587834], [-0.06074804388837893, 51.52667782319153], [-0.060892106990232155, 51.52668020487312], [-0.06118023325328057, 51.52668496770587], [-0.06146835959551095, 51.52668972983134], [-0.061900549257212986, 51.52669687169344], [-0.061904365308533334, 51.526607008944104], [-0.06204842828538019, 51.52660938920355], [-0.06204461251732121, 51.52669925196051], [-0.06218867579724087, 51.52670163205077], [-0.062192491282038874, 51.5266117692862], [-0.06233655429847674, 51.52661414919203], [-0.0624806173346552, 51.52661652892102], [-0.06248443223315489, 51.52652666613962], [-0.0626284950058826, 51.52652904568419], [-0.0626246803906443, 51.5266189084732], [-0.06276874346640503, 51.526621287848585], [-0.06277255779838237, 51.52653142505195], [-0.06320474629447571, 51.52653856209432], [-0.06349287205736558, 51.52654331923849], [-0.06349668495327243, 51.526453456402216], [-0.0636407475811208, 51.52645583470148], [-0.0636445601740042, 51.526365971855995], [-0.06378862253832628, 51.52636834997085], [-0.0639326849224391, 51.52637072790886], [-0.06407674732631202, 51.526373105670054], [-0.06407293558320555, 51.526462968538354], [-0.06421699829006575, 51.526465346130344], [-0.06422080974991326, 51.52637548325444], [-0.06436487219330125, 51.52637786066201], [-0.06494112216436174, 51.526387368524134], [-0.06494493218816262, 51.52629750560861], [-0.0649487421922125, 51.52620764269151], [-0.06509280416784695, 51.526210019199794], [-0.06508899444705407, 51.52629988212448], [-0.06523305672566307, 51.52630225846357], [-0.06523686616319938, 51.52621239553125], [-0.06538092817832783, 51.52621477168592], [-0.06537711902404889, 51.52630463462583], [-0.06552118134217975, 51.52630701061128], [-0.06566524368002181, 51.5263093864199], [-0.06566905226778558, 51.52621952346478], [-0.06581311434214589, 51.526221899088995], [-0.06624530068362612, 51.52622902490075], [-0.06624910811862131, 51.52613916191364], [-0.06639316998864388, 51.526141536823005], [-0.06639697712064858, 51.52605167382669], [-0.06654103872718221, 51.526054048551636], [-0.0665372318784333, 51.52614391155554], [-0.06668129378795702, 51.52614628611128], [-0.06668510035345014, 51.52605642309977], [-0.0668291619994476, 51.52605879747109], [-0.06682535571721024, 51.526148660490165], [-0.06696941766616156, 51.52615103469227], [-0.0669732236651431, 51.52606117166558], [-0.06697702964439596, 51.5259713086373], [-0.06740921391014913, 51.525978430137144], [-0.06740540878066009, 51.5260682931882], [-0.06754947052529274, 51.526070666675444], [-0.067553275371526, 51.5259808036168], [-0.06769733685262563, 51.52598317691964], [-0.06770114139588272, 51.525893313851796], [-0.0678452026134199, 51.52589568697024], [-0.0679892638507057, 51.52589805991185], [-0.06798545987395697, 51.52598792299489], [-0.06812952141421537, 51.525990295767265], [-0.06813332510770984, 51.525900432676664], [-0.06823957029735556, 51.525902182477424], [-0.06856550899698534, 51.52590754991021], [-0.06856931182100597, 51.52581768679522], [-0.06885743394590178, 51.52582243071833], [-0.06886123618370599, 51.5257325675866], [-0.06929341866912352, 51.5257396821224], [-0.06929722003746702, 51.52564981896632], [-0.06958534122642217, 51.52565456109095], [-0.06958914200856274, 51.52556469791811], [-0.06987726270985756, 51.525569439320314], [-0.06988106290580078, 51.525479576130714], [-0.07002512300271277, 51.52548194655902], [-0.07031324325569545, 51.525486686885195], [-0.0703170425821982, 51.52539682367126], [-0.0704611024549511, 51.52539919356155], [-0.07046490147851427, 51.52530933033842], [-0.07060896108774489, 51.52531170004434], [-0.07061275980837166, 51.525221836812044], [-0.07090087851938304, 51.52522657567824], [-0.07090467665383154, 51.525136712429216], [-0.07104873575564091, 51.52513908158953], [-0.07105253358716097, 51.52504921833134], [-0.0711965924254131, 51.525051587307246], [-0.07120038995400624, 51.5249617240399], [-0.07134444852867286, 51.52496409283141], [-0.07134824575434151, 51.52487422955489], [-0.07149230406548109, 51.52487659816203], [-0.07149610098823005, 51.52478673487633], [-0.07164015903581156, 51.52478910329909], [-0.07178421710304303, 51.524791471545036], [-0.07178801343963755, 51.524701608242594], [-0.07193207124333961, 51.52470397630416], [-0.07193586727701999, 51.52461411299257], [-0.07222398237695124, 51.52461884857013], [-0.07222777782448629, 51.52452898524179], [-0.07237183512074327, 51.524531352757776], [-0.07237563026537257, 51.52444148942028], [-0.07251968729806751, 51.5244438567519], [-0.07252348213979337, 51.52435399340523], [-0.07281159569769889, 51.524358727522916], [-0.07281538995329413, 51.52426886415951], [-0.07295944647853211, 51.52427123094557], [-0.07296324043123074, 51.52418136757302], [-0.07310729669287368, 51.52418373417469], [-0.07311109034267879, 51.524093870793], [-0.07325514634078911, 51.52409623721029], [-0.07325893968770354, 51.52400637381943], [-0.0735470511764251, 51.52401110610848], [-0.07355084393722798, 51.523921242700865], [-0.07383895493816763, 51.52392597426758], [-0.07384274711286179, 51.52383611084326], [-0.07413085762594518, 51.52384084168761], [-0.0741346492145382, 51.523750978246575], [-0.07442275923978843, 51.523755708368576], [-0.07442655024228464, 51.523665844910816], [-0.07471465977972234, 51.52367057431049], [-0.07471845019612729, 51.52358071083603], [-0.07558277758053145, 51.5235948947464], [-0.07558656627797265, 51.52350503122496], [-0.07717116520320391, 51.52353101844665], [-0.07717495076559519, 51.52344115484048], [-0.07731900504789574, 51.52344351624682], [-0.0773341459683787, 51.52308406177605], [-0.07733793114945015, 51.522994198154386], [-0.07734171631090216, 51.522904334531134], [-0.0771976637278903, 51.522901973170136], [-0.07720523455835422, 51.522722245934006], [-0.07734928657494751, 51.522724607279905], [-0.07734550145273394, 51.52281447090632], [-0.07748955377215354, 51.52281683208298], [-0.07748576891353104, 51.52290669571534], [-0.07762982153574477, 51.52290905672277], [-0.07762603694071571, 51.52299892036111], [-0.07805819577475497, 51.52300600234521], [-0.0780619795201482, 51.52291613868421], [-0.07791792683908973, 51.522913778207204], [-0.07792171084808082, 51.522823914552156], [-0.07777765846981127, 51.52282155390589], [-0.07778144274239861, 51.522731690256805], [-0.07749333861115826, 51.522726968449], [-0.07749712343054552, 51.522637104813434], [-0.07764117520313298, 51.52263946579819], [-0.07764495971969633, 51.52254960215351], [-0.07778901122872932, 51.52255196295391], [-0.0777927954424727, 51.52246209930007], [-0.07779657963660226, 51.52237223564466], [-0.07794063059884164, 51.52237459625315], [-0.07794441449015481, 51.522284732588616], [-0.0779481983618565, 51.52219486892248], [-0.07795198221394517, 51.522105005254765], [-0.07795576604642075, 51.52201514158545], [-0.07809981589544006, 51.522017501986944], [-0.07810738293516571, 51.52183777462847], [-0.07825143223744077, 51.52184013483808], [-0.07825521544469397, 51.52175027114892], [-0.07811116642561235, 51.521747910946864], [-0.0781149498964491, 51.521658047263664], [-0.0779709011802049, 51.52165568689238], [-0.07797468491462159, 51.52156582321514], [-0.07811873334767595, 51.5215681835789], [-0.07812251677929218, 51.52147831989253], [-0.07826656494880362, 51.521480680071924], [-0.07827034807762329, 51.52139081637643], [-0.07841439598355399, 51.52139317637146], [-0.07841817880957996, 51.521303312666824], [-0.07842196161599885, 51.52121344896059], [-0.078566008975134, 51.52121580876376], [-0.07857735642720566, 51.52094621761294], [-0.07872140295643337, 51.52094857721667], [-0.07871383857435174, 51.52112830466725], [-0.07885788568954588, 51.5211306641093], [-0.07886544950526535, 51.52095093664361], [-0.07872140295643337, 51.52094857721667], [-0.07872518511806807, 51.52085871348901], [-0.0785811388720199, 51.520856353892846], [-0.07858492129723017, 51.520766490171134], [-0.07858870370283577, 51.520676626447845], [-0.07859248608883586, 51.52058676272299], [-0.07873653148535636, 51.520589122296535], [-0.07874787767622093, 51.52031953108979], [-0.0786038331292146, 51.520317171538906], [-0.07860761543680025, 51.520227307807694], [-0.07875165970063779, 51.520229667351025], [-0.07875544170545278, 51.52013980361067], [-0.07861139772478233, 51.520137444074884], [-0.07861517999316012, 51.52004758034053], [-0.07875922369066497, 51.52004993986876], [-0.07876300565627527, 51.51996007612525], [-0.07861896224193476, 51.51995771660457], [-0.0786227444711063, 51.51986785286702], [-0.07862652668067432, 51.5197779891279], [-0.07877056952869124, 51.51978034863349], [-0.07876678760228521, 51.51987021238014], [-0.07891083075306568, 51.51987257171652], [-0.07892217562400357, 51.51960298044908], [-0.0787781333227023, 51.51960062113537], [-0.07878191519030417, 51.519510757383955], [-0.07863787319176245, 51.519508397901006], [-0.07864165532291958, 51.51941853415554], [-0.07864543743447515, 51.5193286704085], [-0.0787894788667076, 51.519331029876334], [-0.07879326067550806, 51.51924116612017], [-0.07893730184419076, 51.51924352540367], [-0.07894108335023958, 51.51915366163835], [-0.07908512425533681, 51.519156020737555], [-0.07908890545863682, 51.5190661569631], [-0.07909268664233769, 51.51897629318708], [-0.07923672700076617, 51.51897865209441], [-0.0792442887430866, 51.51879892452248], [-0.0792480695848523, 51.51870906073415], [-0.0791040300758605, 51.51870670184947], [-0.07910781118117473, 51.51861683806708], [-0.07925185040702398, 51.51861919694423], [-0.07925563120959934, 51.518529333152735], [-0.07939967017190326, 51.51853169184554], [-0.07940345067174291, 51.51844182804493], [-0.0795474893704697, 51.51844418655343], [-0.07955504974509552, 51.518264458932286], [-0.07969908789716908, 51.518266817248936], [-0.07970664762715696, 51.5180870896064], [-0.07985068523255064, 51.518089447731185], [-0.07985446478502621, 51.51799958390001], [-0.07985824431791254, 51.51790972006723], [-0.08000228137660083, 51.51791207800017], [-0.080006060606769, 51.51782221415826], [-0.08000983981735153, 51.51773235031476], [-0.08001361900834561, 51.517642486469704], [-0.08030169148576839, 51.51764720176001], [-0.08030924867649918, 51.51746747403492], [-0.0801652129942456, 51.51746511649323], [-0.0801689918433578, 51.51737525263588], [-0.0803130272424883, 51.51737761017002], [-0.08031680578889538, 51.517287746303516], [-0.08060487607963154, 51.517292460826425], [-0.08060865404021528, 51.51720259694324], [-0.08046461916816149, 51.517200239777736], [-0.0804683973922826, 51.51711037590053], [-0.0806124319812169, 51.517112733058525], [-0.08061620990264047, 51.51702286917218], [-0.08076024422800361, 51.51702522614587], [-0.0807640218467312, 51.51693536225041], [-0.08090805590859197, 51.516937719039795], [-0.0809118332246256, 51.51684785513522], [-0.08076779944587953, 51.516845498353376], [-0.08077157702545056, 51.51675563445475], [-0.08062754354943151, 51.516753277503675], [-0.08063132139253634, 51.516663413611006], [-0.08077535458544391, 51.516665770554525], [-0.08077913212585917, 51.51657590665274], [-0.08063509921606155, 51.51657354971675], [-0.08063887702000862, 51.5164836858209], [-0.0804948444128648, 51.51648132871569], [-0.08035081182533209, 51.516478971433735], [-0.08035459017591418, 51.51638910755141], [-0.08021055789104006, 51.516386750100224], [-0.08021433650514444, 51.516296886223856], [-0.08035836850691341, 51.51629924366748], [-0.08036214681833176, 51.51620937978198], [-0.08007408340058542, 51.51620466473303], [-0.08007786225862766, 51.516114800861025], [-0.07978979948545285, 51.51611008512015], [-0.07979357889011103, 51.51602022126167], [-0.07964954781598976, 51.51601786313365], [-0.07965332748416068, 51.51592799928109], [-0.08008541991595795, 51.51593507311226], [-0.08008919871524765, 51.51584520923549], [-0.08037725986819215, 51.515849924224085], [-0.08038481627563575, 51.51567019643565], [-0.08024078625556427, 51.51566783904482], [-0.08024456471300935, 51.51557797515574], [-0.0801005349956132, 51.5155756175957], [-0.08010431371656669, 51.51548575371262], [-0.07996028430187642, 51.515483395983374], [-0.07981625490674044, 51.51548103807737], [-0.07982003417429313, 51.515391174207764], [-0.07967600508183402, 51.51538881613255], [-0.07967978461288916, 51.51529895226892], [-0.07953575582313635, 51.5152965940245], [-0.07953953561769109, 51.515206730166824], [-0.0793955071305838, 51.5152043717532], [-0.07939928718863423, 51.51511450790151], [-0.0792552590042034, 51.515112149318675], [-0.07925903932574913, 51.51502228547291], [-0.07911501144402497, 51.51501992672088], [-0.07911879202906039, 51.51493006288113], [-0.07897476444997821, 51.5149277039599], [-0.07897854529850247, 51.51483784012605], [-0.0792665999100649, 51.51484255777666], [-0.07926281962770199, 51.514932421625595], [-0.07940684724596743, 51.514934780193336], [-0.0795508748838213, 51.5149371385843], [-0.07954709514803378, 51.51502700244671], [-0.07969112308852958, 51.51502936066851], [-0.07968734361623614, 51.51511922453689], [-0.07983137185943304, 51.515121582589465], [-0.07982759265063964, 51.515211446463795], [-0.07997162119650908, 51.51521380434717], [-0.08011564976193239, 51.515216162053804], [-0.08011187109972667, 51.51530602594164], [-0.07996784225121611, 51.515303668227496], [-0.07996406328633868, 51.51539353210621], [-0.0801080924179385, 51.51539588982793], [-0.08011187109972667, 51.51530602594164], [-0.08025589996785072, 51.51530838347906], [-0.0802521215691522, 51.515398247372886], [-0.08039615073994676, 51.51540060474109], [-0.08039237260475662, 51.51549046864088], [-0.08053640207819232, 51.51549282583987], [-0.08053262420651534, 51.51558268974558], [-0.08052884631525829, 51.51567255364973], [-0.08067287637448992, 51.51567491068707], [-0.08081690645326547, 51.51567726754764], [-0.08081312910862037, 51.51576713146528], [-0.08095715949010343, 51.51576948815665], [-0.08110118989116141, 51.51577184467127], [-0.08124522031179192, 51.51577420100913], [-0.08124144379686309, 51.51586406494777], [-0.08138547452013078, 51.51586642111643], [-0.08152950526300078, 51.51586877710831], [-0.08153328121173439, 51.51577891315458], [-0.08167731169107774, 51.51578126896217], [-0.08167353602544211, 51.51587113292345], [-0.08181756680741585, 51.515873488561816], [-0.0818213421899539, 51.51578362459303], [-0.08182511755292615, 51.51569376062262], [-0.08196914778830705, 51.51569611606917], [-0.08197292284861873, 51.515606252089626], [-0.08211695282046663, 51.5156086073519], [-0.08212072757811853, 51.515518743363266], [-0.08226475728640395, 51.515521098441255], [-0.08226853174140206, 51.51543123444348], [-0.08227230617683834, 51.515341370444126], [-0.08241633533853374, 51.5153437253303], [-0.08242010947131896, 51.5152538613218], [-0.08256413836948492, 51.51525621602369], [-0.08257168601020225, 51.515076487986924], [-0.08271571436171735, 51.515078842497], [-0.08271948786965258, 51.51498897846872], [-0.08286351595766965, 51.51499133279451], [-0.0828710623487073, 51.514811604718105], [-0.08301508989011203, 51.51481395885207], [-0.0830226356367697, 51.514634230754304], [-0.0831666626315355, 51.514636584696454], [-0.08317043519245684, 51.514546720637654], [-0.0833144619237254, 51.514549074395525], [-0.08331823418201753, 51.51445921032762], [-0.08346226064975826, 51.51446156390124], [-0.08346980454154504, 51.51428183574557], [-0.08361383046265235, 51.51428418912737], [-0.08362514530450815, 51.51401459685946], [-0.08376917039597709, 51.51401695004191], [-0.08376539908464162, 51.514106814140334], [-0.08390942447872546, 51.51410916715359], [-0.08391319550699036, 51.51401930304765], [-0.08376917039597709, 51.51401695004191], [-0.08378048421271725, 51.51374735773716], [-0.08363645997045126, 51.513745004577274], [-0.08364023148667449, 51.51365514048005], [-0.08364400298335144, 51.51356527638125], [-0.08393205035517246, 51.51356998249415], [-0.0839471338819553, 51.513210526022874], [-0.0839546755280963, 51.513030797777716], [-0.08395844632185374, 51.512940933652764], [-0.08410246805564556, 51.51294328639142], [-0.0841062385468108, 51.51285342225735], [-0.08425026001712048, 51.51285577481174], [-0.08425403020569469, 51.512765910668584], [-0.08439805141249285, 51.5127682630387], [-0.08440182129848076, 51.512678398886415], [-0.08454584224173399, 51.512680751072295], [-0.08454961182513726, 51.51259088691089], [-0.08440559116493153, 51.51258853473256], [-0.08440936101184593, 51.512498670577116], [-0.08455338138900532, 51.512501022747934], [-0.08455715093333901, 51.51241115858337], [-0.08456092045813798, 51.51232129441723], [-0.08470494028877805, 51.51232364639626], [-0.08470870951099985, 51.512233782221024], [-0.0848527290781288, 51.51223613401579], [-0.08485649799777749, 51.51214626983143], [-0.08471247871368931, 51.51214391804419], [-0.08470870951099985, 51.512233782221024], [-0.08456468996340175, 51.51223143024951], [-0.08456845944913112, 51.51214156608021], [-0.08457222891532694, 51.512051701909314], [-0.08471624789684552, 51.512054053865754], [-0.08472001706046899, 51.51196418968578], [-0.08500805451599164, 51.51196889305346], [-0.08501936019145855, 51.51169930045881], [-0.08516337809942601, 51.51170165185498], [-0.08516714633582467, 51.51161178764608], [-0.0850231287108888, 51.51160943625743], [-0.08502689721079028, 51.51151957205446], [-0.08531493191412916, 51.51152427464001], [-0.08532246772323031, 51.51134454619924], [-0.08546648453809758, 51.511346897211865], [-0.08547025213033284, 51.51125703298158], [-0.08532623559849205, 51.51125468197649], [-0.08533000345422814, 51.51116481775215], [-0.08547401970304407, 51.51116716874973], [-0.08547778725623126, 51.511077304516284], [-0.0854815547898948, 51.51098744028124], [-0.0857695862140745, 51.510992141716144], [-0.08577335316217226, 51.5109022774645], [-0.08591736862048974, 51.51090462790939], [-0.0859211352660473, 51.51081476364861], [-0.08620916567526551, 51.51081946399311], [-0.08621669777575243, 51.51063973543677], [-0.08636071244360007, 51.51064208532889], [-0.08636447818155467, 51.51055222104083], [-0.08650849258586854, 51.510554570748724], [-0.08651225802129409, 51.51046470645155], [-0.08665627216213895, 51.5104670559752], [-0.08666003729503824, 51.51037719166895], [-0.08651602343720674, 51.51037484215283], [-0.08653485022408339, 51.50992552063535], [-0.08639083780083821, 51.50992317098007], [-0.08639836894500998, 51.50974344237706], [-0.08611034528900724, 51.50973874256645], [-0.08610657916067321, 51.50982860685371], [-0.08596256707894441, 51.50982625667582], [-0.085966333490281, 51.50973639239606], [-0.0858223217111031, 51.50973404204896], [-0.08582608838592307, 51.50964417777513], [-0.08568207690923285, 51.50964182725884], [-0.0856858438475318, 51.509551962990976], [-0.08626188873937285, 51.50956136396579], [-0.08625812293307003, 51.50965122826372], [-0.08697818090190687, 51.5096629755437], [-0.08698194529321096, 51.509573111208184], [-0.08626188873937285, 51.50956136396579], [-0.08626565452616154, 51.509471499666226], [-0.08640966551492052, 51.509473849460626], [-0.08641343099919845, 51.50938398515198], [-0.08655744172444228, 51.50938633476213], [-0.0868454632334942, 51.50939103345232], [-0.08684169859820656, 51.50948089778351], [-0.08770576529152924, 51.50949498965799], [-0.08770200233472684, 51.50958485403268], [-0.08784601380154734, 51.50958720206745], [-0.08799002528786525, 51.50958954992547], [-0.08798626287756545, 51.5096794143136], [-0.08885033390280583, 51.50969349779584], [-0.08884657317102583, 51.50978336222745], [-0.08899058535976338, 51.5097857088635], [-0.08898682489149967, 51.50987557330103], [-0.0891308373827639, 51.50987791976785], [-0.08927484989351081, 51.50988026605797], [-0.08927108997177438, 51.509970130508904], [-0.08941510278501419, 51.50997247662982], [-0.08941886242374449, 51.50988261217137], [-0.08956287497342505, 51.50988495810803], [-0.08956663430966799, 51.50979509364046], [-0.08985465890152856, 51.50979978496864], [-0.08985090013129714, 51.50988964945122], [-0.08999491273941836, 51.50989199485774], [-0.08999115423271638, 51.50998185934621], [-0.0901351671433535, 51.5099842045835], [-0.09013140890018297, 51.51007406907793], [-0.08998739570653685, 51.51007172383311], [-0.08998363716088066, 51.51016158831843], [-0.09012765063753686, 51.51016393357074], [-0.09013140890018297, 51.51007406907793], [-0.09027542211330619, 51.51007641414599], [-0.09026790613456111, 51.510256143145064], [-0.09041191993314725, 51.51025848805144], [-0.0904081621975767, 51.510348352556115], [-0.09026414811597688, 51.51034600764224], [-0.09026039007791821, 51.510435872137826], [-0.0896843328141226, 51.51042649068512], [-0.08968809198424013, 51.51033662621954], [-0.08925605008998251, 51.51032958829693], [-0.088968022257877, 51.510324895464926], [-0.08882400837108846, 51.51032254878385], [-0.0888277692197997, 51.510232684361746], [-0.08897178282357648, 51.510235031035315], [-0.08897554336978773, 51.510145166604126], [-0.08868751674771093, 51.51014047309526], [-0.08869127784045377, 51.51005060867749], [-0.08854726484164324, 51.51004826166549], [-0.08854350346589143, 51.51013812607575], [-0.08839949020359604, 51.51013577887952], [-0.0884032518623564, 51.51004591447677], [-0.08797121304139416, 51.51003887185029], [-0.0879674505336077, 51.51012873623052], [-0.08782343734926183, 51.510126388327414], [-0.08782720014005645, 51.5100365239547], [-0.08768318725821697, 51.5100341758824], [-0.0876794241844142, 51.5101240402476], [-0.08753541103909818, 51.51012169199104], [-0.08753164766278541, 51.510211556347144], [-0.087387634253932, 51.51020920790635], [-0.08738387057510531, 51.51029907225337], [-0.08723985690277496, 51.51029672362835], [-0.08723609292143356, 51.51038658796626], [-0.08709207898556584, 51.510384239157005], [-0.08708831470170614, 51.510474103485805], [-0.08723232892058719, 51.51047645230257], [-0.08722856490023466, 51.51056631663731], [-0.08708455039833911, 51.51056396781304], [-0.08707702173308411, 51.51074369646274], [-0.0870732573711954, 51.51083356078521], [-0.0867852267278189, 51.51082886256141], [-0.08678146178038147, 51.510918726867274], [-0.08663744620496817, 51.510916377482765], [-0.08662615039652369, 51.51118597036832], [-0.08648213399152245, 51.51118362078453], [-0.0863381176060668, 51.51118127102402], [-0.08633435173150948, 51.51127113530099], [-0.08604631845302874, 51.51126643523476], [-0.08604255199290048, 51.51135629949512], [-0.08589853509991117, 51.511353949189406], [-0.085610501372525, 51.511349248047765], [-0.085599199327761, 51.511618840751666], [-0.08574321703079825, 51.51162119143342], [-0.08573568280273938, 51.51180091990981], [-0.08559166453363533, 51.51179856921303], [-0.08558789710728744, 51.51188843344132], [-0.08544387857466906, 51.5118860825603], [-0.08529986006161251, 51.51188373150253], [-0.08528478789666988, 51.51224318833973], [-0.0854288075418831, 51.51224553942758], [-0.08542503973487264, 51.51233540364043], [-0.08528101980661706, 51.51233305254506], [-0.08527725169703664, 51.51242291674884], [-0.08513323150522936, 51.512420565469206], [-0.08498921133295254, 51.51241821401285], [-0.08498544263775344, 51.51250807819998], [-0.08484142220199363, 51.51250572655936], [-0.08483765320421863, 51.51259559073736], [-0.0848338841869108, 51.51268545491382], [-0.08483011515007062, 51.51277531908868], [-0.08468609388466729, 51.51277296724875], [-0.08467855518628793, 51.51295269557867], [-0.08453453337431324, 51.51295034354694], [-0.08453076371276853, 51.51304020770201], [-0.08452699403168824, 51.51313007185548], [-0.08438297167317478, 51.51312771963199], [-0.08437920168950187, 51.51321758377635], [-0.0843754316862918, 51.51330744791913], [-0.084371661663545, 51.51339731206032], [-0.08422763847536295, 51.51339495963751], [-0.08422009780513182, 51.51357468790012], [-0.08436412155943673, 51.51357704033797], [-0.08436035147807648, 51.51366690447441], [-0.08435658137717748, 51.51375676860927], [-0.08435281125674012, 51.51384663274255], [-0.0844968358797466, 51.51384898502626], [-0.0844930660228391, 51.513938849165484], [-0.08434904111676443, 51.51393649687425], [-0.0843415007781988, 51.51411622513289], [-0.08419747532548993, 51.514113872649865], [-0.08419370484382664, 51.51420373676928], [-0.08404967912758637, 51.514201384101995], [-0.08404590834330862, 51.5142912482123], [-0.08390188236356674, 51.51428889536073], [-0.0838981112766713, 51.514378759461934], [-0.08375408503336702, 51.514376406426095], [-0.0837427708061877, 51.51464599869762], [-0.08359874373319572, 51.51464364546243], [-0.08359497200196486, 51.51473350954224], [-0.08345094466546853, 51.51473115612279], [-0.08344717263160885, 51.51482102019348], [-0.08315911745103959, 51.514816312809295], [-0.0831553448314643, 51.51490617686335], [-0.08315157219233711, 51.51499604091582], [-0.08300754406524216, 51.514993686943534], [-0.08300377112347784, 51.515083550986866], [-0.08299999816215967, 51.51517341502864], [-0.08285596948841426, 51.51517106086457], [-0.08284464963786814, 51.51544065295775], [-0.08270062013440764, 51.51543829859431], [-0.08269684652868804, 51.51552816261468], [-0.08255281676172273, 51.515525808066954], [-0.08254904285335328, 51.51561567207819], [-0.08269307290341263, 51.51561802663345], [-0.08268929925857899, 51.51570789065065], [-0.08254526892542365, 51.51570553608787], [-0.08254149497793539, 51.515795400095946], [-0.08239746438120811, 51.51579304534887], [-0.08239369013106362, 51.51588290934782], [-0.08253772101088971, 51.51588526410244], [-0.08254149497793539, 51.515795400095946], [-0.0826855255941883, 51.51579775466627], [-0.08268175191024144, 51.5158876186803], [-0.0828257828291812, 51.51588997308139], [-0.08282200940877649, 51.51597983710138], [-0.08296604063037405, 51.515982191333265], [-0.08296226747351429, 51.516072055359196], [-0.08310629899773825, 51.51607440942185], [-0.08310252610442859, 51.51616427345372], [-0.08309875319156389, 51.51625413748402], [-0.08324278530158105, 51.516256491385], [-0.08338681743114926, 51.51625884510918], [-0.08410697837216428, 51.516270611078866], [-0.08411074930328978, 51.51618074699587], [-0.08425478126703466, 51.516183099652004], [-0.0842510106190151, 51.516272963742544], [-0.08439504288537684, 51.51627531622944], [-0.08439881325028968, 51.5161854521314], [-0.08468687727548471, 51.51619015655988], [-0.08468310747678418, 51.516280020672994], [-0.08482713980176301, 51.51628237262963], [-0.08482337026663364, 51.51637223674869], [-0.08511143554147896, 51.516376940146735], [-0.08525546820816764, 51.51637929158061], [-0.08525169950283289, 51.51646915572063], [-0.08553976546109443, 51.51647385807319], [-0.08553599730244948, 51.516563722226685], [-0.08568003059395359, 51.51656607314534], [-0.08568379846948661, 51.51647620898432], [-0.08582783149743785, 51.51647855971869], [-0.08597186454491747, 51.5164809102763], [-0.08596809723560864, 51.516570774452376], [-0.0858240639050167, 51.51656842388724], [-0.08582029629306995, 51.5166582880542], [-0.08596432990677538, 51.51666063862685], [-0.08596056255841729, 51.51675050279974], [-0.08610459647476143, 51.51675285320315], [-0.08610082938999437, 51.516842717381984], [-0.08624486360894629, 51.51684506761616], [-0.08624863041059624, 51.516755203429796], [-0.08639266436598574, 51.516757553479714], [-0.0863964308649966, 51.51666768928427], [-0.08668449826807417, 51.516672388838735], [-0.08668826418133802, 51.51658252462667], [-0.08683229762905433, 51.51658487413124], [-0.0868360632396874, 51.516495009910074], [-0.08698009642380673, 51.51649735923038], [-0.0869763310962864, 51.51658722345906], [-0.08712036458300354, 51.51658957261011], [-0.08711659951908335, 51.51667943684475], [-0.0872606333084583, 51.516681785826556], [-0.08725310368831338, 51.516861514306065], [-0.08739713806340357, 51.516863863126154], [-0.08738960893145109, 51.51704359161437], [-0.08796574889195789, 51.51705298518719], [-0.08796951233520463, 51.51696312091384], [-0.08782547759892861, 51.5169607727933], [-0.08782924130579145, 51.51687090852584], [-0.08811731023160638, 51.51687560457515], [-0.08811354709098367, 51.51696546885763], [-0.08825758186623345, 51.51696781662464], [-0.08825381898922958, 51.51705768091302], [-0.0883978540671352, 51.51706002851079], [-0.0883940914537518, 51.517149892805136], [-0.08925830402932529, 51.517163974724774], [-0.08925454309519222, 51.51725383906258], [-0.08939857887582225, 51.51725618543803], [-0.08939481820532469, 51.51734604978172], [-0.08997096265520849, 51.517355433545866], [-0.08997472219319602, 51.517265569172146], [-0.09011875807123042, 51.51726791466375], [-0.0902627939687806, 51.51727025997861], [-0.09040682988581182, 51.51727260511669], [-0.09040307119720724, 51.51736246951292], [-0.09112325249012075, 51.51737419258939], [-0.09126728880714108, 51.517376536674384], [-0.09155536149956389, 51.517381224314086], [-0.09169939787499462, 51.51738356786877], [-0.09170315401544107, 51.51729370340503], [-0.0918471901271782, 51.51729604677546], [-0.09185094596503086, 51.51720618230262], [-0.09199498181313878, 51.51720852548878], [-0.09199122625841434, 51.51729838996913], [-0.09213526240911211, 51.51730073298602], [-0.09213150711805383, 51.51739059747225], [-0.09328379928912194, 51.517409335303824], [-0.09328004624365299, 51.517499199848466], [-0.0932762931787323, 51.517589064391494], [-0.09284418176985863, 51.51758203898545], [-0.092840427836083, 51.517671903504414], [-0.09283667388285011, 51.51776176802182], [-0.09269263621918604, 51.51775942585128], [-0.09269639045555428, 51.51766956134138], [-0.09053583208351139, 51.51763440768353], [-0.09053207360011734, 51.51772427208098], [-0.09038803624798068, 51.51772192708213], [-0.09039179501450849, 51.5176320626922], [-0.08995968392433212, 51.51762502665762], [-0.08995592430840345, 51.51771489102502], [-0.08981188703416744, 51.517712545319114], [-0.0898081271156179, 51.51780240967746], [-0.08952005205937383, 51.51779771772032], [-0.08952757300952119, 51.5176179890321], [-0.0892394991637378, 51.51761329639792], [-0.08924326017583986, 51.51752343206646], [-0.08895518697432282, 51.51751873874025], [-0.08894766379809857, 51.51769846737155], [-0.08880362666030314, 51.51769612042828], [-0.08865958954200315, 51.517693773308224], [-0.0886633517061285, 51.51760390900837], [-0.08880738854129591, 51.51760625612089], [-0.08881491224478968, 51.51742652750147], [-0.08895894853319218, 51.51742887442221], [-0.08896271007256655, 51.517339010102575], [-0.08881867406729223, 51.517336663189326], [-0.08882243587029696, 51.51724679887566], [-0.08853436448452365, 51.517242104533906], [-0.0885306021152657, 51.51733196883256], [-0.08867463808151298, 51.51733431609933], [-0.08866711385075367, 51.51751404470696], [-0.08837904080521117, 51.517509349966595], [-0.08838280349659769, 51.5174194856786], [-0.08823876728619123, 51.51741713805078], [-0.08824253024120458, 51.51732727376872], [-0.08809849433345947, 51.517324925971636], [-0.08810225755209565, 51.517235061695516], [-0.08767015079520005, 51.517228017266255], [-0.08738207972145494, 51.51722332009627], [-0.08738584433620887, 51.517133455856104], [-0.08724180911175555, 51.51713110701347], [-0.08723804421387858, 51.51722097124611], [-0.08709400872578374, 51.51721862221922], [-0.08709777390678455, 51.5171287579941], [-0.08695373872135824, 51.51712640879793], [-0.08666566840899194, 51.517121709875326], [-0.08652163328208527, 51.51711936014889], [-0.0865253995760597, 51.517029495952244], [-0.08638136475182442, 51.51702714605656], [-0.08637759817472894, 51.51711701024567], [-0.08623356308686327, 51.517114660165696], [-0.08623732994708057, 51.5170247959841], [-0.08609329516189058, 51.5170224457349], [-0.08594926039619281, 51.517020095308915], [-0.08595302780312579, 51.51693023114079], [-0.08580899334007076, 51.51692788054556], [-0.08580522565001875, 51.51701774470617], [-0.08566119092337342, 51.51701539392667], [-0.08566495889654492, 51.51692552977358], [-0.0855209244725789, 51.51692317882485], [-0.0853768900681107, 51.51692082769934], [-0.0852328556831721, 51.51691847639706], [-0.08523662448616878, 51.51682861226494], [-0.08509259040391541, 51.516826260793444], [-0.08494855634116028, 51.51682390914518], [-0.08466048827429366, 51.51681920531836], [-0.0846642581902211, 51.51672934121476], [-0.08466802808660934, 51.516639477109585], [-0.08452399464869584, 51.51663712494607], [-0.08437996123031992, 51.51663477260583], [-0.08438373167339563, 51.516544908514106], [-0.08423969855770731, 51.516542556004616], [-0.0842359278315193, 51.51663242008882], [-0.08409189445222881, 51.516630067395035], [-0.08409566546152876, 51.516540203318364], [-0.08395163238489449, 51.51653785045536], [-0.08394786109248305, 51.51662771452451], [-0.083803827752313, 51.51662536147721], [-0.08365979443165866, 51.516623008253156], [-0.0836635662902931, 51.516533144199066], [-0.08337550027388445, 51.51652843723575], [-0.08323146729499126, 51.51652608348895], [-0.08294340139589382, 51.51652137546507], [-0.08294717465052875, 51.51643151144706], [-0.08280314201340665, 51.51642915717751], [-0.08265910939584156, 51.51642680273121], [-0.08266288319713617, 51.516336938726695], [-0.08208675405496492, 51.51632751920406], [-0.08194272181831398, 51.5163251638815], [-0.08179868960122529, 51.51632280838219], [-0.08179491410128789, 51.51641267234152], [-0.08165088162069475, 51.516410316657904], [-0.08164332999589846, 51.51659004455673], [-0.08163955415414827, 51.51667990850374], [-0.08135148755294504, 51.516675196561046], [-0.0813590403493193, 51.516495468695545], [-0.08121500764432753, 51.51649311247413], [-0.08121123097281616, 51.51658297640013], [-0.08106719800425634, 51.516580619994436], [-0.08106342103006213, 51.5166704839113], [-0.08135148755294504, 51.516675196561046], [-0.08134771112539929, 51.51676506049141], [-0.08134393467828262, 51.51685492442021], [-0.08134015821159346, 51.51694478834739], [-0.08119612409104097, 51.516942432088285], [-0.0811923473216622, 51.51703229600637], [-0.08104831293753455, 51.51702993956297], [-0.0810445358654642, 51.517119803471914], [-0.0809005012177928, 51.51711744684422], [-0.08089672384302847, 51.517207310744034], [-0.08089294644868605, 51.517297174642295], [-0.08074891125435187, 51.517294817822744], [-0.08074135584069111, 51.517474545599406], [-0.08059732009972509, 51.517472188587995], [-0.08058976404149637, 51.51765191634325], [-0.08044572775382665, 51.51764955914001], [-0.08044194941221436, 51.5177394230077], [-0.08043817105101882, 51.51782928687383], [-0.08029413421670419, 51.51782692947875], [-0.08029035555279598, 51.517916793335736], [-0.08014631845490582, 51.51791443575633], [-0.08013876050207297, 51.51809416345047], [-0.07999472285750286, 51.5180918056792], [-0.07998716426005635, 51.518271533351935], [-0.0799833849319513, 51.51836139718593], [-0.07983934645759058, 51.51835903921527], [-0.0798317871763397, 51.518538766863394], [-0.07997582621697909, 51.51854112484914], [-0.07997204683011112, 51.518630988678375], [-0.08011608617351047, 51.518633346494894], [-0.08011230705019738, 51.51872321033008], [-0.08025634669632688, 51.51872556797736], [-0.0802525678365727, 51.51881543181852], [-0.08010852790729873, 51.51881307416369], [-0.08010474874481201, 51.518902937995705], [-0.08024878895723285, 51.51890529565808], [-0.0802450100583074, 51.51899515949608], [-0.0802412311397971, 51.51908502333246], [-0.08009719036107966, 51.51908266565498], [-0.08010096956273885, 51.51899280182616], [-0.07995692908675715, 51.518990443979455], [-0.07995314960194831, 51.51908030780075], [-0.079809108862436, 51.51907794976975], [-0.07981288863039371, 51.518988085955996], [-0.07966884819359087, 51.51898572775576], [-0.07966506814248388, 51.519075591561965], [-0.07952102744212337, 51.519073233177394], [-0.07950968632179511, 51.519342824563914], [-0.07965372787161101, 51.51934518297111], [-0.07965750798149275, 51.51925531916966], [-0.0798015492677474, 51.51925767739253], [-0.07979776944101886, 51.51934754120153], [-0.07994181102998694, 51.51934989925517], [-0.07993803146682127, 51.51943976307016], [-0.08008207335856436, 51.519442120954565], [-0.08007829405896667, 51.51953198477551], [-0.07993425188406673, 51.51952962688355], [-0.0799266926597905, 51.51970935450557], [-0.07978264993819356, 51.519706996421746], [-0.07977887001350986, 51.519796860222826], [-0.07963482702831313, 51.51979450195469], [-0.07963104680087622, 51.51988436574665], [-0.0794870035521103, 51.51988200729418], [-0.07948322302191664, 51.519971871077026], [-0.07933917950961217, 51.51996951244023], [-0.07933539867665895, 51.52005937621393], [-0.07919135490075467, 51.520057017392816], [-0.07918757376504114, 51.520146881157366], [-0.07933161782411056, 51.52014923998601], [-0.07932783695196581, 51.52023910375656], [-0.07932405606022432, 51.52032896752551], [-0.07932027514888726, 51.52041883129286], [-0.07917623024030998, 51.52041647244155], [-0.07916488653919727, 51.52068606371147], [-0.07930893229729469, 51.52068842258543], [-0.07930137029824771, 51.52086815010591], [-0.07944541664226622, 51.52087050881818], [-0.07944163589652728, 51.52096037258356], [-0.07943785513119155, 51.52105023634738], [-0.07943029354173302, 51.52122996387026], [-0.07928624606498705, 51.52122760512781], [-0.07914219860780922, 51.52122524620858], [-0.07913841721731432, 51.521315109952546], [-0.07899436949654982, 51.52131275084897], [-0.07899058780326917, 51.52140261458383], [-0.07884653981895216, 51.521400255295916], [-0.07884275782288216, 51.521490119021635], [-0.07869870957494587, 51.52148775954939], [-0.07870627411385646, 51.52130803211147], [-0.07856222645189975, 51.52130567247754], [-0.07855466134661555, 51.52148539990034], [-0.07869870957494587, 51.52148775954939], [-0.07869114495761971, 51.521667486980924], [-0.07854709616290935, 51.52166512731681], [-0.07853953090078032, 51.521844854726915], [-0.07839548155932288, 51.521842494870874], [-0.07838413266949479, 51.52211208595153], [-0.07824008249802418, 51.522109725896065], [-0.07823629921233345, 51.5221995895789], [-0.07838034966700262, 51.52220194964191], [-0.07837656664490252, 51.52229181333069], [-0.07837278360319574, 51.52238167701789], [-0.0782287325821235, 51.522379316939784], [-0.07808468158065955, 51.52237695668487], [-0.07807711430560149, 51.52255668402434], [-0.07822116587347407, 51.52255904429435], [-0.07821738248973432, 51.522648907969234], [-0.07821359908638437, 51.52273877164256], [-0.07820603222085357, 51.522918498984446], [-0.07835008494116878, 51.522920859107856], [-0.07834630176219964, 51.523010722783994], [-0.07820224875867274, 51.523008362652995], [-0.07819846527688049, 51.52309822632], [-0.07791035876226521, 51.52309350551253], [-0.07790657469443259, 51.523183369162815], [-0.0777625211833132, 51.52318100848634], [-0.07775116801247733, 51.523450599405045], [-0.0776071136713205, 51.52344823852909], [-0.07760332895859007, 51.52353810215794], [-0.07745927435386525, 51.523535741097646], [-0.07744413417387214, 51.523895195566965], [-0.07758818991149331, 51.52389755665747], [-0.07758062027023797, 51.52407728389771], [-0.07743656396616047, 51.5240749227921], [-0.07742520850744487, 51.52434451361793], [-0.0775692656612194, 51.524346874746215], [-0.07756548075230835, 51.5244367383592], [-0.07742142331529953, 51.52443437722337], [-0.07739871175039914, 51.52497355882274], [-0.07754277088684927, 51.52497592000388], [-0.07752763058415442, 51.52533537440198], [-0.0776716908732499, 51.52533773543656], [-0.07766412117068544, 51.525517462641226], [-0.07780818204590437, 51.52551982351407], [-0.07780061283137506, 51.5256995507275], [-0.077944674292686, 51.52570191143868], [-0.07793710556620255, 51.525881638660856], [-0.07808116761368186, 51.5258839992103], [-0.07807738350427554, 51.525973862826575], [-0.07822144585462887, 51.525976223206776], [-0.0782176620088693, 51.526066086829005], [-0.07821387814349702, 51.52615595044965], [-0.07821009425851014, 51.52624581406872], [-0.07820631035390901, 51.52633567768622], [-0.07820252642969483, 51.52642554130208], [-0.07834659021595482, 51.52642790154322], [-0.07833523917543594, 51.526697492404075], [-0.07832388795839762, 51.52696708325064], [-0.07846795346394253, 51.52696944336027], [-0.07846416996898078, 51.5270593069802], [-0.07846038645440638, 51.527149170598534], [-0.078316320382303, 51.527146810473795], [-0.07832010418015745, 51.52705694686301], [-0.07803197266138495, 51.52705222609819], [-0.07802818829697122, 51.52714208969386], [-0.0775959903160866, 51.527135007197785], [-0.07759220508221383, 51.52722487076922], [-0.07802440391294053, 51.52723195328796], [-0.07801683508602925, 51.52741168047136], [-0.07787276822292298, 51.5274093197935], [-0.07772870137947072, 51.52740695893882], [-0.07772491637001894, 51.52749682251303], [-0.07758084926286712, 51.52749446147394], [-0.07758463455560409, 51.5274045979073], [-0.0772965009667716, 51.5273998753138], [-0.07729271510746502, 51.52748973886533], [-0.0771486480591838, 51.52748737729581], [-0.0771448618969651, 51.527577240838234], [-0.07700079458502361, 51.52757487908429], [-0.07699700811989114, 51.52766474261756], [-0.07685294054432247, 51.52766238067927], [-0.0768567272927425, 51.52757251715354], [-0.07671266002005937, 51.52757015504596], [-0.07670887298835254, 51.52766001856412], [-0.07685294054432247, 51.52766238067927], [-0.0768491537762739, 51.527752244203384], [-0.07670508593701558, 51.52774988208069], [-0.0767012988660461, 51.527839745595685], [-0.07669751177544605, 51.52792960910907], [-0.07655344338923441, 51.52792724679444], [-0.07640937502265764, 51.52792488430297], [-0.07640558734584159, 51.528014747799645], [-0.07640179964939026, 51.52810461129478], [-0.07625773073589193, 51.52810224861137], [-0.07625394273651014, 51.528192112097344], [-0.07610987355932138, 51.528189749229526], [-0.07610608525700639, 51.52827961270637], [-0.07610229693505491, 51.52836947618158], [-0.07595822721093863, 51.52836711312183], [-0.07581415750643024, 51.528364749885235], [-0.07567008782156392, 51.5283623864718], [-0.07566629863007461, 51.528452249922786], [-0.07581036859824085, 51.528454613343776], [-0.07595443858604835, 51.52845697658792], [-0.07595064994151839, 51.528546840052456], [-0.07566250941894287, 51.52854211337217], [-0.07565114166769371, 51.52881170371081], [-0.07550707058598824, 51.528809340082745], [-0.07549570180802866, 51.52907893038441], [-0.0754919121760859, 51.52916879381513], [-0.07534783998075929, 51.52916642997998], [-0.07534405004585909, 51.52925629340155], [-0.075336470117119, 51.52943602023997], [-0.07519239709149818, 51.52943365620528], [-0.07518860681434127, 51.52952351961452], [-0.07504453352505151, 51.52952115539544], [-0.0750407429449272, 51.52961101879555], [-0.07489666939200026, 51.52960865439207], [-0.07488908760616453, 51.52978838117238], [-0.07488529668376806, 51.52987824456018], [-0.07474122230049962, 51.529875879957146], [-0.07473743107512898, 51.529965743335765], [-0.074593356428223, 51.52996337854834], [-0.07458956489987266, 51.53005324191782], [-0.0744454899892631, 51.530050876945985], [-0.07444928180093759, 51.52996101358405], [-0.07430520719331013, 51.52995864844295], [-0.07430141509831112, 51.53004851179728], [-0.07415734022701709, 51.53004614647177], [-0.07416492496400508, 51.52986641977663], [-0.07416871730301039, 51.52977655642669], [-0.07431279132433513, 51.52977892172951], [-0.07430899926865081, 51.52986878508705], [-0.0744530735929549, 51.529871150220565], [-0.07445686536531745, 51.529781286855496], [-0.07460093942595736, 51.52978365180463], [-0.07474501350621823, 51.52978601657692], [-0.07474880469228287, 51.52969615319511], [-0.07460473089534253, 51.52969378843039], [-0.07446065711802365, 51.52969142348882], [-0.07446444885107224, 51.52960156012057], [-0.07460852234507259, 51.529603925054566], [-0.07461231377514942, 51.529514061677155], [-0.0747563870054534, 51.52951642642675], [-0.07476776032781306, 51.529246836262324], [-0.07491183272785777, 51.52924920081239], [-0.07490804192336972, 51.52933906420969], [-0.07505211462634766, 51.52934142859049], [-0.07505590514752193, 51.52925156518562], [-0.07491183272785777, 51.52924920081239], [-0.07491941427787997, 51.529069474013035], [-0.07492320502341483, 51.528979610610996], [-0.07506727659314825, 51.528981974961525], [-0.0750710670357253, 51.52889211155032], [-0.07507485745865271, 51.52880224813754], [-0.07521892848145142, 51.52880461229612], [-0.07522271860142576, 51.52871474887417], [-0.07523029878243352, 51.52853502202554], [-0.07537436897496785, 51.528537385984585], [-0.07538194851078929, 51.52835765911449], [-0.07552601815636989, 51.52836002288156], [-0.07552980761151422, 51.52827015943658], [-0.07567387699340995, 51.528272523019275], [-0.07567766614561515, 51.52818265956513], [-0.0758217352638872, 51.528185022963434], [-0.07582931294278268, 51.52800529603525], [-0.07597338151410656, 51.528007659241595], [-0.07611745010503833, 51.52801002227111], [-0.07626151871563762, 51.52801238512381], [-0.07626530667574678, 51.52792252163467], [-0.07627288253705967, 51.52774279465164], [-0.076416950317389, 51.52774515730482], [-0.0764245255335847, 51.52756543030032], [-0.07656859276700516, 51.527567792761545], [-0.07657238006236665, 51.52747792924938], [-0.0768605140215332, 51.52748265362624], [-0.07686430073069378, 51.52739279009736], [-0.07700836745640408, 51.527395152012986], [-0.07701215386265328, 51.527305288474956], [-0.07715622032474195, 51.52730765020621], [-0.07716000642808098, 51.52721778665908], [-0.07730407262651222, 51.527220148205956], [-0.07730785842694664, 51.52713028464963], [-0.07745192436168745, 51.52713264601212], [-0.07745570985921846, 51.527042782446664], [-0.07774384122107976, 51.52704750462607], [-0.07774762613243212, 51.526957641043936], [-0.07789169155948024, 51.52696000186084], [-0.07792196787783655, 51.5262410930862], [-0.07777790471695983, 51.526238732329695], [-0.07778168945174115, 51.5261488687333], [-0.07763762659371184, 51.52614650780756], [-0.07764141159213742, 51.526056644217114], [-0.07764519657094485, 51.52596678062509], [-0.07750113429905924, 51.52596441953764], [-0.07750491954150616, 51.52587455595158], [-0.07750870476433212, 51.52578469236394], [-0.07765276646969857, 51.5257870534363], [-0.0776603362899763, 51.525607326241165], [-0.0775162751511226, 51.525604965183916], [-0.07752006031508593, 51.52551510159154], [-0.07737599947914243, 51.525512740365016], [-0.07739114107179904, 51.52515328600983], [-0.07724708138844404, 51.52515092463675], [-0.0771030217247108, 51.52514856308684], [-0.07710680764031505, 51.525058699509174], [-0.07725086702080163, 51.525061061051524], [-0.07725465263353624, 51.524971197464744], [-0.0772697948882512, 51.52461174310174], [-0.0769816789793548, 51.524607019915805], [-0.07698546506045385, 51.524517156336195], [-0.07698925112192755, 51.52442729275502], [-0.07713330850007416, 51.52442965442126], [-0.07716359401955639, 51.52371074565426], [-0.07701953890724664, 51.52370838404844], [-0.07701575300276518, 51.52379824764231], [-0.07687169762682262, 51.52379588585215], [-0.07686791141949222, 51.523885749436886], [-0.07657980016003055, 51.523881025311034], [-0.07657601336662082, 51.523970888879035], [-0.076287901619254, 51.52396616403085], [-0.07614384577503015, 51.523963801341544], [-0.07615142104157573, 51.523784074249285], [-0.07600736578340576, 51.523781711398314], [-0.07601115367045355, 51.52369184785733], [-0.07514682423319533, 51.52367766708398], [-0.07514303464680996, 51.523767530579555], [-0.07499897952610832, 51.523765166490975], [-0.0745668142819043, 51.52375807316437], [-0.0745630235429809, 51.52384793662812], [-0.07441896821764224, 51.523845571824744], [-0.0742749129119846, 51.52384320684458], [-0.074271121586964, 51.5239330702916], [-0.07412706601769982, 51.52393070512706], [-0.07398301046809001, 51.523928339785705], [-0.07397921855696503, 51.52401820321602], [-0.07383516274381668, 51.52401583769031], [-0.07383137052980897, 51.524105701111466], [-0.07368731445305839, 51.52410333540137], [-0.07368352193616633, 51.52419319881335], [-0.07353946559584337, 51.52419083291889], [-0.0735356727760638, 51.52428069632173], [-0.07324755958797206, 51.52427596398726], [-0.07310350302340504, 51.52427359755481], [-0.07309970933427128, 51.524363460933344], [-0.07295565250616802, 51.52436109431654], [-0.07295185851413918, 51.52445095768589], [-0.07280780142243731, 51.524448590884695], [-0.07280400712750822, 51.52453845424493], [-0.07265994977223839, 51.52453608725934], [-0.07251589243667177, 51.52453372009696], [-0.07251209755560535, 51.52462358344045], [-0.07236803995644253, 51.524621216093685], [-0.07236424477246994, 51.524711079428016], [-0.07222018690974229, 51.52470871189687], [-0.07221639142285989, 51.52479857522204], [-0.07221259591630404, 51.524888438545624], [-0.07206853750680386, 51.52488607082252], [-0.07192447911694895, 51.5248837029226], [-0.07192068302423905, 51.52497356622943], [-0.07177662437082089, 51.52497119814514], [-0.07163256573711159, 51.52496882988404], [-0.0716287690582417, 51.52505869317413], [-0.07148471016094014, 51.52505632472865], [-0.07148091317914773, 51.52514618800959], [-0.07133685401828492, 51.525143819379714], [-0.07133305673356763, 51.52523368265147], [-0.0711889973091742, 51.52523131383721], [-0.07118519972152726, 51.52532117709981], [-0.07104114003354396, 51.525318808101154], [-0.0708970803652456, 51.52531643892571], [-0.07089328219142117, 51.525406302171554], [-0.0707492222595962, 51.52540393281169], [-0.07074542378283695, 51.52549379604838], [-0.0706013635874205, 51.52549142650413], [-0.07045730341169582, 51.52548905678307], [-0.07045350434874793, 51.52557892000303], [-0.07030944390949895, 51.52557655009757], [-0.07030564454360833, 51.525666413308336], [-0.07001752315762792, 51.52566167295182], [-0.07001372320553996, 51.525751536145826], [-0.06986966225887807, 51.52574916569476], [-0.06958154042458033, 51.525744424262214], [-0.0695777396030372, 51.52583428743189], [-0.06928961728107479, 51.52582954527691], [-0.06928581587332198, 51.52591940842983], [-0.06899769306366904, 51.52591466555241], [-0.06899389106970137, 51.52600452868856], [-0.06884982941116528, 51.52600215697704], [-0.06856170615325347, 51.52599741302359], [-0.06855790328980921, 51.52608727613538], [-0.06841384140714903, 51.52608490388584], [-0.06823196330844943, 51.52608190866826], [-0.06812571770100333, 51.52608015885629], [-0.06812191396807406, 51.52617002194375], [-0.06783378977425056, 51.52616527619176], [-0.067829985455089, 51.52625513926244], [-0.06768592310452826, 51.52625276611362], [-0.06768972770694759, 51.526162903050555], [-0.06754566565933677, 51.52616052973253], [-0.06754186077365805, 51.526250392788], [-0.06696561164745252, 51.52624089771737], [-0.06696180560901396, 51.52633076074089], [-0.06681774309354627, 51.5263283865236], [-0.06638555566543279, 51.52632126281083], [-0.06638174847422446, 51.52641112580237], [-0.06623768575442698, 51.5264087508702], [-0.06580549771339408, 51.52640162501287], [-0.06566143507251584, 51.52639924937344], [-0.06565762644526883, 51.526489112325386], [-0.0656538177982792, 51.52657897527576], [-0.06550975461065424, 51.52657659944432], [-0.06536569144274249, 51.52657422343607], [-0.06536950065625684, 51.526484360500895], [-0.06522543779135186, 51.52648198432344], [-0.06522162829457538, 51.526571847251], [-0.06507756516618583, 51.526569470889115], [-0.06508137494622328, 51.526479607969165], [-0.0649373121208131, 51.52647723143806], [-0.06493350205751389, 51.52656709435041], [-0.06478943896859214, 51.52656471763489], [-0.06450131285003294, 51.526559963673414], [-0.0644975019171959, 51.526649826561346], [-0.06435343860426969, 51.52664744930778], [-0.06435724982036886, 51.526557586427444], [-0.06421318681046134, 51.526555209004655], [-0.06420937531109921, 51.52664507187738], [-0.06392124878406123, 51.52664031648616], [-0.06348905914169464, 51.52663318207318], [-0.06348143325105816, 51.526812907737806], [-0.06333736950992563, 51.52681052923127], [-0.06334118274839086, 51.526720666407385], [-0.06319711931031997, 51.52671828773167], [-0.063193305788591, 51.52680815054796], [-0.06304924208699064, 51.526805771687805], [-0.06305305589198415, 51.52671590887914], [-0.06290899249341875, 51.52671352984977], [-0.06276492911465566, 51.5267111506436], [-0.06276111474313426, 51.52680101343708], [-0.0626170511008476, 51.526798634046465], [-0.06261323642628884, 51.52688849683072], [-0.062181044768311676, 51.526881357575185], [-0.06203698092186377, 51.5268789774697], [-0.06174885328834047, 51.526874216728274], [-0.06174503689441049, 51.52696407946524], [-0.06160097282403761, 51.52696169882171], [-0.06159715612705836, 51.52705156154948], [-0.061453091793236284, 51.527049180721484], [-0.06130902747916915, 51.52704679971668], [-0.06116496318488915, 51.52704441853505], [-0.061168780731668794, 51.526954555830144], [-0.06073658881739458, 51.52694741124723], [-0.06073277042081496, 51.52703727392926], [-0.06044464201040641, 51.52703250997466], [-0.05986838542712166, 51.527022979943595], [-0.05986456531114378, 51.52711284257834], [-0.059720500931581134, 51.5271104596209], [-0.05943237223180138, 51.527105693175585], [-0.059428551246218105, 51.52719555578584], [-0.05928448664280245, 51.527193172290325], [-0.05899635749533052, 51.52718840476884], [-0.058992535640131495, 51.527278267354646], [-0.05884847081287708, 51.52727588332104], [-0.058852292951345024, 51.527186020742874], [-0.05870822842713592, 51.527183636540094], [-0.058704406005399064, 51.52727349911063], [-0.05856034121773722, 51.5272711147234], [-0.05812814697368036, 51.527263960500775], [-0.05812432339904971, 51.5273538230392], [-0.05769212848356488, 51.52734666720231], [-0.05754806355140284, 51.52734428156971], [-0.05754423882386883, 51.52743414407602], [-0.05740017362823177, 51.527431758258984], [-0.05740399863903666, 51.527341895760294], [-0.05725993374649779, 51.527339509774066], [-0.05725610845242236, 51.5274293722651], [-0.05711204329647207, 51.527426986094405], [-0.056679847947549426, 51.52741982652141], [-0.05667602150055875, 51.52750968898032], [-0.056531956140637135, 51.527507302094705], [-0.05638789080055192, 51.52750491503228], [-0.05595569489936132, 51.527497752784065], [-0.055951867016172566, 51.527587615203196], [-0.05580780147220783, 51.52758522742585], [-0.05580397328590418, 51.52767508983574], [-0.05565990747847839, 51.527672701873925], [-0.05563310763575481, 51.528301738645254], [-0.05577717542613463, 51.52830412666055], [-0.05577334708107531, 51.52839398905772], [-0.05575803350238372, 51.52875343863055], [-0.05590210272901849, 51.528755826507236], [-0.055886789965975535, 51.52911527608523], [-0.056030860345665866, 51.529117663815626], [-0.05602320441167511, 51.52929738861039], [-0.05601937641491577, 51.529387251005346], [-0.05616344766435144, 51.52938963858183], [-0.05615961993105045, 51.52947950098288], [-0.05614813661209366, 51.52974908817644], [-0.056292209014559474, 51.52975147560668], [-0.056288381485197256, 51.52984133800898], [-0.05628072636694974, 51.53002106280885], [-0.0562730711693351, 51.53020078760234], [-0.05641714500823589, 51.53020317489393], [-0.05640949029788741, 51.53038289969638], [-0.05640566291295318, 51.53047276209519], [-0.05654973762164858, 51.53047514923284], [-0.056545910500193766, 51.53056501163773], [-0.05654208335889897, 51.530654874041026], [-0.05653825619776579, 51.53074473644271], [-0.05668233177623832, 51.53074712342644], [-0.05667085102377888, 51.53101671064492], [-0.056814927472101644, 51.53101909747473], [-0.056799620657741794, 51.531378547107664], [-0.05694369825923261, 51.53138093379117], [-0.056939871789383846, 51.53147079620308], [-0.05693221879017908, 51.531650521022115], [-0.05707629726148834, 51.531652907551674], [-0.05706099215840621, 51.532012357201246], [-0.05720507178295385, 51.53201474358449], [-0.0571935935974108, 51.532284330827885], [-0.057337674091837314, 51.53228671705721], [-0.057333848273672515, 51.532376579476114], [-0.05747792907125365, 51.532378965536225], [-0.05762200988869664, 51.53238135141949], [-0.057910171583042985, 51.532386122655446], [-0.05790634687845567, 51.53247598510331], [-0.05718594137454199, 51.53246405564885], [-0.05718976749589441, 51.53237419323915], [-0.05704568673795073, 51.53237180682536], [-0.05703420746432755, 51.532641394026754], [-0.05689012587618939, 51.532639007413174], [-0.05689395260392215, 51.53254914502196], [-0.05674987131894693, 51.532546758239164]]]}, "properties": {"NoiseClass": "70.0-74.9"}}, {"type": "Feature", "geometry": {"type": "Polygon", "coordinates": [[[-0.061316661986409414, 51.526867074290024], [-0.06131284474268226, 51.52695693700416], [-0.06145690877348286, 51.52695931800134], [-0.0614607257339439, 51.526869455279595], [-0.061316661986409414, 51.526867074290024]]]}, "properties": {"NoiseClass": "70.0-74.9"}}, {"type": "Feature", "geometry": {"type": "Polygon", "coordinates": [[[-0.0788692313837214, 51.520861072908424], [-0.07915732397379532, 51.52086579121686], [-0.07916110526629525, 51.52077592746495], [-0.07901705924461994, 51.52077356840668], [-0.07904731114444835, 51.520054658394905], [-0.07890326740777338, 51.52005229922023], [-0.0788692313837214, 51.520861072908424]]]}, "properties": {"NoiseClass": "70.0-74.9"}}, {"type": "Feature", "geometry": {"type": "Polygon", "coordinates": [[[-0.07906999924616037, 51.51951547581951], [-0.07905865528349794, 51.51978506711434], [-0.07920269819031511, 51.5197874260896], [-0.07921404130350115, 51.51951783477213], [-0.07906999924616037, 51.51951547581951]]]}, "properties": {"NoiseClass": "70.0-74.9"}}, {"type": "Feature", "geometry": {"type": "Polygon", "coordinates": [[[-0.0792291651800634, 51.51915837965998], [-0.07922538424031751, 51.51924824344038], [-0.07936942546779172, 51.519250602193594], [-0.079373206124386, 51.519160738405624], [-0.0792291651800634, 51.51915837965998]]]}, "properties": {"NoiseClass": "70.0-74.9"}}, {"type": "Feature", "geometry": {"type": "Polygon", "coordinates": [[[-0.08151062522578734, 51.51631809685331], [-0.08165465740373928, 51.516320452706125], [-0.08165843316721647, 51.516230588752755], [-0.08180246508159693, 51.5162329444213], [-0.0818062405424016, 51.5161430804588], [-0.08195027219328078, 51.51614543594304], [-0.08195404735141537, 51.516055571971435], [-0.0815219533068239, 51.51604850501108], [-0.08151062522578734, 51.51631809685331], [-0.08136659306740665, 51.51631574082373], [-0.08136281671814945, 51.51640560476041], [-0.08150684915963602, 51.516407960797544], [-0.08151062522578734, 51.51631809685331]]]}, "properties": {"NoiseClass": "70.0-74.9"}}, {"type": "Feature", "geometry": {"type": "Polygon", "coordinates": [[[-0.08050995656528256, 51.51612187314666], [-0.08050617855654785, 51.51621173704131], [-0.08065021031437464, 51.51621409412389], [-0.0806539880400066, 51.5161242302217], [-0.08050995656528256, 51.51612187314666]]]}, "properties": {"NoiseClass": "70.0-74.9"}}, {"type": "Feature", "geometry": {"type": "Polygon", "coordinates": [[[-0.08667696638299509, 51.51685211725812], [-0.08667320041117904, 51.51694198146545], [-0.08681723499136168, 51.51694433100009], [-0.08682100068005946, 51.516854466785254], [-0.08667696638299509, 51.51685211725812]]]}, "properties": {"NoiseClass": "70.0-74.9"}}, {"type": "Feature", "geometry": {"type": "Polygon", "coordinates": [[[-0.08392073750489118, 51.513839574830996], [-0.08391696651571173, 51.513929438940124], [-0.08406099136316858, 51.51393179176158], [-0.08406476206927983, 51.51384192764493], [-0.08392073750489118, 51.513839574830996]]]}, "properties": {"NoiseClass": "70.0-74.9"}}, {"type": "Feature", "geometry": {"type": "Polygon", "coordinates": [[[-0.08392827942462235, 51.51365984660801], [-0.08392450847452754, 51.513749710720305], [-0.08406853275585037, 51.51375206352669], [-0.08407230342287977, 51.51366219940687], [-0.08392827942462235, 51.51365984660801]]]}, "properties": {"NoiseClass": "70.0-74.9"}}, {"type": "Feature", "geometry": {"type": "Polygon", "coordinates": [[[-0.08680028632246531, 51.51046940532213], [-0.08694430050233166, 51.51047175449234], [-0.0869555941444271, 51.510202161523694], [-0.08709960749476599, 51.51020451049463], [-0.08710713592593994, 51.510024781825955], [-0.08725114872976858, 51.510027130605124], [-0.08726244038121912, 51.509757537567666], [-0.08769447636262341, 51.50976458277732], [-0.08769823935842502, 51.50967471840578], [-0.08712219255421422, 51.50966532446956], [-0.08711842842640458, 51.50975518881104], [-0.08683040457529402, 51.509750490767594], [-0.08682663986197223, 51.50984035509246], [-0.08668262768270701, 51.50983800579815], [-0.086675097631527, 51.51001773442806], [-0.08681911037680219, 51.510020083737416], [-0.08680028632246531, 51.51046940532213]]]}, "properties": {"NoiseClass": "70.0-74.9"}}, {"type": "Feature", "geometry": {"type": "Polygon", "coordinates": [[[-0.0878347256631483, 51.50985679520455], [-0.08769071334732119, 51.50985444714726], [-0.08768695031251961, 51.50994431151561], [-0.08783096291135169, 51.50994665958041], [-0.0878347256631483, 51.50985679520455], [-0.08841077512139801, 51.50986618566654], [-0.08840701350162412, 51.509956050072425], [-0.08869503891370678, 51.50996074425813], [-0.0886987999674691, 51.50987087983722], [-0.08841077512139801, 51.50986618566654], [-0.08841453672168008, 51.50977632125905], [-0.08783848839544672, 51.5097669308271], [-0.0878347256631483, 51.50985679520455]]]}, "properties": {"NoiseClass": "70.0-74.9"}}, {"type": "Feature", "geometry": {"type": "Polygon", "coordinates": [[[-0.08912331695379079, 51.51005764865318], [-0.08911579644687455, 51.510237377532164], [-0.08925981008965733, 51.51023972385231], [-0.08926357006984666, 51.510149859406106], [-0.08940758344910439, 51.510152205542006], [-0.08941134312680084, 51.51006234108669], [-0.08912331695379079, 51.51005764865318], [-0.08912707717802007, 51.50996778421129], [-0.08883905164900179, 51.50996309108591], [-0.08883529085875655, 51.51005295551277], [-0.08912331695379079, 51.51005764865318]]]}, "properties": {"NoiseClass": "70.0-74.9"}}, {"type": "Feature", "geometry": {"type": "Polygon", "coordinates": [[[-0.08955159684781064, 51.510154551501195], [-0.08954783743364282, 51.51024441596241], [-0.08969185113487653, 51.51024676175239], [-0.08969561026603262, 51.510156897283665], [-0.08955159684781064, 51.510154551501195]]]}, "properties": {"NoiseClass": "70.0-74.9"}}, {"type": "Feature", "geometry": {"type": "Polygon", "coordinates": [[[-0.08983586485558863, 51.51024910736564], [-0.08983210598796475, 51.51033897184029], [-0.090120134053818, 51.51034366255163], [-0.0901238923554156, 51.51025379806199], [-0.08983586485558863, 51.51024910736564]]]}, "properties": {"NoiseClass": "70.0-74.9"}}, {"type": "Feature", "geometry": {"type": "Polygon", "coordinates": [[[-0.05540908981889845, 51.52002484099058], [-0.05584121484360958, 51.52003200451892], [-0.05584504190996777, 51.51994214198922], [-0.056565249265452824, 51.519954077629464], [-0.056569074896239656, 51.51986421505996], [-0.0567131161436512, 51.51986660165006], [-0.056716941471463875, 51.51977673907135], [-0.056284818638085016, 51.519769578793635], [-0.05628099246083324, 51.51985944134946], [-0.05570482782803615, 51.51984989180718], [-0.05570100049836512, 51.51993975433085], [-0.055412917734701715, 51.51993497848381], [-0.05540908981889845, 51.52002484099058], [-0.05483292339703634, 51.52001528714466], [-0.054829094328794334, 51.520105149619305], [-0.05454101067065048, 51.52010037162042], [-0.054537181016261954, 51.5201902340782], [-0.05396101280553628, 51.520180675928565], [-0.053957181998693496, 51.52027053835414], [-0.053525055199675015, 51.52026336786285], [-0.053521223523518534, 51.520353230263936], [-0.053233138523838, 51.52034844903725], [-0.05322930626151549, 51.520438311421415], [-0.053661434640302624, 51.52044548301922], [-0.05366526605316412, 51.520355620612115], [-0.05409739376121172, 51.520362790595996], [-0.05410122430475754, 51.520272928164346], [-0.05453335134202545, 51.52028009653432], [-0.054537181016261954, 51.5201902340782], [-0.05496930738271602, 51.52019740083428], [-0.05497313618765312, 51.52010753835359], [-0.055405261883253995, 51.5201147034958], [-0.05540908981889845, 51.52002484099058]]]}, "properties": {"NoiseClass": "70.0-74.9"}}, {"type": "Feature", "geometry": {"type": "Polygon", "coordinates": [[[-0.05686480748042806, 51.51968926288912], [-0.056860982455587995, 51.51977912547703], [-0.05700502345953704, 51.51978151170593], [-0.057008848201231796, 51.519691649110385], [-0.05686480748042806, 51.51968926288912]]]}, "properties": {"NoiseClass": "70.0-74.9"}}, {"type": "Feature", "geometry": {"type": "Polygon", "coordinates": [[[-0.05715671338055715, 51.519604172550096], [-0.05715288894182824, 51.519694035154885], [-0.05744097048254555, 51.519698806713606], [-0.057444794354985826, 51.51960894409354], [-0.05715671338055715, 51.519604172550096]]]}, "properties": {"NoiseClass": "70.0-74.9"}}, {"type": "Feature", "geometry": {"type": "Polygon", "coordinates": [[[-0.05759265844137816, 51.51952146697082], [-0.05758883487189857, 51.51961132960011], [-0.05787691596523458, 51.51961610008293], [-0.057880738968427915, 51.519526237438356], [-0.05759265844137816, 51.51952146697082]]]}, "properties": {"NoiseClass": "70.0-74.9"}}, {"type": "Feature", "geometry": {"type": "Polygon", "coordinates": [[[-0.05831668204152627, 51.51944352914492], [-0.05860476220038025, 51.51944829782952], [-0.058608583748242564, 51.51935843514366], [-0.058320504155669646, 51.51935366647431], [-0.05831668204152627, 51.51944352914492], [-0.058028601961880484, 51.51943875975324], [-0.05802477926164423, 51.519528622407], [-0.05831285990757429, 51.519533391813944], [-0.05831668204152627, 51.51944352914492]]]}, "properties": {"NoiseClass": "70.0-74.9"}}, {"type": "Feature", "geometry": {"type": "Polygon", "coordinates": [[[-0.05875644481913641, 51.519270956518056], [-0.05875262357422047, 51.519360819213155], [-0.05904070328565899, 51.51936558682188], [-0.05904452396429541, 51.519275724111516], [-0.05875644481913641, 51.519270956518056]]]}, "properties": {"NoiseClass": "70.0-74.9"}}, {"type": "Feature", "geometry": {"type": "Polygon", "coordinates": [[[-0.05948046263992985, 51.519193011441196], [-0.05976854141677468, 51.51919777725171], [-0.05977236064012061, 51.51910791450007], [-0.05948428242955091, 51.51910314870479], [-0.05948046263992985, 51.519193011441196], [-0.05919238394227416, 51.51918824492358], [-0.05918856356657892, 51.519278107643125], [-0.0594766428305121, 51.51928287417598], [-0.05948046263992985, 51.519193011441196]]]}, "properties": {"NoiseClass": "70.0-74.9"}}, {"type": "Feature", "geometry": {"type": "Polygon", "coordinates": [[[-0.05992021869552952, 51.5190204343717], [-0.05991639977511404, 51.51911029713257], [-0.0602044781044472, 51.519115061867225], [-0.06020829645858993, 51.519025199091125], [-0.05992021869552952, 51.5190204343717]]]}, "properties": {"NoiseClass": "70.0-74.9"}}, {"type": "Feature", "geometry": {"type": "Polygon", "coordinates": [[[-0.06283150523680733, 51.51834914638506], [-0.06282769213724862, 51.518439009310974], [-0.06297172942251436, 51.51844138817044], [-0.06297554223894566, 51.51835152523691], [-0.06283150523680733, 51.51834914638506]]]}, "properties": {"NoiseClass": "70.0-74.9"}}, {"type": "Feature", "geometry": {"type": "Polygon", "coordinates": [[[-0.06355550210922405, 51.518271175911124], [-0.06369953892699265, 51.51827355387154], [-0.06370335028827734, 51.51818369089681], [-0.06355931375363379, 51.518181312944016], [-0.06355550210922405, 51.518271175911124], [-0.06341146531117699, 51.51826879777394], [-0.06340765336388486, 51.51835866073188], [-0.06355169044505815, 51.51836103887667], [-0.06355550210922405, 51.518271175911124]]]}, "properties": {"NoiseClass": "70.0-74.9"}}, {"type": "Feature", "geometry": {"type": "Polygon", "coordinates": [[[-0.103818702630579, 51.51362340149969], [-0.10396272817936274, 51.513625729878015], [-0.10395899665391439, 51.51371559503752], [-0.10381497082205333, 51.51371326665174], [-0.103818702630579, 51.51362340149969]]]}, "properties": {"NoiseClass": ">=75.0"}}, {"type": "Feature", "geometry": {"type": "Polygon", "coordinates": [[[-0.09813434708819015, 51.515150024141164], [-0.09799031721862086, 51.51514768855855], [-0.09799406067992464, 51.5150578237318], [-0.09813809026639678, 51.515060159306955], [-0.09813434708819015, 51.515150024141164]]]}, "properties": {"NoiseClass": ">=75.0"}}, {"type": "Feature", "geometry": {"type": "Polygon", "coordinates": [[[-0.09813434708819015, 51.515150024141164], [-0.09827837697715791, 51.51515235954705], [-0.09827463406265004, 51.515242224387165], [-0.09813060389058353, 51.515239888973824], [-0.09813434708819015, 51.515150024141164]]]}, "properties": {"NoiseClass": ">=75.0"}}, {"type": "Feature", "geometry": {"type": "Polygon", "coordinates": [[[-0.09755448339635518, 51.51523054555289], [-0.0974104533213306, 51.51522820925576], [-0.09741419793442756, 51.51513834446049], [-0.09755822772635415, 51.515140680750136], [-0.09755448339635518, 51.51523054555289]]]}, "properties": {"NoiseClass": ">=75.0"}}, {"type": "Feature", "geometry": {"type": "Polygon", "coordinates": [[[-0.09827463406265004, 51.515242224387165], [-0.09841866425411544, 51.51524455962374], [-0.09841492160331033, 51.51533442446975], [-0.09827089112874536, 51.51533208922567], [-0.09827463406265004, 51.515242224387165]]]}, "properties": {"NoiseClass": ">=75.0"}}, {"type": "Feature", "geometry": {"type": "Polygon", "coordinates": [[[-0.0974104533213306, 51.51522820925576], [-0.0974067086888273, 51.515318074049425], [-0.09726267835008012, 51.51531573756809], [-0.09726642326568223, 51.51522587278189], [-0.0974104533213306, 51.51522820925576]]]}, "properties": {"NoiseClass": ">=75.0"}}, {"type": "Feature", "geometry": {"type": "Polygon", "coordinates": [[[-0.09855895209724191, 51.51533675953704], [-0.09870298261059943, 51.5153390944276], [-0.09869924050660013, 51.51542895928697], [-0.09855520971014145, 51.51542662438893], [-0.09855895209724191, 51.51533675953704]]]}, "properties": {"NoiseClass": ">=75.0"}}, {"type": "Feature", "geometry": {"type": "Polygon", "coordinates": [[[-0.09755448339635518, 51.51523054555289], [-0.09769851349081518, 51.515232881673256], [-0.09770225753771697, 51.51514301686302], [-0.09799031721862086, 51.51514768855855], [-0.09798657373791583, 51.51523755338372], [-0.0978425436046796, 51.515235217616855], [-0.09783505601886676, 51.51541494724749], [-0.0976910253388024, 51.51541261128893], [-0.0976947694245114, 51.51532274648187], [-0.09755073904695141, 51.51532041035403], [-0.09755448339635518, 51.51523054555289]]]}, "properties": {"NoiseClass": ">=75.0"}}, {"type": "Feature", "geometry": {"type": "Polygon", "coordinates": [[[-0.09711490281262893, 51.51540326568714], [-0.09725893341506846, 51.515405602352736], [-0.0972551884606496, 51.51549546713575], [-0.09711115757510808, 51.515493130462694], [-0.09711490281262893, 51.51540326568714]]]}, "properties": {"NoiseClass": ">=75.0"}}, {"type": "Feature", "geometry": {"type": "Polygon", "coordinates": [[[-0.10027984153795053, 51.515544496439226], [-0.10027610250932553, 51.51563436137757], [-0.10013207093343697, 51.51563202840892], [-0.1001358102451679, 51.51554216347806], [-0.10027984153795053, 51.515544496439226]]]}, "properties": {"NoiseClass": ">=75.0"}}, {"type": "Feature", "geometry": {"type": "Polygon", "coordinates": [[[-0.09984774771767514, 51.51553749702544], [-0.09999177897173202, 51.51553983034012], [-0.09998803937689438, 51.51562969526353], [-0.09984400783973117, 51.5156273619414], [-0.09984774771767514, 51.51553749702544]]]}, "properties": {"NoiseClass": ">=75.0"}}, {"type": "Feature", "geometry": {"type": "Polygon", "coordinates": [[[-0.0996999763219509, 51.51562502844248], [-0.09941191334457704, 51.5156203609144], [-0.09941565407183799, 51.51553049602084], [-0.09970371648300003, 51.51553516353399], [-0.0996999763219509, 51.51562502844248]]]}, "properties": {"NoiseClass": ">=75.0"}}, {"type": "Feature", "geometry": {"type": "Polygon", "coordinates": [[[-0.09998803937689438, 51.51562969526353], [-0.10013207093343697, 51.51563202840892], [-0.10012833160232665, 51.51572189333823], [-0.09998429976267656, 51.51571956018536], [-0.09998803937689438, 51.51562969526353]]]}, "properties": {"NoiseClass": ">=75.0"}}, {"type": "Feature", "geometry": {"type": "Polygon", "coordinates": [[[-0.0996999763219509, 51.51562502844248], [-0.09984400783973117, 51.5156273619414], [-0.09984026794240586, 51.51571722685575], [-0.09969623614151768, 51.51571489334936], [-0.0996999763219509, 51.51562502844248]]]}, "properties": {"NoiseClass": ">=75.0"}}, {"type": "Feature", "geometry": {"type": "Polygon", "coordinates": [[[-0.10113655502233061, 51.51573822045898], [-0.10128058701697641, 51.51574055219776], [-0.10127684993136314, 51.51583041718518], [-0.10113281765360707, 51.515828085438926], [-0.10113655502233061, 51.51573822045898]]]}, "properties": {"NoiseClass": ">=75.0"}}, {"type": "Feature", "geometry": {"type": "Polygon", "coordinates": [[[-0.10012833160232665, 51.51572189333823], [-0.10041639533973239, 51.515726559113645], [-0.10041265655546017, 51.51581642405631], [-0.10012459225183581, 51.51581175826595], [-0.10012833160232665, 51.51572189333823]]]}, "properties": {"NoiseClass": ">=75.0"}}, {"type": "Feature", "geometry": {"type": "Polygon", "coordinates": [[[-0.09709992174608185, 51.51576272477994], [-0.09710741231817653, 51.5155829952367], [-0.09725144348682158, 51.51558533191724], [-0.0972439534809375, 51.51576506147543], [-0.09709992174608185, 51.51576272477994]]]}, "properties": {"NoiseClass": ">=75.0"}}, {"type": "Feature", "geometry": {"type": "Polygon", "coordinates": [[[-0.10127684993136314, 51.51583041718518], [-0.10142088222848868, 51.515832748754676], [-0.10141714540661988, 51.51592261374795], [-0.1012731128263821, 51.51592028217099], [-0.10127684993136314, 51.51583041718518]]]}, "properties": {"NoiseClass": ">=75.0"}}, {"type": "Feature", "geometry": {"type": "Polygon", "coordinates": [[[-0.10084101520192153, 51.51591328637958], [-0.10069698269916509, 51.515910954095595], [-0.10070072093659128, 51.515821089139635], [-0.10084475315623585, 51.51582342141615], [-0.10084101520192153, 51.51591328637958]]]}, "properties": {"NoiseClass": ">=75.0"}}, {"type": "Feature", "geometry": {"type": "Polygon", "coordinates": [[[-0.10084101520192153, 51.51591328637958], [-0.10098504772404861, 51.51591561848681], [-0.10098878539525227, 51.51582575351591], [-0.10113281765360707, 51.515828085438926], [-0.10112908026551533, 51.51591795041728], [-0.1012731128263821, 51.51592028217099], [-0.10126937570203277, 51.51601014715524], [-0.10083727722823337, 51.516003151341465], [-0.10084101520192153, 51.51591328637958]]]}, "properties": {"NoiseClass": ">=75.0"}}, {"type": "Feature", "geometry": {"type": "Polygon", "coordinates": [[[-0.10529857397494198, 51.5161652298944], [-0.10515454030608339, 51.516162903075085], [-0.10515826980565919, 51.51607303789122], [-0.10530230319139913, 51.51607536470306], [-0.10529857397494198, 51.5161652298944]]]}, "properties": {"NoiseClass": ">=75.0"}}, {"type": "Feature", "geometry": {"type": "Polygon", "coordinates": [[[-0.10126937570203277, 51.51601014715524], [-0.10155744144806739, 51.51601481014731], [-0.1015537048705788, 51.516104675144895], [-0.10140967170478042, 51.51610234372979], [-0.10126563855831523, 51.51610001213791], [-0.10126937570203277, 51.51601014715524]]]}, "properties": {"NoiseClass": ">=75.0"}}, {"type": "Feature", "geometry": {"type": "Polygon", "coordinates": [[[-0.1015537048705788, 51.516104675144895], [-0.10184177126033528, 51.51610933744483], [-0.1018380352297157, 51.516199202455724], [-0.10154996827372634, 51.51619454014088], [-0.1015537048705788, 51.516104675144895]]]}, "properties": {"NoiseClass": ">=75.0"}}, {"type": "Feature", "geometry": {"type": "Polygon", "coordinates": [[[-0.09665658810631007, 51.516025307868645], [-0.09666408049352715, 51.51584557837975], [-0.09695214443239775, 51.51585025266945], [-0.09695589003066714, 51.51576038790772], [-0.09709992174608185, 51.51576272477994], [-0.09708494036896655, 51.51612218384745], [-0.09694090752111302, 51.51611984694529], [-0.09694465317761948, 51.51602998218828], [-0.09665658810631007, 51.516025307868645]]]}, "properties": {"NoiseClass": ">=75.0"}}, {"type": "Feature", "geometry": {"type": "Polygon", "coordinates": [[[-0.10212236677937825, 51.51629372908779], [-0.10197833296985961, 51.51629139836482], [-0.1019820687367248, 51.51620153334802], [-0.10212610226312557, 51.51620386406353], [-0.10212236677937825, 51.51629372908779]]]}, "properties": {"NoiseClass": ">=75.0"}}, {"type": "Feature", "geometry": {"type": "Polygon", "coordinates": [[[-0.10212236677937825, 51.51629372908779], [-0.10226640060822502, 51.516296059634016], [-0.10226266538823763, 51.51638592466415], [-0.10211863127627106, 51.51638359411048], [-0.10212236677937825, 51.51629372908779]]]}, "properties": {"NoiseClass": ">=75.0"}}, {"type": "Feature", "geometry": {"type": "Polygon", "coordinates": [[[-0.10240669951959672, 51.516388255041065], [-0.10255073367031091, 51.516390585241204], [-0.1025469989972085, 51.51648045028467], [-0.10240296456337325, 51.51647812007706], [-0.10240669951959672, 51.516388255041065]]]}, "properties": {"NoiseClass": ">=75.0"}}, {"type": "Feature", "geometry": {"type": "Polygon", "coordinates": [[[-0.10297910241481557, 51.516487439846884], [-0.10297536857172628, 51.51657730491114], [-0.10268729904106472, 51.516572645364846], [-0.10269103345040084, 51.516482780315485], [-0.10297910241481557, 51.516487439846884]]]}, "properties": {"NoiseClass": ">=75.0"}}, {"type": "Feature", "geometry": {"type": "Polygon", "coordinates": [[[-0.10297536857172628, 51.51657730491114], [-0.10326343817979168, 51.51658196375036], [-0.10325970488360163, 51.516671828827945], [-0.10297163470928583, 51.5166671699738], [-0.10297536857172628, 51.51657730491114]]]}, "properties": {"NoiseClass": ">=75.0"}}, {"type": "Feature", "geometry": {"type": "Polygon", "coordinates": [[[-0.10325970488360163, 51.516671828827945], [-0.10354777513534628, 51.51667648697503], [-0.10354404238606228, 51.51676635206591], [-0.10325597156806364, 51.51676169390392], [-0.10325970488360163, 51.516671828827945]]]}, "properties": {"NoiseClass": ">=75.0"}}, {"type": "Feature", "geometry": {"type": "Polygon", "coordinates": [[[-0.10354404238606228, 51.51676635206591], [-0.10383211328140989, 51.51677100952083], [-0.10382838107903547, 51.51686087462507], [-0.10354030961743027, 51.51685621715525], [-0.10354404238606228, 51.51676635206591]]]}, "properties": {"NoiseClass": ">=75.0"}}, {"type": "Feature", "geometry": {"type": "Polygon", "coordinates": [[[-0.0972102474937017, 51.51657384440904], [-0.09720650228696003, 51.516663709171524], [-0.09706246772095958, 51.516661372401266], [-0.09705872221168368, 51.516751237154715], [-0.09691468738200482, 51.516748900200234], [-0.09693341614985983, 51.516299576454614], [-0.0970774495639423, 51.51630191337173], [-0.0970662132108223, 51.516571507646276], [-0.0972102474937017, 51.51657384440904]]]}, "properties": {"NoiseClass": ">=75.0"}}, {"type": "Feature", "geometry": {"type": "Polygon", "coordinates": [[[-0.10397241683887114, 51.51686320309481], [-0.10411645261801386, 51.5168655313878], [-0.10411272096255658, 51.51695539650536], [-0.1039686849002837, 51.51695306820492], [-0.10397241683887114, 51.51686320309481]]]}, "properties": {"NoiseClass": ">=75.0"}}, {"type": "Feature", "geometry": {"type": "Polygon", "coordinates": [[[-0.10454109844008054, 51.51705224548437], [-0.10425302565254092, 51.51704758975244], [-0.10425675704420487, 51.51695772462904], [-0.1045448292654806, 51.51696238034609], [-0.10454109844008054, 51.51705224548437]]]}, "properties": {"NoiseClass": ">=75.0"}}, {"type": "Feature", "geometry": {"type": "Polygon", "coordinates": [[[-0.09661163215208901, 51.51710368466919], [-0.09661537858839726, 51.51701381994451], [-0.0967594142286555, 51.51701615727496], [-0.09676316036242082, 51.5169262925412], [-0.09661912500528959, 51.516923955218225], [-0.09662287140276322, 51.516834090490406], [-0.09676690647676979, 51.5168364278059], [-0.09677065257170527, 51.51674656306897], [-0.09691468738200482, 51.516748900200234], [-0.09689221221993263, 51.517288088642815], [-0.09703624874837745, 51.51729042564215], [-0.09703250310321553, 51.51738029038453], [-0.09674442949944205, 51.51737561619411], [-0.09675192190288064, 51.51719588673769], [-0.09660788569636482, 51.517193549392275], [-0.09661163215208901, 51.51710368466919]]]}, "properties": {"NoiseClass": ">=75.0"}}, {"type": "Feature", "geometry": {"type": "Polygon", "coordinates": [[[-0.08837904080521117, 51.517509349966595], [-0.08866711385075367, 51.51751404470696], [-0.08867463808151298, 51.51733431609933], [-0.0885306021152657, 51.51733196883256], [-0.08853436448452365, 51.517242104533906], [-0.08882243587029696, 51.51724679887566], [-0.08881867406729223, 51.517336663189326], [-0.08896271007256655, 51.517339010102575], [-0.08895894853319218, 51.51742887442221], [-0.08881491224478968, 51.51742652750147], [-0.08880738854129591, 51.51760625612089], [-0.0886633517061285, 51.51760390900837], [-0.08865958954200315, 51.517693773308224], [-0.08880362666030314, 51.51769612042828], [-0.08879986475981337, 51.517785984734054], [-0.08851178997647824, 51.517781290302175], [-0.08851931489049306, 51.51760156171907], [-0.08837527809432322, 51.51759921425299], [-0.08837904080521117, 51.517509349966595]]]}, "properties": {"NoiseClass": ">=75.0"}}, {"type": "Feature", "geometry": {"type": "Polygon", "coordinates": [[[-0.0880834412638723, 51.51768438306037], [-0.08822747830413612, 51.51768673088747], [-0.0882237152711121, 51.51777659516322], [-0.08807967794771411, 51.517774247328596], [-0.0880834412638723, 51.51768438306037]]]}, "properties": {"NoiseClass": ">=75.0"}}, {"type": "Feature", "geometry": {"type": "Polygon", "coordinates": [[[-0.10505756653228891, 51.51849939730176], [-0.10506502651729602, 51.518319667014524], [-0.10520906698143004, 51.51832199401252], [-0.10522398558685653, 51.517962533389316], [-0.10507994625532702, 51.517960206421115], [-0.10510232528242985, 51.51742101548364], [-0.10495828766909371, 51.517418688383344], [-0.10496574775642253, 51.517238958073115], [-0.10467767372033043, 51.51723430337201], [-0.104681404301268, 51.51714443822937], [-0.10453736759534286, 51.517142110621116], [-0.10454109844008054, 51.51705224548437], [-0.10497320776642471, 51.51705922775654], [-0.10498066769909983, 51.516879497433685], [-0.1048366318039368, 51.51687717020129], [-0.10485901283676875, 51.516337979239445], [-0.10471497865966035, 51.51633565187496], [-0.10473736069524016, 51.515796460900944], [-0.10444929579646328, 51.51579180573105], [-0.10445302663428489, 51.515701940578076], [-0.10445675745277092, 51.51561207542353], [-0.10460078932625445, 51.515614403081955], [-0.10461571127441872, 51.51525494241819], [-0.10447168053336164, 51.51525261478954], [-0.10448287264078794, 51.51498301929747], [-0.10433884276833781, 51.514980691514396], [-0.10434257371524297, 51.514890826354666], [-0.10419854414522452, 51.51488849840232], [-0.10420227535589, 51.514798633248446], [-0.1043463046428113, 51.51480096119337], [-0.1043612281597321, 51.5144415005323], [-0.10407317187000617, 51.514436844525314], [-0.1040769032670771, 51.514346979370984], [-0.10422093111916453, 51.51434930745541], [-0.10423585538172574, 51.513989846792555], [-0.1040918286619813, 51.51398751873791], [-0.10409555996236325, 51.51389765357573], [-0.10395153354500278, 51.51389532535179], [-0.10395899665391439, 51.51371559503752], [-0.10410302250511591, 51.51371792324655], [-0.104099291243408, 51.513807788411924], [-0.10424331739699065, 51.51381011645166], [-0.10425077933491181, 51.513630386104445], [-0.10410675374748614, 51.513628058079604], [-0.10396272817936274, 51.513625729878015], [-0.10396645968547268, 51.51353586471693], [-0.10382243441976463, 51.51353353634605], [-0.10383362967128423, 51.51326394087568], [-0.10397765408777307, 51.51326626922421], [-0.1039813855165312, 51.513176404056814], [-0.10412540966928951, 51.51317873222116], [-0.10413660299033575, 51.51290913668712], [-0.10399257968677914, 51.512906808545125], [-0.1039963110381864, 51.51281694337141], [-0.10414033405867881, 51.51281927150596], [-0.10414406510768699, 51.5127294063232], [-0.10400004237025681, 51.51272707819611], [-0.10400377368299077, 51.51263721301924], [-0.10400750497638704, 51.51254734784079], [-0.10401123625044736, 51.51245748266076], [-0.10415525813869765, 51.5124598107655], [-0.10416272006269478, 51.512280080385786], [-0.10430674140413213, 51.5122824082989], [-0.1042992800462479, 51.512462138693515], [-0.10444330197316638, 51.51246446644479], [-0.10443957154828237, 51.51255433164716], [-0.10443584110406594, 51.51264419684795], [-0.10442838015763521, 51.512823927244824], [-0.10442464965542056, 51.51291379244088], [-0.104409727453232, 51.51327325320934], [-0.10440599685435181, 51.51336311839751], [-0.10455002163125506, 51.51336544604653], [-0.10454629129611491, 51.51345531124054], [-0.10440226623613796, 51.51345298358409], [-0.10439107426549363, 51.513722579134374], [-0.10467912610320727, 51.513727234315205], [-0.10467539597381614, 51.513817099510376], [-0.10481942220476612, 51.51381942684311], [-0.10481569233912504, 51.513909292044154], [-0.10467166582509382, 51.51390696470396], [-0.10466793565704131, 51.51399682989595], [-0.10452390887929111, 51.51399450237157], [-0.10451271740988431, 51.51426409791578], [-0.1046567450368903, 51.5142664254625], [-0.10465301479151035, 51.51435629064817], [-0.10479704272096863, 51.51435861802559], [-0.10479331273934545, 51.514448483217166], [-0.10464928452679752, 51.51444615583229], [-0.10463436327462314, 51.51480561655293], [-0.10477839261954545, 51.51480794396758], [-0.10477466254126871, 51.51489780915123], [-0.10491869218862108, 51.51490013639657], [-0.10491496237411059, 51.51499000158609], [-0.10491123254026961, 51.51507986677403], [-0.10490750268709897, 51.5151697319604], [-0.1047634721904459, 51.51516740469272], [-0.10474482121910386, 51.51561673056363], [-0.10488885313128773, 51.51561905786855], [-0.10486647302638792, 51.5161582489062], [-0.10515454030608339, 51.516162903075085], [-0.1051508107871799, 51.516252768257374], [-0.1050067768545308, 51.516250441253874], [-0.10498812755444906, 51.5166997671045], [-0.10527619827031505, 51.51670442100921], [-0.10527246891856404, 51.516794286189466], [-0.10512843326783722, 51.51679195931805], [-0.10510978480348285, 51.51724128515852], [-0.1053978589555627, 51.51724593879902], [-0.10539412977097688, 51.51733580397726], [-0.10568220456667239, 51.517340456925574], [-0.10567847592903586, 51.51743032211713], [-0.10524636291509602, 51.517423342407156], [-0.10523144477358824, 51.51778280306826], [-0.10551952236201788, 51.51778745644456], [-0.10551579334460998, 51.517877321620766], [-0.10537175425756992, 51.51787499501354], [-0.10534191915729417, 51.518593916306855], [-0.10519787782438991, 51.51859158946333], [-0.10520160756273454, 51.518501724314625], [-0.10505756653228891, 51.51849939730176]]]}, "properties": {"NoiseClass": ">=75.0"}}, {"type": "Feature", "geometry": {"type": "Polygon", "coordinates": [[[-0.10518668849337112, 51.518861184899905], [-0.1054747728775042, 51.51886583845488], [-0.10546731435949287, 51.51904556876783], [-0.10532327159141767, 51.51904324206383], [-0.10532700114325312, 51.518953376915576], [-0.10518295867770255, 51.51895105004227], [-0.10518668849337112, 51.518861184899905]]]}, "properties": {"NoiseClass": ">=75.0"}}, {"type": "Feature", "geometry": {"type": "Polygon", "coordinates": [[[-0.08746588328910458, 51.51866349651703], [-0.08760992336591451, 51.51866584513389], [-0.08760615898575204, 51.51875570936216], [-0.08746211862579366, 51.5187533607378], [-0.08746588328910458, 51.51866349651703]]]}, "properties": {"NoiseClass": ">=75.0"}}, {"type": "Feature", "geometry": {"type": "Polygon", "coordinates": [[[-0.08760615898575204, 51.51875570936216], [-0.08775019936519034, 51.518758057809734], [-0.08774643524866785, 51.518847922043946], [-0.08760239458607987, 51.51884557358884], [-0.08760615898575204, 51.51875570936216]]]}, "properties": {"NoiseClass": ">=75.0"}}, {"type": "Feature", "geometry": {"type": "Polygon", "coordinates": [[[-0.08711002607523505, 51.520276354213955], [-0.08711379163661148, 51.52018649003515], [-0.087257836488092, 51.52018883913332], [-0.08726160174678124, 51.52009897494539], [-0.08740564633463492, 51.52010132385923], [-0.08742070604156377, 51.51974186706169], [-0.08742447091951182, 51.51965200285833], [-0.08728042774749664, 51.51964965398205], [-0.08728419288909538, 51.51955978978464], [-0.08757227868631151, 51.51956448734539], [-0.08759110126999906, 51.51911516625941], [-0.08773514278204751, 51.51911751473706], [-0.08773890695709721, 51.519027650507596], [-0.08759486572820355, 51.51902530203748], [-0.0875986301668976, 51.518935437813944], [-0.08774267111263717, 51.51893778627655], [-0.08774643524866785, 51.518847922043946], [-0.08789047593079849, 51.51885027032227], [-0.0878942397641706, 51.51876040608054], [-0.08775019936519034, 51.518758057809734], [-0.08775396346220313, 51.51866819357394], [-0.0877577275397066, 51.51857832933657], [-0.08790176737238953, 51.51858067759238], [-0.0878980035780345, 51.518670541837224], [-0.08804204371337086, 51.51867288992376], [-0.0880533341884792, 51.51840329716182], [-0.08790929490258229, 51.51840094909784], [-0.08791305863841649, 51.51831108484822], [-0.08820113666339802, 51.5183157807844], [-0.08821242605502061, 51.51804618798093], [-0.08835646424736142, 51.51804853566133], [-0.08836398984465202, 51.51786880710273], [-0.0882199522185851, 51.517866459437364], [-0.0882237152711121, 51.51777659516322], [-0.08836775261404367, 51.51777894282108], [-0.08851178997647824, 51.517781290302175], [-0.08850426498446425, 51.517961018878935], [-0.08864830293263672, 51.51796336619828], [-0.08864077842889866, 51.518143094783724], [-0.08849673991444836, 51.51814074744937], [-0.08835270141946443, 51.51813839993821], [-0.08834141281875771, 51.518407992759485], [-0.08819737349385044, 51.51840564504904], [-0.08819361030479832, 51.518495509312125], [-0.08833764991285045, 51.51849785703006], [-0.08833388698743981, 51.518587721299085], [-0.08833012404252821, 51.51867758556647], [-0.08818608386818116, 51.51867523783351], [-0.08818232062061655, 51.51876510209184], [-0.08803828018265619, 51.518762754174574], [-0.08803451663243538, 51.51885261842382], [-0.08817855735354617, 51.51885496634859], [-0.08817479406697243, 51.518944830603736], [-0.08803075306270917, 51.518942482671434], [-0.08802698947347568, 51.51903234691752], [-0.08788294820553355, 51.51902999880096], [-0.08787918431363871, 51.51911986303793], [-0.08802322586473642, 51.51912221116201], [-0.08801946223649182, 51.51921207540489], [-0.08773137858748926, 51.519207378964914], [-0.08772008588675469, 51.51947697163905], [-0.08786412855098104, 51.519479319969946], [-0.08786036456154511, 51.519569184199035], [-0.08785660055260067, 51.5196590484265], [-0.08756851411103993, 51.51965435155785], [-0.08755722026815407, 51.51992394418567], [-0.08770126432866154, 51.51992629273096], [-0.08769749995851263, 51.520016156944564], [-0.0876899711596797, 51.52019588536709], [-0.08740188135911879, 51.52019118805469], [-0.08738305618882428, 51.5206405090081], [-0.08723900990191523, 51.520638160049145], [-0.08725407120988904, 51.52027870331963], [-0.08711002607523505, 51.520276354213955]]]}, "properties": {"NoiseClass": ">=75.0"}}, {"type": "Feature", "geometry": {"type": "Polygon", "coordinates": [[[-0.0870911979755881, 51.52072567508433], [-0.08723524452613148, 51.52072802422758], [-0.08721641735446839, 51.521177345095936], [-0.08707236938799907, 51.521174995915096], [-0.0870911979755881, 51.52072567508433]]]}, "properties": {"NoiseClass": ">=75.0"}}, {"type": "Feature", "geometry": {"type": "Polygon", "coordinates": [[[-0.08706107200122608, 51.521444588394566], [-0.08720512081726917, 51.521446937597965], [-0.08720135526583475, 51.52153680176214], [-0.08705730616659746, 51.521534452551236], [-0.08706107200122608, 51.521444588394566]]]}, "properties": {"NoiseClass": ">=75.0"}}, {"type": "Feature", "geometry": {"type": "Polygon", "coordinates": [[[-0.10418435688127227, 51.52217222755502], [-0.10432840942565226, 51.522174555757175], [-0.10432467747854066, 51.52226442080389], [-0.10418062465094423, 51.52226209259428], [-0.10418435688127227, 51.52217222755502]]]}, "properties": {"NoiseClass": ">=75.0"}}, {"type": "Feature", "geometry": {"type": "Polygon", "coordinates": [[[-0.10432467747854066, 51.52226442080389], [-0.10446873032551367, 51.52226674883671], [-0.10446499864227804, 51.522356613889265], [-0.10432094551208625, 51.522354285849026], [-0.10432467747854066, 51.52226442080389]]]}, "properties": {"NoiseClass": ">=75.0"}}, {"type": "Feature", "geometry": {"type": "Polygon", "coordinates": [[[-0.10403657184266042, 51.52225976420787], [-0.10418062465094423, 51.52226209259428], [-0.10417689240127023, 51.52235195763196], [-0.10403283930976802, 51.52234962923811], [-0.10403657184266042, 51.52225976420787]]]}, "properties": {"NoiseClass": ">=75.0"}}, {"type": "Feature", "geometry": {"type": "Polygon", "coordinates": [[[-0.08675790870647067, 51.52179934601444], [-0.08676167516605295, 51.52170948187757], [-0.08704977443878371, 51.52171418085981], [-0.08703471074892433, 51.522073637457964], [-0.08689065996998166, 51.52207128802517], [-0.0869019586162583, 51.52180169560148], [-0.08675790870647067, 51.52179934601444]]]}, "properties": {"NoiseClass": ">=75.0"}}, {"type": "Feature", "geometry": {"type": "Polygon", "coordinates": [[[-0.10503748078672756, 51.522455789363065], [-0.1048934272959545, 51.52245346202257], [-0.10489715814887132, 51.522363596949226], [-0.10504121135642357, 51.52236592428227], [-0.10503748078672756, 51.522455789363065]]]}, "properties": {"NoiseClass": ">=75.0"}}, {"type": "Feature", "geometry": {"type": "Polygon", "coordinates": [[[-0.10460905179181303, 51.52235894175273], [-0.10475310496065666, 51.522361269439365], [-0.10474937382451904, 51.52245113450526], [-0.10460532037245543, 51.52244880681117], [-0.10460905179181303, 51.52235894175273]]]}, "properties": {"NoiseClass": ">=75.0"}}, {"type": "Feature", "geometry": {"type": "Polygon", "coordinates": [[[-0.10417689240127023, 51.52235195763196], [-0.10432094551208625, 51.522354285849026], [-0.10431721352628788, 51.52244415089257], [-0.10417316013225149, 51.52244182266806], [-0.10417689240127023, 51.52235195763196]]]}, "properties": {"NoiseClass": ">=75.0"}}, {"type": "Feature", "geometry": {"type": "Polygon", "coordinates": [[[-0.10374473318483651, 51.52234497192], [-0.10388878623761101, 51.522347300667455], [-0.10388505340215223, 51.52243716568865], [-0.10374100006615816, 51.52243483693374], [-0.10374473318483651, 51.52234497192]]]}, "properties": {"NoiseClass": ">=75.0"}}, {"type": "Feature", "geometry": {"type": "Polygon", "coordinates": [[[-0.10431721352628788, 51.52244415089257], [-0.10446126693969966, 51.522446478940275], [-0.10445753521777928, 51.52253634398969], [-0.1043134815211455, 51.522534015934525], [-0.10431721352628788, 51.52244415089257]]]}, "properties": {"NoiseClass": ">=75.0"}}, {"type": "Feature", "geometry": {"type": "Polygon", "coordinates": [[[-0.10388505340215223, 51.52243716568865], [-0.10402910675752966, 51.52243949426675], [-0.10417316013225149, 51.52244182266806], [-0.10416942784388795, 51.52253168770258], [-0.10388132054734593, 51.52252703070825], [-0.10388505340215223, 51.52243716568865]]]}, "properties": {"NoiseClass": ">=75.0"}}, {"type": "Feature", "geometry": {"type": "Polygon", "coordinates": [[[-0.10416942784388795, 51.52253168770258], [-0.1043134815211455, 51.522534015934525], [-0.10430974949665878, 51.52262388097492], [-0.10416569553617804, 51.52262155273553], [-0.10416942784388795, 51.52253168770258]]]}, "properties": {"NoiseClass": ">=75.0"}}, {"type": "Feature", "geometry": {"type": "Polygon", "coordinates": [[[-0.10373726692813148, 51.52252470194589], [-0.10388132054734593, 51.52252703070825], [-0.1038775876731901, 51.522616895726316], [-0.10373353377075284, 51.5226145669565], [-0.10373726692813148, 51.52252470194589]]]}, "properties": {"NoiseClass": ">=75.0"}}, {"type": "Feature", "geometry": {"type": "Polygon", "coordinates": [[[-0.10345289345215429, 51.52243017889352], [-0.10359694674947949, 51.52243250800203], [-0.10374100006615816, 51.52243483693374], [-0.10373726692813148, 51.52252470194589], [-0.10359321332823122, 51.52252237300673], [-0.1035894798876302, 51.52261223800988], [-0.10301326454870868, 51.52260292045539], [-0.10301699912219761, 51.522513055482065], [-0.10344915974768444, 51.52252004389077], [-0.10345289345215429, 51.52243017889352]]]}, "properties": {"NoiseClass": ">=75.0"}}, {"type": "Feature", "geometry": {"type": "Polygon", "coordinates": [[[-0.10286921076239183, 51.52260059062477], [-0.10272515699540312, 51.52259826061735], [-0.1025811032477743, 51.522595930433106], [-0.10243704951953793, 51.522593600072064], [-0.10186083480014846, 51.522584276859924], [-0.10186457163940928, 51.52249441194624], [-0.10287294561910316, 51.5225107256589], [-0.10286921076239183, 51.52260059062477]]]}, "properties": {"NoiseClass": ">=75.0"}}, {"type": "Feature", "geometry": {"type": "Polygon", "coordinates": [[[-0.10171304402686102, 51.522671810519505], [-0.10156899013160414, 51.52266947909022], [-0.1014249362556897, 51.5226671474841], [-0.10142867396398622, 51.52257728259439], [-0.10171678116871279, 51.52258194561489], [-0.10171304402686102, 51.522671810519505]]]}, "properties": {"NoiseClass": ">=75.0"}}, {"type": "Feature", "geometry": {"type": "Polygon", "coordinates": [[[-0.10114056683675449, 51.52257261886669], [-0.10128462039066635, 51.522574950818935], [-0.10128088239914865, 51.522664815701184], [-0.10113682856201438, 51.522662483741485], [-0.10114056683675449, 51.52257261886669]]]}, "properties": {"NoiseClass": ">=75.0"}}, {"type": "Feature", "geometry": {"type": "Polygon", "coordinates": [[[-0.10128088239914865, 51.522664815701184], [-0.1014249362556897, 51.5226671474841], [-0.10142119852802058, 51.5227570123722], [-0.10127714438825595, 51.52275468058185], [-0.10128088239914865, 51.522664815701184]]]}, "properties": {"NoiseClass": ">=75.0"}}, {"type": "Feature", "geometry": {"type": "Polygon", "coordinates": [[[-0.10113682856201438, 51.522662483741485], [-0.1011330902678985, 51.522752348614674], [-0.100844982085251, 51.52274768414992], [-0.10084872094581324, 51.52265781929165], [-0.10113682856201438, 51.522662483741485]]]}, "properties": {"NoiseClass": ">=75.0"}}, {"type": "Feature", "geometry": {"type": "Polygon", "coordinates": [[[-0.1011330902678985, 51.522752348614674], [-0.10127714438825595, 51.52275468058185], [-0.10127340635798744, 51.522844545460934], [-0.10112935195440567, 51.522842213486314], [-0.1011330902678985, 51.522752348614674]]]}, "properties": {"NoiseClass": ">=75.0"}}, {"type": "Feature", "geometry": {"type": "Polygon", "coordinates": [[[-0.100844982085251, 51.52274768414992], [-0.1008412432053094, 51.522837549006624], [-0.10069718885986256, 51.52283521650157], [-0.1007009280230285, 51.52274535165234], [-0.100844982085251, 51.52274768414992]]]}, "properties": {"NoiseClass": ">=75.0"}}, {"type": "Feature", "geometry": {"type": "Polygon", "coordinates": [[[-0.08687182850242817, 51.522520608699644], [-0.08687559483498143, 51.522430744567906], [-0.08687936114801383, 51.52234088043459], [-0.087023412776574, 51.52234322988995], [-0.08703471074892433, 51.522073637457964], [-0.08732281236533684, 51.52207833579317], [-0.0873152815361104, 51.5222580641128], [-0.08717123015171942, 51.52225571501857], [-0.08715616712622141, 51.52261517160879], [-0.08701211462854164, 51.522612822307686], [-0.08701588069740646, 51.522522958170015], [-0.08687182850242817, 51.522520608699644]]]}, "properties": {"NoiseClass": ">=75.0"}}, {"type": "Feature", "geometry": {"type": "Polygon", "coordinates": [[[-0.10026128590752888, 51.522918082750905], [-0.10026502593975244, 51.52282821792562], [-0.10055313453376526, 51.52283288381973], [-0.1005493950679916, 51.52292274865994], [-0.10026128590752888, 51.522918082750905]]]}, "properties": {"NoiseClass": ">=75.0"}}, {"type": "Feature", "geometry": {"type": "Polygon", "coordinates": [[[-0.08686806215035206, 51.522610472829804], [-0.08701211462854164, 51.522612822307686], [-0.08700834854015671, 51.52270268644377], [-0.08686429577875393, 51.52270033695836], [-0.08686806215035206, 51.522610472829804]]]}, "properties": {"NoiseClass": ">=75.0"}}, {"type": "Feature", "geometry": {"type": "Polygon", "coordinates": [[[-0.10026128590752888, 51.522918082750905], [-0.10025754585591917, 51.52300794757458], [-0.09996943620651089, 51.52300328094339], [-0.09997317682457327, 51.52291341613464], [-0.10026128590752888, 51.522918082750905]]]}, "properties": {"NoiseClass": ">=75.0"}}, {"type": "Feature", "geometry": {"type": "Polygon", "coordinates": [[[-0.09968132663469437, 51.522998613605], [-0.09996943620651089, 51.52300328094339], [-0.0999656955690588, 51.52309314575058], [-0.09967758543078681, 51.52308847839725], [-0.09968132663469437, 51.522998613605]]]}, "properties": {"NoiseClass": ">=75.0"}}, {"type": "Feature", "geometry": {"type": "Polygon", "coordinates": [[[-0.09938947537004657, 51.52308381033669], [-0.09967758543078681, 51.52308847839725], [-0.09967384420748837, 51.52317834318791], [-0.09952978888419209, 51.52317600923857], [-0.09938573358028949, 51.523173675112425], [-0.09938947537004657, 51.52308381033669]]]}, "properties": {"NoiseClass": ">=75.0"}}, {"type": "Feature", "geometry": {"type": "Polygon", "coordinates": [[[-0.09909762303070539, 51.523169006329724], [-0.0992416782958167, 51.5231713408095], [-0.09923793620343482, 51.52326120557615], [-0.09909388065509357, 51.52325887108893], [-0.09909762303070539, 51.523169006329724]]]}, "properties": {"NoiseClass": ">=75.0"}}, {"type": "Feature", "geometry": {"type": "Polygon", "coordinates": [[[-0.08699705015787779, 51.52297227884252], [-0.0870008163048248, 51.52288241471119], [-0.08685676297699191, 51.522880065210735], [-0.08686052938763415, 51.52279020108533], [-0.08700458243225141, 51.52279255057827], [-0.08700834854015671, 51.52270268644377], [-0.08715240132104941, 51.5227050357524], [-0.08715616712622141, 51.52261517160879], [-0.0874442721801973, 51.5226198696806], [-0.08744050694145178, 51.52270973383922], [-0.08729645412149194, 51.5227073848842], [-0.08729268858001588, 51.52279724903374], [-0.08714863549635851, 51.522794899894414], [-0.08714486965214839, 51.522884764034835], [-0.08728892301902177, 51.52288711318169], [-0.08728139183847894, 51.52306684147284], [-0.0871373379051691, 51.523064492310965], [-0.08714110378841895, 51.522974628173685], [-0.08699705015787779, 51.52297227884252]]]}, "properties": {"NoiseClass": ">=75.0"}}, {"type": "Feature", "geometry": {"type": "Polygon", "coordinates": [[[-0.09808174798241062, 51.52333238943313], [-0.09808549236003913, 51.52324252472778], [-0.09837360320445913, 51.523247196000725], [-0.09837734699622022, 51.52315733127888], [-0.09852140216429318, 51.52315966664264], [-0.09851765865576122, 51.52324953137195], [-0.09894982512615239, 51.52325653642489], [-0.09894608244790981, 51.52334640117504], [-0.09865797088179669, 51.52334173130163], [-0.09865422761768947, 51.52343159603526], [-0.09851017158048533, 51.52342926082588], [-0.0983661155627202, 51.523426925439686], [-0.09836237171274276, 51.52351679015679], [-0.09821831543111667, 51.52351445458631], [-0.09822205956432804, 51.523424589876676], [-0.09807800358537372, 51.523422254136875], [-0.09808174798241062, 51.52333238943313]]]}, "properties": {"NoiseClass": ">=75.0"}}, {"type": "Feature", "geometry": {"type": "Polygon", "coordinates": [[[-0.08728139183847894, 51.52306684147284], [-0.08742544579130684, 51.52306919045791], [-0.08742168045497896, 51.523159054608634], [-0.08741414972377252, 51.52333878290531], [-0.08727009492127824, 51.52333643389769], [-0.08728139183847894, 51.52306684147284]]]}, "properties": {"NoiseClass": ">=75.0"}}, {"type": "Feature", "geometry": {"type": "Polygon", "coordinates": [[[-0.09764209049873207, 51.523505110536334], [-0.09793020292611876, 51.523509782914935], [-0.09792645820703043, 51.523599647608044], [-0.09778240170039601, 51.52359731149968], [-0.09763834521317356, 51.5235949752145], [-0.09764209049873207, 51.523505110536334]]]}, "properties": {"NoiseClass": ">=75.0"}}, {"type": "Feature", "geometry": {"type": "Polygon", "coordinates": [[[-0.09763834521317356, 51.5235949752145], [-0.0976345999082015, 51.52368483989108], [-0.0974905431571873, 51.52368250342163], [-0.09749428874539447, 51.52359263875253], [-0.09763834521317356, 51.5235949752145]]]}, "properties": {"NoiseClass": ">=75.0"}}, {"type": "Feature", "geometry": {"type": "Polygon", "coordinates": [[[-0.0970546265632435, 51.52376535759747], [-0.09734274053469746, 51.52377003143539], [-0.09733899462442094, 51.523859896093846], [-0.09719493734573104, 51.52385755925582], [-0.09705088008648967, 51.52385522224098], [-0.0970546265632435, 51.52376535759747]]]}, "properties": {"NoiseClass": ">=75.0"}}, {"type": "Feature", "geometry": {"type": "Polygon", "coordinates": [[[-0.09676276562620661, 51.523850547680894], [-0.09690682284663799, 51.52385288504935], [-0.09705088008648967, 51.52385522224098], [-0.09704713359031633, 51.523945086882925], [-0.09675901856355394, 51.52394041230786], [-0.09676276562620661, 51.523850547680894]]]}, "properties": {"NoiseClass": ">=75.0"}}, {"type": "Feature", "geometry": {"type": "Polygon", "coordinates": [[[-0.09647090361451209, 51.523935737025575], [-0.09661496107933759, 51.52393807475511], [-0.09661121371402234, 51.52402793937302], [-0.09646715596595501, 51.524025601635984], [-0.09647090361451209, 51.523935737025575]]]}, "properties": {"NoiseClass": ">=75.0"}}, {"type": "Feature", "geometry": {"type": "Polygon", "coordinates": [[[-0.08723620311565305, 51.52414521108677], [-0.08738026046722557, 51.52414756016204], [-0.08738402601824659, 51.52405769602874], [-0.08738779154975038, 51.52396783189386], [-0.0874028534805828, 51.523608375338476], [-0.08754690915224327, 51.52361072419185], [-0.08753184835433736, 51.523970180777305], [-0.08767590517847462, 51.52397252948393], [-0.08767214021344269, 51.52406239363386], [-0.08752808310606908, 51.5240600449197], [-0.08752055255098318, 51.52423977319977], [-0.0872324372618749, 51.524235075211], [-0.08723620311565305, 51.52414521108677]]]}, "properties": {"NoiseClass": ">=75.0"}}]}