Crime ID,Month,Reported by,Falls within,Longitude,Latitude,Location,LSOA code,LSOA name,Outcome type
b91b826ff9f66db5129f2cf2ecadc1f792a2eb50cb258ddc351794c98a12ff72,2026-04,City of London Police,City of London Police,,,No location,,,Unable to prosecute suspect
0bda7c575022ade27292accef069a30d2264aa29d570119e404511d3f1169f3e,2026-04,City of London Police,City of London Police,,,No location,,,Investigation complete; no suspect identified
4e41483d018c3ddac97a04322bcefbd7313c6eb15a6d737d73472ad6f5ecdab0,2026-04,City of London Police,City of London Police,-0.101359,51.518700,On or near Parking Area,E01032740,City of London 001G,Investigation complete; no suspect identified
7f2ea3104f01307e0aaa2df0d155a8b002e142b9fc2ce4f8031b8648fca4788d,2026-04,City of London Police,City of London Police,,,No location,,,Investigation complete; no suspect identified
f8403606429e174f5f078f992fbde9678b44ace6aff2ac9880fb77f23dadb715,2026-04,City of London Police,City of London Police,-0.104276,51.513712,On or near A201,E01032739,City of London 001F,Investigation complete; no suspect identified
d8180f3931e8e98331518e0bfc2305765de06f7ea680fdd955d8a0229285d650,2026-04,City of London Police,City of London Police,-0.101359,51.518700,On or near Parking Area,E01032740,City of London 001G,Investigation complete; no suspect identified
93de1539b91153661a3b282409d10402f2ac4b8383d7ab94555266647074f93d,2026-04,City of London Police,City of London Police,-0.081113,51.516869,On or near Bishopsgate,E01032739,City of London 001F,Investigation complete; no suspect identified
ecd3568681f936abcd4c1405b97f9c7e222edb41a4c89ff3dd600be0d5d08e5d,2026-04,City of London Police,City of London Police,-0.077511,51.515812,On or near Artizan Street,E01000005,City of London 001E,Suspect charged
d81198e6f956a4d509543f42cfe9c8acbfaa76f5330701d2dbb2116a785945f4,2026-04,City of London Police,City of London Police,-0.081643,51.510070,On or near Great Tower Street,E01032739,City of London 001F,Suspect charged
3e62f96373f97e532ca5e2a7f28c11dee5fee9a278f960fb45449976504f6274,2026-04,City of London Police,City of London Police,-0.091947,51.513188,On or near Pancras Lane,E01032739,City of London 001F,Suspect charged
7519a39a129e5064fd080676e3b3d2efcf28b5037714cdc1779efbc3fae0177f,2026-04,City of London Police,City of London Police,-0.091947,51.513188,On or near Pancras Lane,E01032739,City of London 001F,Suspect charged
bb492dd183717e5dc007ceafdab8ec68b06928a1bb049d9c17314e31de702528,2026-04,City of London Police,City of London Police,-0.091947,51.513188,On or near Pancras Lane,E01032739,City of London 001F,Suspect charged
1d2fae2f3468592869a8a4208811e736be03ee059775edbbe1cefd0f2a9a2d73,2026-04,City of London Police,City of London Police,-0.083349,51.514830,On or near Shopping Area,E01032739,City of London 001F,Unable to prosecute suspect
f3c03fe290227c899868515066c3ce5bac9628fe87417a46c5750bd1cd5958a7,2026-04,City of London Police,City of London Police,,,No location,,,Suspect charged
c42b218a43a69bca6de38269902be4e2f3a3e260f0ffaf9ba12a6ec752744e30,2026-04,City of London Police,City of London Police,-0.081113,51.516869,On or near Bishopsgate,E01032739,City of London 001F,Suspect charged
366c27047b06e72c001aaf8affe8d5ffb6585e332f76152b31c1f8fe5ba0c02f,2026-04,City of London Police,City of London Police,,,No location,,,Suspect charged
73d37681efe126f4b4187949bdd21f49c212159b7793eec2d6c7a3accd7d1dad,2026-04,City of London Police,City of London Police,-0.077070,51.510877,On or near Cooper's Row,E01032739,City of London 001F,Unable to prosecute suspect
b26d82ea4071745dcb741c3d3f6807a3aa86ba4ac4f54f5534c7e39dc1e402e3,2026-04,City of London Police,City of London Police,-0.079196,51.513789,On or near Creechurch Lane,E01032739,City of London 001F,Suspect charged
41277787c72a7c29821d4acc73242f0813ae1258325e0557be087bce29fba309,2026-04,City of London Police,City of London Police,-0.111596,51.518281,On or near Chancery Lane,E01000914,Camden 028B,Unable to prosecute suspect
937b25f115fc8dc5fce2481791fdec038481fd1e8a27e5ccdc278ff8a7916e4f,2026-04,City of London Police,City of London Police,-0.081113,51.516869,On or near Bishopsgate,E01032739,City of London 001F,Investigation complete; no suspect identified
52a869f91b73a9f6dec7990f1699bdc9f7e171610e3986cbeb1d122dd2dce7d5,2026-04,City of London Police,City of London Police,-0.078755,51.518440,On or near Artillery Lane,E01032739,City of London 001F,Suspect charged
f9aaa74a691b7d1324442f010e66bf9e0e3f753cbc451bbc634b4ca02f4c6814,2026-04,City of London Police,City of London Police,-0.072542,51.513100,On or near Further/Higher Educational Building,E01032767,Tower Hamlets 021F,Investigation complete; no suspect identified
acb00282f00bb3c857df7488216f4d14986e07e1a8c2a04473ed97914a77a0e5,2026-04,City of London Police,City of London Police,-0.088785,51.517102,On or near Moorgate,E01032739,City of London 001F,Suspect charged
1de43dcc96cb9cd21cb30e4635e7352695cd63447c99266f75ba7b6f60905a22,2026-04,City of London Police,City of London Police,-0.072542,51.513100,On or near Further/Higher Educational Building,E01032767,Tower Hamlets 021F,Unable to prosecute suspect
6c5835645d9860ac1b678f0ee93f0f1759e87bdc92b16892df3fdfdc917674a0,2026-04,City of London Police,City of London Police,-0.090553,51.518948,On or near Moor Lane,E01000002,City of London 001B,Suspect charged
79056a00b7300d91227c2424c86ab6534b757bbf1bcbc58b65c5576295cd9d1c,2026-04,City of London Police,City of London Police,-0.079521,51.511196,On or near New London Street,E01032739,City of London 001F,Unable to prosecute suspect
d15c0d569d7b8b1aadbbcd1e79d69d2eb67437e7588ccc9c04314c6f07c33d7f,2026-04,City of London Police,City of London Police,-0.082993,51.516360,On or near Wormwood Street,E01032739,City of London 001F,Unable to prosecute suspect
c6cd1a921b5985bdc732ed37816b2d20253cb38663e15dd42a815b3968865b29,2026-04,City of London Police,City of London Police,-0.082993,51.516360,On or near Wormwood Street,E01032739,City of London 001F,Unable to prosecute suspect
45973f82fbfae33fb153d7cbd7ddf71b0194757740f3825337121367ff69f875,2026-04,City of London Police,City of London Police,-0.079521,51.511196,On or near New London Street,E01032739,City of London 001F,Investigation complete; no suspect identified
e0c8dc19af4197cc2503d4feacf7781907ad611d304901f59d9409668d3fb229,2026-04,City of London Police,City of London Police,-0.101359,51.518700,On or near Parking Area,E01032740,City of London 001G,Investigation complete; no suspect identified
eaf1404b2eb2f0d7022fc9d672ebe973991f7fec5ed7b7c2c773e65db86bc027,2026-04,City of London Police,City of London Police,-0.081902,51.517296,On or near Liverpool Street,E01032739,City of London 001F,Suspect charged
276d64f3839883fde957bdb4434ec633ddd3e8e6afdb1de8b3ce505e323d421b,2026-04,City of London Police,City of London Police,-0.101621,51.516906,On or near Giltspur Street,E01032740,City of London 001G,Unable to prosecute suspect
003484cb2a9b97d5d013c00188c69b5e1969093ba26b1de84d28623e0ff9e7b0,2026-04,City of London Police,City of London Police,-0.101359,51.518700,On or near Parking Area,E01032740,City of London 001G,Investigation complete; no suspect identified
55fe1db53519bbc17f397289ed35d215025d49e32cbe017c1b099a473d25c37a,2026-04,City of London Police,City of London Police,-0.081113,51.516869,On or near Bishopsgate,E01032739,City of London 001F,Investigation complete; no suspect identified
b73d80e8fff81a18053b918d558a1537b041abb5b59ef9b1c37d923fcf65edbd,2026-04,City of London Police,City of London Police,,,No location,,,Suspect charged
6e61b2a9b6fa0cdc4f4832ff30645bf3aca857e55af7aa07c39a143b06ef64f5,2026-04,City of London Police,City of London Police,,,No location,,,Unable to prosecute suspect
c612cafdaa1d6d181ed52491ffc9957ca4f75f2cf5e66c73d3132317e6b03441,2026-04,City of London Police,City of London Police,-0.079907,51.517785,On or near Victoria Avenue,E01032739,City of London 001F,Suspect charged
e0de74181f9c60dbf326f1db0fa81b6b276fe45f10906febcc4c411253386f1e,2026-04,City of London Police,City of London Police,-0.100201,51.513286,On or near Dean's Court,E01032739,City of London 001F,Unable to prosecute suspect
bc12d0cc7b6f4d3e735948c4d4b1d18ca2c3b630f68dfd42af3e2fe7b09d63d6,2026-04,City of London Police,City of London Police,-0.091540,51.511896,On or near Cannon Street,E01032739,City of London 001F,Investigation complete; no suspect identified
5cedbde176bf4bb055f422b7096c85566e42468dd0d65f3cb14facc8c516fd0d,2026-04,City of London Police,City of London Police,-0.075401,51.511164,On or near Supermarket,E01000005,City of London 001E,Investigation complete; no suspect identified
7bffd611d69c25744d2e1de903d01a7b998167f9d9e7450721e4a55d985d4e21,2026-04,City of London Police,City of London Police,-0.094070,51.513079,On or near Watling Street,E01032739,City of London 001F,Unable to prosecute suspect
a2f56186bdf6e5ee0be490df4b661e266d5839d98da7d7d3715407ee43855a58,2026-04,City of London Police,City of London Police,-0.081902,51.517296,On or near Liverpool Street,E01032739,City of London 001F,Unable to prosecute suspect
f7965ae5510c44abd11f78d4c3a115d90409985849365004c8589b5958a225e1,2026-04,City of London Police,City of London Police,-0.084836,51.511939,On or near Shopping Area,E01032739,City of London 001F,Suspect charged
cbdd520b25407017781dc1954757d92badfe5ad9d5d7ea77d43fa5ac64024918,2026-04,City of London Police,City of London Police,-0.097291,51.514626,On or near Supermarket,E01032739,City of London 001F,Suspect charged
cf3d69c6489d9c147c36ab437f575365c5f96ea3fe12aee05e20569a0b550f24,2026-04,City of London Police,City of London Police,,,No location,,,Unable to prosecute suspect
f37135a02cbc4405c6034439481360404d4dabe52a060679df33fd499cb799dd,2026-04,City of London Police,City of London Police,-0.085228,51.511190,On or near Talbot Court,E01032739,City of London 001F,Suspect charged
656e6d17ca214c223cac69cc65e34850444949ca2c7abe89c971ac2a29a39825,2026-04,City of London Police,City of London Police,-0.095648,51.521198,On or near Bridgewater Square,E01000003,City of London 001C,Investigation complete; no suspect identified
65acdaa6813b0f8248d395ed2c30f119960427faf42672504b1be27c942eec7b,2026-04,City of London Police,City of London Police,-0.086019,51.513631,On or near Finch Lane,E01032739,City of London 001F,Suspect charged
5e2d90cf1440d25f8e58e1d053acc95daea62ca443f4e26b32e22081cab8075b,2026-04,City of London Police,City of London Police,-0.083977,51.510441,On or near Lovat Lane,E01032739,City of London 001F,Unable to prosecute suspect
1fc30b4b14afd6e9ea8fd17ec32a90d295a79c83940025ed5ce363013fb77b30,2026-04,City of London Police,City of London Police,-0.095830,51.510967,On or near High Timber Street,E01032739,City of London 001F,Unable to prosecute suspect
70a32d58fcefed39c858107bb3f8c46dcc7f15e812e580c75e968f20885f69b3,2026-04,City of London Police,City of London Police,-0.097291,51.514626,On or near Supermarket,E01032739,City of London 001F,Investigation complete; no suspect identified
002523fb4232784130a853a692989b712a4906c6cc5b6e23c6cd167c884f246a,2026-04,City of London Police,City of London Police,-0.066685,51.516866,On or near Plumbers Row,E01035687,Tower Hamlets 021H,Unable to prosecute suspect
6fd2239b50470abb949c7a454df54897f84924a4dcb7d2d70a8f0123adeb0280,2026-04,City of London Police,City of London Police,-0.094070,51.513079,On or near Watling Street,E01032739,City of London 001F,Suspect charged
587dfeb2db4b34effcf5bc1ed7735b4ad7d5356ce3df76cf3a394ce84762d7be,2026-04,City of London Police,City of London Police,-0.094070,51.513079,On or near Watling Street,E01032739,City of London 001F,Suspect charged
3414a38a440f327d8f194c75a1e898d323a88ba8015267540c227f59526b334c,2026-04,City of London Police,City of London Police,-0.079907,51.517785,On or near Victoria Avenue,E01032739,City of London 001F,Unable to prosecute suspect
1313a024fd589fb4220cc871265c59231055699be4ab05e10d1eb4a76b1efaae,2026-04,City of London Police,City of London Police,-0.102726,51.513911,On or near Pageantmaster Court,E01032740,City of London 001G,Suspect charged
1afea105f4d92f25507faeb63e13008520396d8d205ff538316380e583773998,2026-04,City of London Police,City of London Police,-0.081902,51.517296,On or near Liverpool Street,E01032739,City of London 001F,Suspect charged
3f9230bb52ab1c098abf12bf3bb2f21d1d3e6f565fc31bdd8a05e445cb6fbcde,2026-04,City of London Police,City of London Police,,,No location,,,Suspect charged
f4f3640a78b152ec34e3367ea9204130db3348dbdc81111cc43b6e247c3da3c5,2026-04,City of London Police,City of London Police,-0.092531,51.512658,On or near Queen Street,E01032739,City of London 001F,Unable to prosecute suspect
1ad2e95b49c6c2678925e3c0d12d013400614467faa1fe832feaa5d2fc096a58,2026-04,City of London Police,City of London Police,-0.089808,51.517461,On or near London Wall,E01032739,City of London 001F,Unable to prosecute suspect
e57ba80749f461a67062f2f67ec1b0e42b3a8d04233bd4890f902aff5d86ce86,2026-04,City of London Police,City of London Police,-0.084754,51.512882,On or near Corbet Court,E01032739,City of London 001F,Suspect charged
a140a6be45f3154ff4cac0dc4b4dcb522b3f38f58f1a2822d1afb01378f081c2,2026-04,City of London Police,City of London Police,-0.112811,51.512590,On or near Essex Street,E01004735,Westminster 018B,Investigation complete; no suspect identified
4ee0d2246a8eebbff5964bb2bc1b03c0b4d80f371cfccb48f6cc30e33565ac2b,2026-04,City of London Police,City of London Police,-0.076145,51.512642,On or near India Street,E01000005,City of London 001E,Unable to prosecute suspect
5debace7248e8f4edf8d6cc2c919502ea068b9b65c67e71e1bd7410fcae5f564,2026-04,City of London Police,City of London Police,-0.084754,51.512882,On or near Corbet Court,E01032739,City of London 001F,Investigation complete; no suspect identified
8dc1a010137fcf24040a9291b1ed6b429a8420f3b69a564baa8fa5040f158505,2026-04,City of London Police,City of London Police,-0.091947,51.513188,On or near Pancras Lane,E01032739,City of London 001F,Unable to prosecute suspect
94cdd22f5761ad3b603f0979feb87ad6cc459954168d188a2eb4b73da5266cfd,2026-04,City of London Police,City of London Police,-0.077959,51.511332,On or near Crutched Friars,E01032739,City of London 001F,Suspect charged
3ed528ab72a3544c248dcb3dc0daaa052d001447a97c4267fa6f2fe81186a550,2026-04,City of London Police,City of London Police,-0.087772,51.510665,On or near Martin Lane,E01032739,City of London 001F,Unable to prosecute suspect
4d99fc72e243e97e9cfd619b82962967913d5d880802238aab927fc9b1407874,2026-04,City of London Police,City of London Police,-0.085228,51.511190,On or near Talbot Court,E01032739,City of London 001F,Suspect charged
8a865a6fdc04711898d7f031afe40987589d3c3ccb85549fe2c28c330826e024,2026-04,City of London Police,City of London Police,-0.107201,51.514092,On or near Conference/Exhibition Centre,E01032740,City of London 001G,Unable to prosecute suspect
c45af8edbf30cfccd52528ae88d27707d3da25fa76f8b410dc12d5ce7756bb2b,2026-04,City of London Police,City of London Police,-0.082993,51.516360,On or near Wormwood Street,E01032739,City of London 001F,Investigation complete; no suspect identified
e89e817c914595ee96218f9fce2b2462b3e4bd0273bdb88b785c03f85e82402d,2026-04,City of London Police,City of London Police,-0.090553,51.518948,On or near Moor Lane,E01000002,City of London 001B,Unable to prosecute suspect
cbcedd3a939852d10d9872bcde4c1616f45fdf15a38e6a8a1b952c6bec81ce06,2026-04,City of London Police,City of London Police,-0.101906,51.511794,On or near Theatre/Concert Hall,E01032739,City of London 001F,Unable to prosecute suspect
5985dd20f38cfdf723633349cf3ec7e4c5b63f27cf4a14dc7ecbb0e7fd3fe72c,2026-04,City of London Police,City of London Police,-0.087772,51.510665,On or near Martin Lane,E01032739,City of London 001F,Investigation complete; no suspect identified
2c447c548ba62549ce7363fe05c4ea7297eb426a57a6e0a47f6a4e1c2a3220b9,2026-04,City of London Police,City of London Police,-0.078839,51.515753,On or near Cutler Street,E01000005,City of London 001E,Suspect charged
9e5f80b04d434530df945c2865a9ed444c1b0d399e4476e2e0ce252204148ace,2026-04,City of London Police,City of London Police,-0.097291,51.514626,On or near Supermarket,E01032739,City of London 001F,Investigation complete; no suspect identified
1912a1648c231fc3ded1fcaece10b487506b677b6eb1f7460a4ffcbc6208834a,2026-04,City of London Police,City of London Police,-0.078755,51.518440,On or near Artillery Lane,E01032739,City of London 001F,Suspect charged
6ca165f83e7b5f1c4f2f2e3bf6363313af570fd65e409f7711abac502415fe1a,2026-04,City of London Police,City of London Police,-0.110474,51.517193,On or near Furnival Street,E01032740,City of London 001G,Investigation complete; no suspect identified
582d8c0f07791305b9231e59361bbbf9a25cf5a226882a0889024c1a1c58ef3b,2026-04,City of London Police,City of London Police,-0.087873,51.516503,On or near Langthorn Court,E01032739,City of London 001F,Unable to prosecute suspect
70a762e476596b6ad94b23c378d075af595d82f4df4e542e91be11617b23bba4,2026-04,City of London Police,City of London Police,-0.095648,51.521198,On or near Bridgewater Square,E01000003,City of London 001C,Unable to prosecute suspect
408846d12b6f6cb86c517f1848ab9e14792310a2cea8192336352a6d44f0e457,2026-04,City of London Police,City of London Police,,,No location,,,Suspect charged
157b2b5c515575c9365ee73fc9dc1460eb1e9b7663219ad8ebf458a754790549,2026-04,City of London Police,City of London Police,-0.109387,51.513839,On or near Old Mitre Court,E01032740,City of London 001G,Unable to prosecute suspect
9b6bd5d82446068c6078bfaf8f0f527b421477714170a76731ecdc3359c7b677,2026-04,City of London Police,City of London Police,-0.095764,51.512549,On or near Friday Street,E01032739,City of London 001F,Investigation complete; no suspect identified
13d585f198c71b15cdd0353dc9c9dbb28c76a08c38688d45f804248eca8fb601,2026-04,City of London Police,City of London Police,-0.083977,51.510441,On or near Lovat Lane,E01032739,City of London 001F,Suspect charged
9232e3e81ebf5ffa37c897387f5de79d668b1d6a9a9cd4e8aaf90233507af86e,2026-04,City of London Police,City of London Police,,,No location,,,Unable to prosecute suspect
a5b9d93cc4685e29a039722ef57ba17ecaa74e910e61e516ab86517e9f3a4b0c,2026-04,City of London Police,City of London Police,-0.076145,51.512642,On or near India Street,E01000005,City of London 001E,Investigation complete; no suspect identified
6bd41ea2d16362ecfb9489ae2bfe40340baf4b45cad3052ca361151d7efc6de7,2026-04,City of London Police,City of London Police,-0.083977,51.510441,On or near Lovat Lane,E01032739,City of London 001F,Suspect charged
b96686074c9b8fa593343681abaab652850c9fe2cf26a1fc0983607c8559edd6,2026-04,City of London Police,City of London Police,-0.081643,51.510070,On or near Great Tower Street,E01032739,City of London 001F,Unable to prosecute suspect
afde89de7953e7605d7250dcdddea4b86d0cf02ab7105b689014ad9acec1841e,2026-04,City of London Police,City of London Police,-0.094900,51.513209,On or near Bread Street,E01032739,City of London 001F,Unable to prosecute suspect
5fac1e33563d785c861dd1432470258a7437fc08e102deb575263a991b0ecb4d,2026-04,City of London Police,City of London Police,-0.095924,51.513882,On or near Shopping Area,E01032739,City of London 001F,Investigation complete; no suspect identified
29b7311db8b3c113db98293931dfe80190d70857c7dbfa5dfeddc368cbd3eae2,2026-04,City of London Police,City of London Police,-0.074330,51.513647,On or near Little Somerset Street,E01000005,City of London 001E,Suspect charged
bb8d4602a744197bbb5dc35f8799dbaeed084578e2fa96dd14aa3548e708c754,2026-04,City of London Police,City of London Police,-0.076145,51.512642,On or near India Street,E01000005,City of London 001E,Unable to prosecute suspect
2a6ff4e4efd3cb5654c110e9c21e2df88e729440457f9f6267584b36b2eec614,2026-04,City of London Police,City of London Police,-0.101589,51.513515,On or near Ludgate Square,E01032739,City of London 001F,Unable to prosecute suspect
04e4c6aae8b242e18c690253e9bbd6426c405168abc1e5617209adac404a898a,2026-04,City of London Police,City of London Police,-0.097078,51.519045,On or near A1,E01000001,City of London 001A,Investigation complete; no suspect identified
ed809145343f9e7aa2cc59ed81b17d43902ddf3edddd4749ad2a41c9d4cc7a9a,2026-04,City of London Police,City of London Police,,,No location,,,Suspect charged
c5fdde302f9c79effc95d5ac66f57b80dc4b9bdf54bed9431e054185d2368654,2026-04,City of London Police,City of London Police,-0.076145,51.512642,On or near India Street,E01000005,City of London 001E,Suspect charged
e4cda468e9175c25dc2f53b916ab2a339ee8a72f407d3da354225090f0397ca0,2026-04,City of London Police,City of London Police,-0.086815,51.517007,On or near Circus Place,E01032739,City of London 001F,Suspect charged
aa6b4095f562d6243f90b6ebcb3ee3ce73c9c316b8fe64ba0e7d8e593a754e20,2026-04,City of London Police,City of London Police,-0.091410,51.510167,On or near Cousin Lane,E01032739,City of London 001F,Unable to prosecute suspect
475f1a543780784c059edadc1b26fb39f557969e71757e5931c83a7002855bb7,2026-04,City of London Police,City of London Police,-0.084836,51.511939,On or near Shopping Area,E01032739,City of London 001F,Investigation complete; no suspect identified
a23603a01ab068f6d3402a0ae936e6f00f6fa030cafe5fca58c3ce6d48e0c05e,2026-04,City of London Police,City of London Police,-0.110474,51.517193,On or near Furnival Street,E01032740,City of London 001G,Investigation complete; no suspect identified
e88bf12770d7a2fa7cb1a9b08ebc4c5a64662c67b4707351f69aa594506d1ce6,2026-04,City of London Police,City of London Police,-0.088785,51.517102,On or near Moorgate,E01032739,City of London 001F,Suspect charged
1a7f42dec77229659bc24280cb8e862581ce8e376d201d08bc8e8282a125d868,2026-04,City of London Police,City of London Police,-0.097706,51.522652,On or near Goswell Road,E01000003,City of London 001C,Unable to prosecute suspect
3af596a1508d3126554b2253e022d3dcfe3b1c15bd24257babdd3fa2797d49d3,2026-04,City of London Police,City of London Police,-0.101621,51.516906,On or near Giltspur Street,E01032740,City of London 001G,Suspect charged
910fd4fe7519d2541e8ec60d26f64a93508d25f1109f0a3277d8129277c8424e,2026-04,City of London Police,City of London Police,-0.101621,51.516906,On or near Giltspur Street,E01032740,City of London 001G,Suspect charged
910fd4fe7519d2541e8ec60d26f64a93508d25f1109f0a3277d8129277c8424e,2026-04,City of London Police,City of London Police,-0.101621,51.516906,On or near Giltspur Street,E01032740,City of London 001G,Suspect charged
088ec8355d96229331b75cb07f101b0fd3e9e7dc2923944f325ce9603d090cd9,2026-04,City of London Police,City of London Police,-0.107682,51.517786,On or near B521,E01000917,Camden 027C,Investigation complete; no suspect identified
434c5d0e467b168abdd9a2894d07235a705ff2e4601e0ee855b075270bbc4c87,2026-04,City of London Police,City of London Police,-0.095758,51.521667,On or near Fann Street,E01000003,City of London 001C,Investigation complete; no suspect identified
61241078836ea0f5dc23e3f28f40c73d4f121c31e69472e9928feeec294c9092,2026-04,City of London Police,City of London Police,-0.111567,51.513757,On or near Middle Temple Lane,E01004735,Westminster 018B,Suspect charged
ac41ae0433baedc6eb024b0e5eb4b59f0ff5c54fda0c4ec43db162d46ba28ecf,2026-04,City of London Police,City of London Police,-0.095224,51.513736,On or near Shopping Area,E01032739,City of London 001F,Unable to prosecute suspect
136319c31adb6c3c598ad024d4fb92913956c5cc13accf95926b3ce1cda9c03f,2026-04,City of London Police,City of London Police,-0.108027,51.511884,On or near Temple Avenue,E01032740,City of London 001G,Investigation complete; no suspect identified
ccae6699a3f8840699c2645c5689bb77803f80c8453e044c071f8ec2d448bb01,2026-04,City of London Police,City of London Police,-0.111596,51.518281,On or near Chancery Lane,E01000914,Camden 028B,Investigation complete; no suspect identified
6d9b95aff56f1212cbbd1c560b4ef5f3bec3cc4e1b588438ca374aad803b04cd,2026-04,City of London Police,City of London Police,-0.089808,51.517461,On or near London Wall,E01032739,City of London 001F,Suspect charged
c8c0de6b2a6900892bdcc2442e762984213044b6fc5d48d260a830e6ed97af24,2026-04,City of London Police,City of London Police,-0.081643,51.510070,On or near Great Tower Street,E01032739,City of London 001F,Unable to prosecute suspect
ce2b0aa978a3e1a18da529fa64794dc41009fbdbc43107a4e547d05202d0d6ac,2026-04,City of London Police,City of London Police,-0.084754,51.512882,On or near Corbet Court,E01032739,City of London 001F,Investigation complete; no suspect identified
4b068c17b80af51b389e8914dd017caea1f7975f6bd1c4a952df653190ca4aa2,2026-04,City of London Police,City of London Police,-2.249565,51.862369,On or near Southgate Street,E01034792,Gloucester 004H,Suspect charged
474e06700301ef358186d7fb87d05df3997fd189d95c4aec41d00d6b13ecdd3f,2026-04,City of London Police,City of London Police,-0.111596,51.518281,On or near Chancery Lane,E01000914,Camden 028B,Investigation complete; no suspect identified
a50860d74826f08624ea29931315cffc90fd24d78e930cca90e79875682487f2,2026-04,City of London Police,City of London Police,-0.104980,51.512033,On or near Kingscote Street,E01032740,City of London 001G,Unable to prosecute suspect
8f60829a346024e384e6fe7bfab5763c70f419222e2ecbfd0febe0660cf62166,2026-04,City of London Police,City of London Police,-0.104980,51.512033,On or near Kingscote Street,E01032740,City of London 001G,Investigation complete; no suspect identified
d8e388263dc9f624c0ac154828a30122d8857f554e1d37bfaeaa7a3ce824cc7c,2026-04,City of London Police,City of London Police,-0.081643,51.510070,On or near Great Tower Street,E01032739,City of London 001F,Investigation complete; no suspect identified
e54648c476fd2087ca7f0a5ab6b3be549b979036c5f6ae4d74b0f35eb6cd289b,2026-04,City of London Police,City of London Police,-0.077959,51.511332,On or near Crutched Friars,E01032739,City of London 001F,Investigation complete; no suspect identified
0c0ce50ba565932f940785304a0fd3a1f47fcf1646bb8bc10757af08425873c1,2026-04,City of London Police,City of London Police,-0.074925,51.514924,On or near St Botolph Street,E01000005,City of London 001E,Unable to prosecute suspect
677771503e07f4ca68fc3c4c5576b1e91314f44cc99e04daab0637fdd6fc8031,2026-04,City of London Police,City of London Police,-0.084910,51.512588,On or near Bell Inn Yard,E01032739,City of London 001F,Investigation complete; no suspect identified
9c5a3a5ddc55980d9051e9bc5bfacb2a9164abdb1d54def2a863616a414dd0e2,2026-04,City of London Police,City of London Police,-0.081643,51.510070,On or near Great Tower Street,E01032739,City of London 001F,Investigation complete; no suspect identified
dd43911f353d1dac6108594897a601720706383fd6a62c48c75f35ddc47774b6,2026-04,City of London Police,City of London Police,-0.090553,51.518948,On or near Moor Lane,E01000002,City of London 001B,Investigation complete; no suspect identified
5f57a0b3675bea0e1ec9864623e56aeb80885fa4bde0676110379a48f0b7d0ba,2026-04,City of London Police,City of London Police,-0.080448,51.520689,On or near Primrose Street,E01032739,City of London 001F,Unable to prosecute suspect
bbe9103cf220bf72aa89e93296a5130eee33629ccd693d2f6fd59a713abcd193,2026-04,City of London Police,City of London Police,-0.086019,51.513631,On or near Finch Lane,E01032739,City of London 001F,Investigation complete; no suspect identified
287401b075044b17777f1eec95e43bf9fba7f0b2667c78ca009ac2f3a6139da6,2026-04,City of London Police,City of London Police,-0.083977,51.510441,On or near Lovat Lane,E01032739,City of London 001F,Investigation complete; no suspect identified
a9c3ac3cfdd9cb1a690297a71defbbfddb43abf122ea0d37b98aa1c84983ad8d,2026-04,City of London Police,City of London Police,-0.081113,51.516869,On or near Bishopsgate,E01032739,City of London 001F,Investigation complete; no suspect identified
e7400ea8a3cf139fe79b3a1eaaa59df603cf22b2f38a7a6612648dd1c53d138c,2026-04,City of London Police,City of London Police,-0.092633,51.509872,On or near Bell Wharf Lane,E01032739,City of London 001F,Investigation complete; no suspect identified
0dd5d320bb37fd1b5e2abd516561101deecc50b8c1e2f24e76a888156f2d94fd,2026-04,City of London Police,City of London Police,,,No location,,,Investigation complete; no suspect identified
adeba69c8ee69edb11460875933450b771b3d219ac5c35c8d60fa35270a539f2,2026-04,City of London Police,City of London Police,-0.073704,51.511748,On or near Portsoken Street,E01000005,City of London 001E,Investigation complete; no suspect identified
d76c9648980f8c5463251dd2ec11337fa9731ece5ba4728795485e90b3392b06,2026-04,City of London Police,City of London Police,-0.084844,51.510725,On or near Eastcheap,E01032739,City of London 001F,Investigation complete; no suspect identified
a7425cbd7672f2a90c3e1fbe3bb37ed2f1579290419adf5dff8cd6552b153813,2026-04,City of London Police,City of London Police,-0.078495,51.517770,On or near Further/Higher Educational Building,E01032739,City of London 001F,Investigation complete; no suspect identified
d9a10d27da9ece3840ac4fe91cba1eaf8a8695eecf4ade126fd3190818422673,2026-04,City of London Police,City of London Police,-0.095924,51.513882,On or near Shopping Area,E01032739,City of London 001F,Suspect charged
6388a3cbaf7ed41e949fe5dfceb243b6faf070c2d6fb9d20e107378621808e96,2026-04,City of London Police,City of London Police,-0.089208,51.509744,On or near Angel Lane,E01032739,City of London 001F,Investigation complete; no suspect identified
ca3faefc28e2ad6ab3fd46d289c0006c5ab1e8c65502d70a039f6fe37c676435,2026-04,City of London Police,City of London Police,-0.102812,51.517051,On or near Police Station,E01032740,City of London 001G,Investigation complete; no suspect identified
18031777e42aa370a1a4500099ab7e9a5006f4927a7c2ed3d8855d37054456b6,2026-04,City of London Police,City of London Police,-0.086019,51.513631,On or near Finch Lane,E01032739,City of London 001F,Suspect charged
13888cf5d157fe9020e0e4ae4b31dc34d8701832b6bf30f22f6f4e01c44549d4,2026-04,City of London Police,City of London Police,-0.095924,51.513882,On or near Shopping Area,E01032739,City of London 001F,Investigation complete; no suspect identified
8d6fe4915f9ed7f7baf8a559dbc3cd26636af0e922ae70cfc6ef95e23d78254e,2026-04,City of London Police,City of London Police,-0.095924,51.513882,On or near Shopping Area,E01032739,City of London 001F,Investigation complete; no suspect identified
ac4b468e053e6a63ad756a84047e8770ee6a1f76018ce3ed36fa02bbd7ca0b8b,2026-04,City of London Police,City of London Police,-0.099803,51.519026,On or near Cloth Fair,E01032740,City of London 001G,Investigation complete; no suspect identified
1d172f45628529393a45a3eb2260029922bdddd2391d329e2715bd3e5d162ab6,2026-04,City of London Police,City of London Police,,,No location,,,Suspect charged
825c29dde9abd73e732430c03dc36ceb3c9a57aff03b83c30852800a74cd2990,2026-04,City of London Police,City of London Police,-0.096984,51.522426,On or near Sports/Recreation Area,E01000003,City of London 001C,Investigation complete; no suspect identified
a69e9d591e0d73b4948731e1f8b884d8e1e9f1b35f39e534bd002c3f31708040,2026-04,City of London Police,City of London Police,-0.090553,51.518948,On or near Moor Lane,E01000002,City of London 001B,Investigation complete; no suspect identified
99de535570cde00e7259bec515519af31e8cea439852022e2515e58651cbab6f,2026-04,City of London Police,City of London Police,-0.079883,51.517326,On or near New Street,E01032739,City of London 001F,Suspect charged
f39e074bf4a9a6049e6b5c37d4e43bc3ea237c12c8a46dc0de2b2a1f1fe78ce3,2026-04,City of London Police,City of London Police,-0.081512,51.518692,On or near London Liverpool Street,E01032739,City of London 001F,Investigation complete; no suspect identified
1efe01c98a4ee8a3f5d0e24b9a4d60b4701635030cba7009ba7725d93981e647,2026-04,City of London Police,City of London Police,-0.094070,51.513079,On or near Watling Street,E01032739,City of London 001F,Unable to prosecute suspect
5dd177b119a5f5cc6b0d313edf9a631de6c677739cee52de13b871e25e980067,2026-04,City of London Police,City of London Police,,,No location,,,Formal action is not in the public interest
56cdda3862d2c07a141b591a989fd3a090bab5cbf958a7fc816402ae23a0c602,2026-04,City of London Police,City of London Police,-0.084910,51.512588,On or near Bell Inn Yard,E01032739,City of London 001F,Investigation complete; no suspect identified
6901a8970b1835a35ac992dad0b0945aff465e70793ff960f9797f8f5d20a875,2026-04,City of London Police,City of London Police,-0.079138,51.508312,On or near Lower Thames Street,E01032739,City of London 001F,Investigation complete; no suspect identified
b95d4fe3d7dcb912c3fad436d3fc48bb7f29c877b5c8acdbe4b63c43f1c11168,2026-04,City of London Police,City of London Police,-0.079138,51.508312,On or near Lower Thames Street,E01032739,City of London 001F,Investigation complete; no suspect identified
91086f4f1f21b972fa13460f1b47eab1c421b8e24f57f7d983d22ff130cad75b,2026-04,City of London Police,City of London Police,-0.079138,51.508312,On or near Lower Thames Street,E01032739,City of London 001F,Investigation complete; no suspect identified
3b589a757a80c3002036e4320187aadc58c6d96e2edd842df1f4509a64ad2aa7,2026-04,City of London Police,City of London Police,,,No location,,,Suspect charged
11f9fd4e1466a8df56da44ba487c9a1bba7664fac5e0107336439077cdccd26e,2026-04,City of London Police,City of London Police,-0.082133,51.515222,On or near St Helen's Place,E01032739,City of London 001F,Investigation complete; no suspect identified
467e948eaf4a190f176ddfc8cdac4e09f843c5b24d5f395d549cf1442a1ac2aa,2026-04,City of London Police,City of London Police,-0.078424,51.518093,On or near Widegate Street,E01032739,City of London 001F,Investigation complete; no suspect identified
2cd38b2cda5e6dcc2a825dcfa6b28046dffa9b6ba552c424ae50d1f315f19a22,2026-04,City of London Police,City of London Police,-0.079138,51.508312,On or near Lower Thames Street,E01032739,City of London 001F,Investigation complete; no suspect identified
e35e804f36a30bf239aae63b1116201da61acc5c524dd59b2db3b8a3986ecb52,2026-04,City of London Police,City of London Police,-0.104980,51.512033,On or near Kingscote Street,E01032740,City of London 001G,Unable to prosecute suspect
aa369f01ed55bdacdeb418a864cb292f995edf6df0d75ad3334ea9efcc50ff58,2026-04,City of London Police,City of London Police,-0.104980,51.512033,On or near Kingscote Street,E01032740,City of London 001G,Unable to prosecute suspect
ed9201b3090c9dc48d2a5d5dbc11b6096366fb8abbaa94fc8fab7900d15d8e16,2026-04,City of London Police,City of London Police,-0.092488,51.520598,On or near Silk Street,E01000002,City of London 001B,Unable to prosecute suspect
e6ace4c77ee217ba42b1dbb14cb47207ef0e69d636a05642730b872b2181c8e0,2026-04,City of London Police,City of London Police,-0.080365,51.508943,On or near Parking Area,E01032739,City of London 001F,Investigation complete; no suspect identified
647809988fc02692bc26b12d46c862247f2c062173010d1736dad9fd1689c00d,2026-04,City of London Police,City of London Police,-0.086815,51.517007,On or near Circus Place,E01032739,City of London 001F,Investigation complete; no suspect identified
e42af97d4a07d3465de0185763882400673bdf84b023d814c715387296913503,2026-04,City of London Police,City of London Police,-0.094070,51.513079,On or near Watling Street,E01032739,City of London 001F,Investigation complete; no suspect identified
19e0ab2c5e404ab4e0788f4e1444dc7adf8fd304d64f70b2b743a7665926fb72,2026-04,City of London Police,City of London Police,,,No location,,,Unable to prosecute suspect
f1bc73c79f94c1863145961c27db4a544e31d4fd71537c253dcd54d07c76068d,2026-04,City of London Police,City of London Police,-0.084836,51.511939,On or near Shopping Area,E01032739,City of London 001F,Investigation complete; no suspect identified
5f9c3e0a94b3f37ddf62d21b0893d8e4147e98ea014812d2f28c86cf5d89b7e0,2026-04,City of London Police,City of London Police,-0.105131,51.513941,On or near Bride Lane,E01032740,City of London 001G,Investigation complete; no suspect identified
88e4911481a5b68ce17d03c7b0d71b6e2911a0acee583882b3d894385c1c1d0e,2026-04,City of London Police,City of London Police,-0.097291,51.514626,On or near Supermarket,E01032739,City of London 001F,Investigation complete; no suspect identified
8fb558c0d6a29de05c4ab70a906089a78a71be4d7a75c7a8568be6457eb2e3fd,2026-04,City of London Police,City of London Police,-0.105131,51.513941,On or near Bride Lane,E01032740,City of London 001G,Investigation complete; no suspect identified
16da4c7abe1554f89f7f1f9b413e33d63387125ce28ffad951fdc3755b59924b,2026-04,City of London Police,City of London Police,-0.084844,51.509700,On or near Monument Street,E01032739,City of London 001F,Investigation complete; no suspect identified
27bbe6d83c603be52c41c551acf041e2d96304298bf5946c121593e3f9174981,2026-04,City of London Police,City of London Police,-0.081113,51.516869,On or near Bishopsgate,E01032739,City of London 001F,Unable to prosecute suspect
f9a55a06e33642c83039baab639780203c57cdec96ca1b6ccdb0eaa6dad6898f,2026-04,City of London Police,City of London Police,-0.081113,51.516869,On or near Bishopsgate,E01032739,City of London 001F,Investigation complete; no suspect identified
2e4e46ec60ffcb4a6d4c41dda686890e9b8375569a25da59f0be2dc07d3ead54,2026-04,City of London Police,City of London Police,-0.202115,51.480541,On or near Palace Mews,E01001882,Hammersmith and Fulham 017C,Investigation complete; no suspect identified
ad5c0c8706a84dff69a613ff9bf7b6cf3ada33e718c1a7b1fdec2faad5c8d727,2026-04,City of London Police,City of London Police,-0.081643,51.510070,On or near Great Tower Street,E01032739,City of London 001F,Investigation complete; no suspect identified
cf1697bc2f4a173d608971844ad39572e714df70f49b66b86feb576f3ab975c6,2026-04,City of London Police,City of London Police,-0.090553,51.518948,On or near Moor Lane,E01000002,City of London 001B,Investigation complete; no suspect identified
09e7782b1a3086968ecc19fcb15be52c07a54ff807aa71cd4c803f38e19a01fe,2026-04,City of London Police,City of London Police,-0.086019,51.513631,On or near Finch Lane,E01032739,City of London 001F,Investigation complete; no suspect identified
411ac496ff28b4cf91c07b7cc5079b78f6731eeb5fff48c75d0588b0e03d990d,2026-04,City of London Police,City of London Police,-0.101359,51.518700,On or near Parking Area,E01032740,City of London 001G,Investigation complete; no suspect identified
a6c00b18104d791dfc5e83a325f67e09993b064003eb3f9ceaf9ff9710b1c59b,2026-04,City of London Police,City of London Police,-0.104980,51.512033,On or near Kingscote Street,E01032740,City of London 001G,Unable to prosecute suspect
3821313999daa292f0b422b5e925d35d13218c5d853374703a1724d4da75a944,2026-04,City of London Police,City of London Police,-0.091540,51.511896,On or near Cannon Street,E01032739,City of London 001F,Suspect charged
3d11e4d499829203cfacfd614a1f72e224cb8372f5f189c7aaf78b90ec2617ac,2026-04,City of London Police,City of London Police,-0.083977,51.510441,On or near Lovat Lane,E01032739,City of London 001F,Investigation complete; no suspect identified
627152d3a5a2238583b27ec61128c1ac531c42364c4dcd5b9e8f6575655a71b1,2026-04,City of London Police,City of London Police,-0.104980,51.512033,On or near Kingscote Street,E01032740,City of London 001G,Investigation complete; no suspect identified
c492546e8f645493a7e59a1c0e047ddf07bf816ee505713f72ef9539b07d1c0c,2026-04,City of London Police,City of London Police,,,No location,,,Investigation complete; no suspect identified
995016418aeea63974886f9a47a34a68dd88a9cc1792470fe55cacc73f7638af,2026-04,City of London Police,City of London Police,-0.093339,51.511557,On or near Conference/Exhibition Centre,E01032739,City of London 001F,Investigation complete; no suspect identified
e59510a7bb6ae07b05648143e63f25bc5140b726f321b61b1e1cb648bccb37f7,2026-04,City of London Police,City of London Police,-0.091540,51.511896,On or near Cannon Street,E01032739,City of London 001F,Investigation complete; no suspect identified
e3a953072cc5317cfe2586dc74b53321142cb7d96929ff83a455a15ae0f5cb13,2026-04,City of London Police,City of London Police,-0.077511,51.515812,On or near Artizan Street,E01000005,City of London 001E,Investigation complete; no suspect identified
0187f5c0f394e5e9ebd967f16d43bd950602c24978f3cdbe27fd13b1a3377072,2026-04,City of London Police,City of London Police,-0.100201,51.513286,On or near Dean's Court,E01032739,City of London 001F,Investigation complete; no suspect identified
ff03ad26b1c23b51aaf1056dcf8738e8139d6392681c22843220ecb3b73d873e,2026-04,City of London Police,City of London Police,-0.081902,51.517296,On or near Liverpool Street,E01032739,City of London 001F,Investigation complete; no suspect identified
7b8fe7eac1a5af44b7757e3bb3f92dd36c3e9c806a70f1970ee208580f2ca966,2026-04,City of London Police,City of London Police,-0.081902,51.517296,On or near Liverpool Street,E01032739,City of London 001F,Investigation complete; no suspect identified
03717c1d19cbd8c38082485402aa8049e4d637fbb4980b5f26339f8ed425c002,2026-04,City of London Police,City of London Police,-0.082993,51.516360,On or near Wormwood Street,E01032739,City of London 001F,Suspect charged
a7dcdf21dc9ca3c671cef43a4f63a4fd14f50c3f0011a0770f92318e161612b1,2026-04,City of London Police,City of London Police,,,No location,,,Investigation complete; no suspect identified
0633925d06c49b08d399e457a510cd2363ef5741cd875f98242d36a389b2002f,2026-04,City of London Police,City of London Police,-0.090798,51.510328,On or near London Cannon Street,E01032739,City of London 001F,Investigation complete; no suspect identified
e8944d2506928ed141629a0d98630973e9088e44deb4de7c4b515507dbdf885c,2026-04,City of London Police,City of London Police,-0.094130,51.519961,On or near Theatre/Concert Hall,E01000002,City of London 001B,Investigation complete; no suspect identified
2369dc5b6985d3dbafdef40076b222a307d28cbe7ad69471c49f3dda3f51e6b1,2026-04,City of London Police,City of London Police,-0.094130,51.519961,On or near Theatre/Concert Hall,E01000002,City of London 001B,Investigation complete; no suspect identified
9e5f14f83b9a2e64fe5703383fd099580df5d3267f4078a6e5ba29bed1a5736e,2026-04,City of London Police,City of London Police,-0.079883,51.517326,On or near New Street,E01032739,City of London 001F,Unable to prosecute suspect
06084c43b9ec69b06caa6d5bd7b07873324cd1e212228dd6592fe1a1755d160b,2026-04,City of London Police,City of London Police,-0.085089,51.512105,On or near Gracechurch Street,E01032739,City of London 001F,Investigation complete; no suspect identified
1bcaf93bdc5027bddd092c3d6aaf56d52bbd6dcee2ef1454fea2a88168f431b3,2026-04,City of London Police,City of London Police,,,No location,,,Local resolution
621ebe880e1ff2cf003693574a19dfe4eaf29311c89a6449557b0ff7a19bcd57,2026-04,City of London Police,City of London Police,-0.079907,51.517785,On or near Victoria Avenue,E01032739,City of London 001F,Unable to prosecute suspect
c828da22944d5f7494f607f999b344fbcaa5e8fa4119a5c7be5e789752b0c8c8,2026-04,City of London Police,City of London Police,-0.079521,51.511196,On or near New London Street,E01032739,City of London 001F,Investigation complete; no suspect identified
3cdbb816d9eba103e986655fd4559a4fa2c08e57fdb5d03de700de9a2e5d7da0,2026-04,City of London Police,City of London Police,-0.092971,51.516271,On or near Aldermanbury,E01000002,City of London 001B,Unable to prosecute suspect
75a8903a0f44798d8711c07850bbe945de17d57c3df3beb1ee455cfcb6f34ee5,2026-04,City of London Police,City of London Police,-0.091947,51.513188,On or near Pancras Lane,E01032739,City of London 001F,Investigation complete; no suspect identified
1f6e65460d192d177a728c97ee7809ae49cb5277adff8ef55485022ea72ced19,2026-04,City of London Police,City of London Police,-0.087157,51.512624,On or near Lombard Street,E01032739,City of London 001F,Investigation complete; no suspect identified
3a132c1e3927d469e7155c83163466f352e0308131372e66604314a956c2d554,2026-04,City of London Police,City of London Police,-0.102732,51.513426,On or near Ludgate Broadway,E01032739,City of London 001F,Suspect charged
4bdd09d628a6aaa9f02de77740f8f457aa711f8b6b149c6194720cf21b61d341,2026-04,City of London Police,City of London Police,-0.091540,51.511896,On or near Cannon Street,E01032739,City of London 001F,Investigation complete; no suspect identified
b43575c72aac7672673fef5e1546cdfa5ba53c1bde0517b106c6603972f41776,2026-04,City of London Police,City of London Police,-0.095924,51.513882,On or near Shopping Area,E01032739,City of London 001F,Investigation complete; no suspect identified
49a15503a2ad35bddcac98bab7fa47e479a50f4e1b422a1b32d14566d7cb4aed,2026-04,City of London Police,City of London Police,-0.076145,51.512642,On or near India Street,E01000005,City of London 001E,Investigation complete; no suspect identified
3297c0626b4d17a73d8c761a71afa542c86c9964b80b7c0629ab8f93e1804a22,2026-04,City of London Police,City of London Police,-0.075080,51.512625,On or near St Clare Street,E01000005,City of London 001E,Investigation complete; no suspect identified
f02915956667b8a6a6dbd8ed6e35acc9a4ca4aa43d05d3feddff7d5d18468fe2,2026-04,City of London Police,City of London Police,,,No location,,,Investigation complete; no suspect identified
b94cab3108a5697eb4d277736f1211ebae41e90907c72b6a828e11c6f50ab9a8,2026-04,City of London Police,City of London Police,-0.079907,51.517785,On or near Victoria Avenue,E01032739,City of London 001F,Local resolution
e5afa31b8a0738f3a4805330e3b460d75b2bb549c6ca4a8e28f81c998d2dae37,2026-04,City of London Police,City of London Police,-0.104980,51.512033,On or near Kingscote Street,E01032740,City of London 001G,Investigation complete; no suspect identified
a5c08654abd1a4034ca6be2f10caaa2323275c70139b4030c92f6281c83e201f,2026-04,City of London Police,City of London Police,-0.074330,51.513647,On or near Little Somerset Street,E01000005,City of London 001E,Unable to prosecute suspect
32dd1985d44cde44c70512d90fd61b67a7d6b1dff86495e150a1084616335bd1,2026-04,City of London Police,City of London Police,-0.086019,51.513631,On or near Finch Lane,E01032739,City of London 001F,Unable to prosecute suspect
9fd0231bb3476b29575ffa1acbb0e9a987cf9747905a96d32d3ae509d93dd6e5,2026-04,City of London Police,City of London Police,-0.081643,51.510070,On or near Great Tower Street,E01032739,City of London 001F,Unable to prosecute suspect
1d882d8b4499d74aaa3f26e582958a5ff489220d3a5c9d3fadeba1667561e826,2026-04,City of London Police,City of London Police,-0.108027,51.511884,On or near Temple Avenue,E01032740,City of London 001G,Suspect charged
84c635c91f63a691ac55c5caf06f3a1ddaf8eae6cd25483056bcadb4e68f6663,2026-04,City of London Police,City of London Police,-0.088903,51.510836,On or near Laurence Pountney Hill,E01032739,City of London 001F,Unable to prosecute suspect
58e36cb94686b91b29c15ccb2a84cc1b66431c4d1531e9d6795f31190229d7fd,2026-04,City of London Police,City of London Police,-0.075080,51.512625,On or near St Clare Street,E01000005,City of London 001E,Suspect charged
125e6fb779e8bb9d04758286d7fa441687bf43b056ca9ec10aeac5051206e0fe,2026-04,City of London Police,City of London Police,-0.077511,51.515812,On or near Artizan Street,E01000005,City of London 001E,Investigation complete; no suspect identified
05b9459d4cbeefb4392b01e99ed3a2fc0bcd0fdbf8476d196add1f4f153537da,2026-04,City of London Police,City of London Police,-0.101393,51.512685,On or near St Andrew's Hill,E01032739,City of London 001F,Investigation complete; no suspect identified
d1e17a81f5a0fbd508e178b5dac075262685d57f7f272900b2be74b01202272c,2026-04,City of London Police,City of London Police,-0.102812,51.517051,On or near Police Station,E01032740,City of London 001G,Investigation complete; no suspect identified
8b34c66479b174e51087bc9cff7b6ba2de41fca75357a1b71cccb3664f86df24,2026-04,City of London Police,City of London Police,-0.078278,51.513666,On or near Mitre Street,E01032739,City of London 001F,Unable to prosecute suspect
3d2f4d1be48fd1ebf6a4b035c95ff1c7530852da7ad4a091991e119b53242da8,2026-04,City of London Police,City of London Police,-0.090648,51.520127,On or near Milton Court,E01000002,City of London 001B,Investigation complete; no suspect identified
626289857dbaa9631a5d1a63ff0a506c86fd2b8470b5849c86685edba047875c,2026-04,City of London Police,City of London Police,,,No location,,,Investigation complete; no suspect identified
b98118ac4eb963425ff370c760be7d89d84a0b904dc2800767402316f3843dd0,2026-04,City of London Police,City of London Police,-0.081512,51.518692,On or near London Liverpool Street,E01032739,City of London 001F,Investigation complete; no suspect identified
056bf55d39a517e76f2296a7f1ae5c4ad278b9fe45c94502b788ccd5a4b66c04,2026-04,City of London Police,City of London Police,-0.094070,51.513079,On or near Watling Street,E01032739,City of London 001F,Investigation complete; no suspect identified
0ca7e032318a95896ec668a458d00c2fd62583733f1e3e7bbbe690a554734d95,2026-04,City of London Police,City of London Police,-0.078278,51.513666,On or near Mitre Street,E01032739,City of London 001F,Suspect charged
2fbe6dd8e043c0d567434aefa93d6f81b99a6e68642bf1ef84a1e89d7b605227,2026-04,City of London Police,City of London Police,-0.077563,51.517656,On or near Sandy's Row,E01032739,City of London 001F,Investigation complete; no suspect identified
658aa13970edac56649550159c58e2f344b6f2ad469acca3583c850d7bfa5ce7,2026-04,City of London Police,City of London Police,-0.079907,51.517785,On or near Victoria Avenue,E01032739,City of London 001F,Investigation complete; no suspect identified
8411d04bc3e68fe915756014b1449cce9b70bb82b865767baa84c01aba2658f5,2026-04,City of London Police,City of London Police,-0.078755,51.518440,On or near Artillery Lane,E01032739,City of London 001F,Unable to prosecute suspect
497bba47057f250bf41d14b594ccd58e7f212b0048a931c8e1d69e1e0e61fdc1,2026-04,City of London Police,City of London Police,-0.104276,51.513712,On or near A201,E01032739,City of London 001F,Suspect charged
09735b72b880f18fc5778883d30b5ea8f35effbdc313933a8a4c15ac33c9cdbd,2026-04,City of London Police,City of London Police,-0.081643,51.510070,On or near Great Tower Street,E01032739,City of London 001F,Suspect charged
959557198d679ce38faf22edf406c4881199f1b21772b57651033336a06c2d27,2026-04,City of London Police,City of London Police,-0.090553,51.518948,On or near Moor Lane,E01000002,City of London 001B,Investigation complete; no suspect identified
39da6550b6754f9d88758357e793da3d36bc1c72d34c88dfaef01eb811cbaa3e,2026-04,City of London Police,City of London Police,-0.094130,51.519961,On or near Theatre/Concert Hall,E01000002,City of London 001B,Investigation complete; no suspect identified
9aafa343398ebc9cbcc6e0137d99c677cfdb15890e7c12e601f5ff91d4f6f09a,2026-04,City of London Police,City of London Police,-0.081512,51.518692,On or near London Liverpool Street,E01032739,City of London 001F,Investigation complete; no suspect identified
2cf06b07d4c732f81004a660c8c222ed0c5edd54047a657a435119a270c9b0f3,2026-04,City of London Police,City of London Police,-0.079883,51.517326,On or near New Street,E01032739,City of London 001F,Investigation complete; no suspect identified
94348266950e263262a33a0a4946902573378278b12b7ac44d1a905910ce543a,2026-04,City of London Police,City of London Police,-0.094070,51.513079,On or near Watling Street,E01032739,City of London 001F,Investigation complete; no suspect identified
8f8bfd6abbc3c37de5ef4a73f25823308ff9ccc1a76fb23681cc2b2a989a0a87,2026-04,City of London Police,City of London Police,-0.079907,51.517785,On or near Victoria Avenue,E01032739,City of London 001F,Investigation complete; no suspect identified
43e7a2d5d66da2d843cf46a18492b6fe0642d394a43ebc300a2e420282c09c5e,2026-04,City of London Police,City of London Police,-0.086815,51.517007,On or near Circus Place,E01032739,City of London 001F,Investigation complete; no suspect identified
9682327e09616e0599007bdb358f5113561572dc6197800108e3a4a7c0c54ef1,2026-04,City of London Police,City of London Police,-0.102812,51.517051,On or near Police Station,E01032740,City of London 001G,Investigation complete; no suspect identified
add702a6931664809cd379bab1ea377dc7b51e155da3c2842d8cba2f18814b29,2026-04,City of London Police,City of London Police,-0.089479,51.510864,On or near Gophir Lane,E01032739,City of London 001F,Investigation complete; no suspect identified
be4be636ea39d8d3fa0c4d434549da2e5e55822e4e1b65223856069b13ab5248,2026-04,City of London Police,City of London Police,-0.083977,51.510441,On or near Lovat Lane,E01032739,City of London 001F,Unable to prosecute suspect
67ab75398e58fef7008533177d93b75e93abd36e238c0e74eb2318e28844859e,2026-04,City of London Police,City of London Police,-0.101906,51.511794,On or near Theatre/Concert Hall,E01032739,City of London 001F,Investigation complete; no suspect identified
4707897f99394ce8247464cc8d09cc79f000446a2e101bcdab0c18d45cad3b54,2026-04,City of London Police,City of London Police,-0.079907,51.517785,On or near Victoria Avenue,E01032739,City of London 001F,Investigation complete; no suspect identified
e7e2131c6d88a60c8e217bc1147f05ead742e67b1cab4741afad6c4c39b7527e,2026-04,City of London Police,City of London Police,-0.078278,51.513666,On or near Mitre Street,E01032739,City of London 001F,Investigation complete; no suspect identified
e8ff41028599ca29cc53d2f7656548e8a1baa02ac459fb17daa8068f4b1452cd,2026-04,City of London Police,City of London Police,-0.101621,51.516906,On or near Giltspur Street,E01032740,City of London 001G,Local resolution
1f3ac8395f70ca3fd360e54850f0e027e85add469af6f420f0f45f5ef4fe27cc,2026-04,City of London Police,City of London Police,-0.081902,51.517296,On or near Liverpool Street,E01032739,City of London 001F,Investigation complete; no suspect identified
5d1fa8c77b23adb1462590703c876a88e28be543b413f57d4b2a1f25b9497584,2026-04,City of London Police,City of London Police,-0.094070,51.513079,On or near Watling Street,E01032739,City of London 001F,Suspect charged
cee5b3fb351e441c1f555e93c600fe9cdb131d2ded2c57c7f490c1654ea5a77a,2026-04,City of London Police,City of London Police,-0.078849,51.516212,On or near Devonshire Square,E01000005,City of London 001E,Investigation complete; no suspect identified
7c6b3a1b82ad9cbdf0ed2f2d1e1dd00a9a6b084882052e60c3fea279d68fdfba,2026-04,City of London Police,City of London Police,-0.095648,51.521198,On or near Bridgewater Square,E01000003,City of London 001C,Investigation complete; no suspect identified
e8a6a5dc397ea8ec385e0b515f5e25f1b7fb091c66dc7eb0e206f765e654b6c8,2026-04,City of London Police,City of London Police,-0.088903,51.510836,On or near Laurence Pountney Hill,E01032739,City of London 001F,Investigation complete; no suspect identified
688431325d7da2431fccc76ef0cc770084c973ff10b1295ef7ce82d8c93b60ce,2026-04,City of London Police,City of London Police,-0.097078,51.519045,On or near A1,E01000001,City of London 001A,Investigation complete; no suspect identified
0c9476650b4122a4426963aa38112c95d255caacab7ab20d93543e11eae0581b,2026-04,City of London Police,City of London Police,-0.082993,51.516360,On or near Wormwood Street,E01032739,City of London 001F,Investigation complete; no suspect identified
73aab34693b4973bb286942f513a692cd4e4676c09c310a6cb52c521157a4094,2026-04,City of London Police,City of London Police,-0.087772,51.510665,On or near Martin Lane,E01032739,City of London 001F,Investigation complete; no suspect identified
5a5f3b8579adf00192b204a479adb9790191250436ceb5751a9b18655b385de1,2026-04,City of London Police,City of London Police,-0.084754,51.512882,On or near Corbet Court,E01032739,City of London 001F,Unable to prosecute suspect
61bf9ab411ccd425ba93974143ffdd12b294068c3ceeb3f9e1941134c5f1e56c,2026-04,City of London Police,City of London Police,-0.099803,51.519026,On or near Cloth Fair,E01032740,City of London 001G,Investigation complete; no suspect identified
586d4a8cc52d7a4b4579403497de6dfc209fa7d84f24006b3ceb534ed70f3b97,2026-04,City of London Police,City of London Police,-0.079138,51.508312,On or near Lower Thames Street,E01032739,City of London 001F,Investigation complete; no suspect identified
be0ac0f994ad7e495cb17c15c4c68855b8709990f59215434724479d2f7bc852,2026-04,City of London Police,City of London Police,-0.090553,51.518948,On or near Moor Lane,E01000002,City of London 001B,Investigation complete; no suspect identified
f61a7952a8100529867190a3de0ede93b18343fcd18462e8748ebad6b4c4fec5,2026-04,City of London Police,City of London Police,-0.086019,51.513631,On or near Finch Lane,E01032739,City of London 001F,Investigation complete; no suspect identified
f73a9ebfa4c46f3cce6a934ebefe91d5f7b640820c33a57b8c6ad5bc529018da,2026-04,City of London Police,City of London Police,-0.092488,51.520598,On or near Silk Street,E01000002,City of London 001B,Investigation complete; no suspect identified
cda4f3d80a0d276821865ac47866901f141610a95f6cf962de9acc9ae523151d,2026-04,City of London Police,City of London Police,-0.082993,51.516360,On or near Wormwood Street,E01032739,City of London 001F,Investigation complete; no suspect identified
0d33aa0f05f5a1532ec1377cfedb665c26bdb42ec3011da4be26d1ac9ad1f76e,2026-04,City of London Police,City of London Police,-0.074330,51.513647,On or near Little Somerset Street,E01000005,City of London 001E,Investigation complete; no suspect identified
93fa31581454fcbf290f81df802ba24d4449f9bc01bbce2e7b4e3bcbcd583367,2026-04,City of London Police,City of London Police,-0.111567,51.513757,On or near Middle Temple Lane,E01004735,Westminster 018B,Investigation complete; no suspect identified
4d603bd69f91e9434171c5b995ba1cd831f11f5f37c8ac9961110ca5a80961d6,2026-04,City of London Police,City of London Police,-0.076145,51.512642,On or near India Street,E01000005,City of London 001E,Suspect charged
39315138caf45754c8a124a347165536fb00229b0da4f6ae936e36bfaac6f298,2026-04,City of London Police,City of London Police,,,No location,,,Investigation complete; no suspect identified
4654be8fe82c8506ff0e7e4dac3b87ec831f88daa58c977c596c7705f6d6a2c2,2026-04,City of London Police,City of London Police,-0.094460,51.512024,On or near Great Trinity Lane,E01032739,City of London 001F,Investigation complete; no suspect identified
4fe96815b5f02e384ab87301d7c6044f6f311204e0e81a106151d1f7ae7903f7,2026-04,City of London Police,City of London Police,-0.084910,51.512588,On or near Bell Inn Yard,E01032739,City of London 001F,Investigation complete; no suspect identified
554fa26b17dc917e519254c846f540c0cae7312c5a293f11c888f8ca2906a98a,2026-04,City of London Police,City of London Police,-0.097290,51.521575,On or near Fann Street,E01000001,City of London 001A,Investigation complete; no suspect identified
f957b32f94dc09def6c0fece6b714d2d4345ac0016ffa308bbd0a26628d537dd,2026-04,City of London Police,City of London Police,-0.089822,51.516103,On or near Coleman Street,E01032739,City of London 001F,Investigation complete; no suspect identified
0cac0ed343a86092e6dd69ff540dd45f346971f89892acaaecb0c162c10f814e,2026-04,City of London Police,City of London Police,-0.084754,51.512882,On or near Corbet Court,E01032739,City of London 001F,Suspect charged
efed305969fa9558eb97ccf7c8c7a2b6c32abaeecf5dd20c8debb3c0c5c9538f,2026-04,City of London Police,City of London Police,-0.102726,51.513911,On or near Pageantmaster Court,E01032740,City of London 001G,Investigation complete; no suspect identified
c62ffcd39ef131e0e5c120fdbd940dee1d02474d6c8921597e3d67a2c902c1ab,2026-04,City of London Police,City of London Police,-0.074330,51.513647,On or near Little Somerset Street,E01000005,City of London 001E,Investigation complete; no suspect identified
6a151a8a82e3dc564577f7cf34f9c375a8250b8129047b42ce2582d0bdf9a713,2026-04,City of London Police,City of London Police,-0.087772,51.510665,On or near Martin Lane,E01032739,City of London 001F,Investigation complete; no suspect identified
f7d3dfa2bb257361e96abfe2508ab98311e034163763d513dab96e42b4bf25c8,2026-04,City of London Police,City of London Police,-0.095224,51.513736,On or near Shopping Area,E01032739,City of London 001F,Investigation complete; no suspect identified
d17b3f0bb8beb58a7b3175330e5f27e7954505aaaaea7fc99ee6ee9cfefb7986,2026-04,City of London Police,City of London Police,-0.095224,51.513736,On or near Shopping Area,E01032739,City of London 001F,Investigation complete; no suspect identified
6a51a926136851196bd85cc319c4f74906f623536bd4781c5d0498f503a6beb5,2026-04,City of London Police,City of London Police,-0.083600,51.509797,On or near St Mary At Hill,E01032739,City of London 001F,Investigation complete; no suspect identified
77d6da519bd3af8f72a8434462d36136f3a48f380f322070ef922e9ffe3259dc,2026-04,City of London Police,City of London Police,-0.104276,51.513712,On or near A201,E01032739,City of London 001F,Investigation complete; no suspect identified
21c24e670ea7d9623c7f2d7c98bec435a128c78c7e90b7bad110838825941971,2026-04,City of London Police,City of London Police,-0.095924,51.513882,On or near Shopping Area,E01032739,City of London 001F,Investigation complete; no suspect identified
593aae9f10c0cfc02fc497446987ed5d28ef34e4d5a48afd390106ba963f9d2e,2026-04,City of London Police,City of London Police,-0.094130,51.519961,On or near Theatre/Concert Hall,E01000002,City of London 001B,Investigation complete; no suspect identified
c4eade9d09e6e397e20fb99c65f635f5c6c760a1a0b204382ced16b78d68b06b,2026-04,City of London Police,City of London Police,-0.078757,51.520455,On or near Spital Square,E01004307,Tower Hamlets 015B,Investigation complete; no suspect identified
0a80237298c2bfc39065ede73ef935a8e2fe3136eeb49cb200b17002397d964d,2026-04,City of London Police,City of London Police,-0.079907,51.517785,On or near Victoria Avenue,E01032739,City of London 001F,Local resolution
59ca473527023f1b030b21f6dfefc035df320111e18fd04bee7244eabc5c5280,2026-04,City of London Police,City of London Police,-0.101963,51.510761,On or near Ferry Terminal,E01032739,City of London 001F,Investigation complete; no suspect identified
5b20943d54084b2834335aa81ff5aa769c39afd8aa5f0943e077e2c203f036b0,2026-04,City of London Police,City of London Police,-0.095924,51.513882,On or near Shopping Area,E01032739,City of London 001F,Investigation complete; no suspect identified
d5281f5387eccfa93acee0940e98d0a7f44be22083d92164d6b16d8b138ac355,2026-04,City of London Police,City of London Police,-0.074330,51.513647,On or near Little Somerset Street,E01000005,City of London 001E,Unable to prosecute suspect
4203a220fa02798bc396d455a43ee108c771188542f737db94b3fa578c9b81e8,2026-04,City of London Police,City of London Police,-0.074330,51.513647,On or near Little Somerset Street,E01000005,City of London 001E,Local resolution
516fc8a7c98499dac52b1dc960fbbe395bfca4dcbf566efcb502bf220a92ee38,2026-04,City of London Police,City of London Police,-0.094130,51.519961,On or near Theatre/Concert Hall,E01000002,City of London 001B,Investigation complete; no suspect identified
b788b1271ef33463e86b05ad9c8b5328c137090563223aa0b48dc55082a942d4,2026-04,City of London Police,City of London Police,-0.092633,51.509872,On or near Bell Wharf Lane,E01032739,City of London 001F,Investigation complete; no suspect identified
231dbaebac40c1241e80d7c2e60cbbc55908613eb4753e36f014e1019ecdc726,2026-04,City of London Police,City of London Police,-0.101589,51.513515,On or near Ludgate Square,E01032739,City of London 001F,Unable to prosecute suspect
ada53a8c222c0b768aed64cf26c1c24a99334c3086d230624e7975db12b2747f,2026-04,City of London Police,City of London Police,-0.094460,51.512024,On or near Great Trinity Lane,E01032739,City of London 001F,Investigation complete; no suspect identified
82c992eae38725705a95f535c209b7f85b4742f56e873feffcfa41d9b72f0454,2026-04,City of London Police,City of London Police,,,No location,,,Unable to prosecute suspect
53ea06eab6aed3bb7b01ea178e80083becc57dcb2bf2c5b60842514e667aabaf,2026-04,City of London Police,City of London Police,-0.101393,51.512685,On or near St Andrew's Hill,E01032739,City of London 001F,Investigation complete; no suspect identified
b209af9e79f980038f396333b53a0d242298096617fb825f504b54896837c019,2026-04,City of London Police,City of London Police,-0.092531,51.512658,On or near Queen Street,E01032739,City of London 001F,Investigation complete; no suspect identified
c4231107d84c96348323487166eea43f1f33fd1731ede2b3c53fdfafe7b12697,2026-04,City of London Police,City of London Police,-0.087744,51.516492,On or near Copthall Avenue,E01032739,City of London 001F,Investigation complete; no suspect identified
6a7361e992a60a256f05925145d22abffacd4e9274ba64af2aef07295bfe3025,2026-04,City of London Police,City of London Police,-0.075453,51.511965,On or near Minories,E01000005,City of London 001E,Investigation complete; no suspect identified
63f8c98331d9d5ee558185c548ad8c914ebe6649d98345a9f79a31272f5f3f5c,2026-04,City of London Police,City of London Police,-0.098397,51.519561,On or near Middle Street,E01032740,City of London 001G,Investigation complete; no suspect identified
1c6c9887f358d70bac3665cfe9bd0e2feec963f448fcfb474864c6849a019ff4,2026-04,City of London Police,City of London Police,-0.088785,51.517102,On or near Moorgate,E01032739,City of London 001F,Suspect charged
1351556a8b2d2600fa94cd7f843c06f454023d4d9b2f6f765a0fbaf3c65c3095,2026-04,City of London Police,City of London Police,-0.077372,51.512590,On or near Carlisle Avenue,E01032739,City of London 001F,Investigation complete; no suspect identified
f9b20889f7aa9bdc492fe0ac681d6894717b1fb42aeabc40aa730765133b1fe3,2026-04,City of London Police,City of London Police,-0.091947,51.513188,On or near Pancras Lane,E01032739,City of London 001F,Unable to prosecute suspect
2611a9013b9a6d2c623ec85dbcad510a210a98bbd6078bd39863dfdf473fd740,2026-04,City of London Police,City of London Police,-0.091947,51.513188,On or near Pancras Lane,E01032739,City of London 001F,Investigation complete; no suspect identified
559a74b4b761a5890bcd21333f6399c3007ef2e083d125717e6cd384a76b2cb3,2026-04,City of London Police,City of London Police,-0.094130,51.519961,On or near Theatre/Concert Hall,E01000002,City of London 001B,Investigation complete; no suspect identified
c4c1ba9a6ffdd0df661528d2938fc54b42f1e882deb5d2a5b6a5626e7f7eb1f5,2026-04,City of London Police,City of London Police,-0.074330,51.513647,On or near Little Somerset Street,E01000005,City of London 001E,Investigation complete; no suspect identified
f0139cf497a4b5bc5d710265480d2a0ad9d8d25b1b3fe6abb7eb39783e02bf3e,2026-04,City of London Police,City of London Police,-0.090553,51.518948,On or near Moor Lane,E01000002,City of London 001B,Investigation complete; no suspect identified
076cdb8cab807485394008b9a5e324051ad3b5e30f00894534242b546e68306b,2026-04,City of London Police,City of London Police,,,No location,,,Investigation complete; no suspect identified
748b1f5bd7869fdc30b803003b68df60d4a5a5c160a88afce80d222c4d9ece92,2026-04,City of London Police,City of London Police,-0.101292,51.514770,On or near Amen Court,E01032739,City of London 001F,Investigation complete; no suspect identified
d236472f45e12a321fcd5a8abdea83efb67704da78b2817d212893e0e9a67bcd,2026-04,City of London Police,City of London Police,-0.101621,51.516906,On or near Giltspur Street,E01032740,City of London 001G,Investigation complete; no suspect identified
35b77cb77d2916a011e1dc87a069fa64a8265a0096b5f052d42e17f23f6188d1,2026-04,City of London Police,City of London Police,-0.078278,51.513666,On or near Mitre Street,E01032739,City of London 001F,Investigation complete; no suspect identified
b5bceccc45a1380b62c374239ca2c2e39537b2ebb0621f60bba6aaeda5ab9692,2026-04,City of London Police,City of London Police,-0.104980,51.512033,On or near Kingscote Street,E01032740,City of London 001G,Unable to prosecute suspect
0b5a55a0b440c6318576404a600468348259425554520b4f9df4848b0f406bc7,2026-04,City of London Police,City of London Police,-0.081512,51.518692,On or near London Liverpool Street,E01032739,City of London 001F,Investigation complete; no suspect identified
122f0673c9080f436da8962a7859fc5ae49b1313cd25603d8cb05065eba7a821,2026-04,City of London Police,City of London Police,-0.090553,51.518948,On or near Moor Lane,E01000002,City of London 001B,Suspect charged
68195033fbd6b3ee2b8913409061f5a8725df06d28f4c305434d93a8d7c9d4d6,2026-04,City of London Police,City of London Police,-0.079883,51.517326,On or near New Street,E01032739,City of London 001F,Suspect charged
68195033fbd6b3ee2b8913409061f5a8725df06d28f4c305434d93a8d7c9d4d6,2026-04,City of London Police,City of London Police,-0.079883,51.517326,On or near New Street,E01032739,City of London 001F,Suspect charged
e3d28f75eea9af97908c6679d3965be4fa5cb05743e187a56ab507aae079f82d,2026-04,City of London Police,City of London Police,-0.090553,51.518948,On or near Moor Lane,E01000002,City of London 001B,Suspect charged
a840d8bfc0e2ac32a64dcb2dd4d3a1af433b13a042d661c3ca5092677f5f3ee8,2026-04,City of London Police,City of London Police,-0.081643,51.510070,On or near Great Tower Street,E01032739,City of London 001F,Investigation complete; no suspect identified
20c5d13df655697e054bd5ebb4091643a4bcafee333d57aaaa5991e050b80d20,2026-04,City of London Police,City of London Police,-0.090553,51.518948,On or near Moor Lane,E01000002,City of London 001B,Suspect charged
20c5d13df655697e054bd5ebb4091643a4bcafee333d57aaaa5991e050b80d20,2026-04,City of London Police,City of London Police,-0.090553,51.518948,On or near Moor Lane,E01000002,City of London 001B,Suspect charged
6a921bbe7e1274da41380bb4f84d776f7148fd315c00b37e43c9be070a214e06,2026-04,City of London Police,City of London Police,-0.086815,51.517007,On or near Circus Place,E01032739,City of London 001F,Investigation complete; no suspect identified
7362c8676683f3cde55fc50c2ea10a6a510fbb62b095771daeb2dae9b7e6955c,2026-04,City of London Police,City of London Police,-0.086815,51.517007,On or near Circus Place,E01032739,City of London 001F,Investigation complete; no suspect identified
b5b2ba534e9578c059281bca0d6bd45f6d2206e3dfe1fc100179f0315fa4d204,2026-04,City of London Police,City of London Police,-0.099301,51.519674,On or near Hayne Street,E01032740,City of London 001G,Unable to prosecute suspect
0ff85a22f343aa8206fdd258b6103ad1a392d443d0f465642545bf32b1549f13,2026-04,City of London Police,City of London Police,-0.084836,51.511939,On or near Shopping Area,E01032739,City of London 001F,Investigation complete; no suspect identified
22eec21fdf0d3692e0f377b6fd5eba508bd60e0d4dca48990de0a0cb611a1554,2026-04,City of London Police,City of London Police,-0.081512,51.518692,On or near London Liverpool Street,E01032739,City of London 001F,Unable to prosecute suspect
7b8ab689f950091ee3da83ea252897c1b568c3fdb0037d3488157bd6b6aad758,2026-04,City of London Police,City of London Police,-0.097291,51.514626,On or near Supermarket,E01032739,City of London 001F,Unable to prosecute suspect
089ed3e2d1c354c04b44916e3834938a469482ab166f7fce06a647e400785322,2026-04,City of London Police,City of London Police,-0.095924,51.513882,On or near Shopping Area,E01032739,City of London 001F,Investigation complete; no suspect identified
b5874873036d50d6712a9029336a9efe5b5ecc429d857ca094e1428b2896c758,2026-04,City of London Police,City of London Police,-0.079907,51.517785,On or near Victoria Avenue,E01032739,City of London 001F,Local resolution
3b8d456bad1cc0f966a3decd11ffe62c4f1d27c4f26384d8e28c6c4e4a7c1d90,2026-04,City of London Police,City of London Police,-0.090553,51.518948,On or near Moor Lane,E01000002,City of London 001B,Suspect charged
76b5d28579c6ebf47cef81acdb32eb02ff3b3d4f44eab69864ddc39434242c03,2026-04,City of London Police,City of London Police,,,No location,,,Investigation complete; no suspect identified
2bbf64afe0c467b74e18389cf56e9504b383d2ad5101b78d133ab1ac440fe175,2026-04,City of London Police,City of London Police,-0.081113,51.516869,On or near Bishopsgate,E01032739,City of London 001F,Unable to prosecute suspect
e6288e0ca11d3abe56e003754fa7b4cf357488a35d6e4c7b4e9c44b53ebc400a,2026-04,City of London Police,City of London Police,-0.084844,51.510725,On or near Eastcheap,E01032739,City of London 001F,Suspect charged
3011effcb7e30facf03d16f5b87b2b11acdd31b8594517e51737d9215ea0c43c,2026-04,City of London Police,City of London Police,-0.073704,51.511748,On or near Portsoken Street,E01000005,City of London 001E,Investigation complete; no suspect identified
793ce5ef3f9d146d81a552daaf911b9289910cc6b3a4a1fe8d8650c2f66f5f28,2026-04,City of London Police,City of London Police,-0.090553,51.518948,On or near Moor Lane,E01000002,City of London 001B,Suspect charged
148c687451d334361ad5470656ae931d3a351709e5bc456223a3f3273158bfc9,2026-04,City of London Police,City of London Police,-0.084754,51.512882,On or near Corbet Court,E01032739,City of London 001F,Investigation complete; no suspect identified
6c08559f819ad55a309f5f11b8e8f2a57bedd464975cae59b65aed056fef80bf,2026-04,City of London Police,City of London Police,-0.090553,51.518948,On or near Moor Lane,E01000002,City of London 001B,Suspect charged
25692273a0389ae4510843aeb46e8deb988af393246e866e82ee5ac5e0337ffa,2026-04,City of London Police,City of London Police,-0.082993,51.516360,On or near Wormwood Street,E01032739,City of London 001F,Suspect charged
d4a59b1ee5859140e3e33a8fc66dcbbe693605638a181bb53e163c00ae2c8c31,2026-04,City of London Police,City of London Police,-0.092488,51.520598,On or near Silk Street,E01000002,City of London 001B,Investigation complete; no suspect identified
b335f75521cf82a2a6edd6c47115cab0924a5e1e1703d9f2aa8b7056e59a5078,2026-04,City of London Police,City of London Police,-0.092971,51.516271,On or near Aldermanbury,E01000002,City of London 001B,Suspect charged
4c579d88e80c67688603907e3b06c42d6c4eda37d3fd65ebcb4225f2a63d6bd9,2026-04,City of London Police,City of London Police,-0.073704,51.511748,On or near Portsoken Street,E01000005,City of London 001E,Investigation complete; no suspect identified
3675ec2ffa8889a5074e20a89047f0b08cce0112d50061918ef12effeb7477d6,2026-04,City of London Police,City of London Police,-0.098397,51.519561,On or near Middle Street,E01032740,City of London 001G,Investigation complete; no suspect identified
ef341ef36406541bb899ccd410ab486a67adcb2f1ba8a379208e6f5b41d9db99,2026-04,City of London Police,City of London Police,-0.086019,51.513631,On or near Finch Lane,E01032739,City of London 001F,Investigation complete; no suspect identified
3d4d496dcb90c376d730e0dc068670ee05d1bb810b334824012b80524165ffe4,2026-04,City of London Police,City of London Police,-0.081512,51.518692,On or near London Liverpool Street,E01032739,City of London 001F,Investigation complete; no suspect identified
b035496bc8dc3bb9990b1168c4edde20c4963037205385aa5251495ddc84e664,2026-04,City of London Police,City of London Police,-0.087772,51.510665,On or near Martin Lane,E01032739,City of London 001F,Investigation complete; no suspect identified
318329e6c62f4fc055343106e406a52f7439ff8c4e588e80f4cfcfc85a6f6bc6,2026-04,City of London Police,City of London Police,-0.098017,51.519689,On or near Cloth Street,E01032740,City of London 001G,Investigation complete; no suspect identified
af0f89e5365efe998caead57d1068cb18b851a6aed0828e57c567809304abe89,2026-04,City of London Police,City of London Police,-0.095704,51.516747,On or near Noble Street,E01000002,City of London 001B,Unable to prosecute suspect
00ade4b3a4df0d3ef2675b4be6d4886d24b9cc611ec6242ce8e09844fad7f938,2026-04,City of London Police,City of London Police,-0.095764,51.512549,On or near Friday Street,E01032739,City of London 001F,Investigation complete; no suspect identified
bbc70e123eda2b3310d6fe09e682ac33f5df94e977588354d3b83e0ee12aa610,2026-04,City of London Police,City of London Police,-0.079127,51.509607,On or near Byward Street,E01032739,City of London 001F,Unable to prosecute suspect
aa36fd4c719073d3e827f4d14321fde612917ff0a71e0146bbef1391d38b9e72,2026-04,City of London Police,City of London Police,-0.079127,51.509607,On or near Byward Street,E01032739,City of London 001F,Unable to prosecute suspect
12f02efefc213f6e9889eb1d9ef37241a43baac9ee162523dd83a1fda07e56cd,2026-04,City of London Police,City of London Police,-0.091540,51.511896,On or near Cannon Street,E01032739,City of London 001F,Investigation complete; no suspect identified
7111639e62aabd14b001bba4a01d6d78018fd876b99532886a181e7142e77972,2026-04,City of London Police,City of London Police,-0.081113,51.516869,On or near Bishopsgate,E01032739,City of London 001F,Unable to prosecute suspect
4eeecf4f3f397e85e57fc04185b9aab20a77fb70a044f6e239c1d23053bfbe6e,2026-04,City of London Police,City of London Police,-0.079138,51.508312,On or near Lower Thames Street,E01032739,City of London 001F,Investigation complete; no suspect identified
89ef0171fdf162145bb481d9a99b986912fca96b3369bfa2aa6404c270192544,2026-04,City of London Police,City of London Police,-0.086815,51.517007,On or near Circus Place,E01032739,City of London 001F,Investigation complete; no suspect identified
4d0a5c674213f2da55372e556975a387585d9ef454b27e47af0ee373ce0f8c40,2026-04,City of London Police,City of London Police,-0.078278,51.513666,On or near Mitre Street,E01032739,City of London 001F,Suspect charged
b933ff6f0422cb6a9e12336975b09ae976b12bf1fd3d128e1152b7811b88ac4f,2026-04,City of London Police,City of London Police,-0.090553,51.518948,On or near Moor Lane,E01000002,City of London 001B,Suspect charged
dd58f2ad217950a7838bec363201d99c8fa625f7a1000d04926c7779c36a937a,2026-04,City of London Police,City of London Police,-0.078937,51.514109,On or near Heneage Place,E01032739,City of London 001F,Suspect charged
b71d23bc2748c313615eb2a27e1325dfcc598906c8091e7db20f20ac08b6b9b4,2026-04,City of London Police,City of London Police,-0.077070,51.510877,On or near Cooper's Row,E01032739,City of London 001F,Unable to prosecute suspect
180bf1057f1465f7550b650c4b962b79f394b2c247b8c36d80495b707b79b2e3,2026-04,City of London Police,City of London Police,-0.082648,51.520455,On or near Earl Street,E01033708,Hackney 033C,Investigation complete; no suspect identified
e6148863754a11d08ef4f75793e12147bcee943039de422dbd8c798457a338ae,2026-04,City of London Police,City of London Police,-0.095258,51.520526,On or near Beech Street,E01000003,City of London 001C,Investigation complete; no suspect identified
c16e390ee18b03dfbaf9bf5a340f450223aa9502148a028126804405a8847ed8,2026-04,City of London Police,City of London Police,-0.079907,51.517785,On or near Victoria Avenue,E01032739,City of London 001F,Local resolution
78968d74250f5d3efc171337be447cc89fe0606ae333ac5cfa44e70d172ba031,2026-04,City of London Police,City of London Police,-0.098500,51.520551,On or near Carthusian Street,E01033490,Islington 022H,Unable to prosecute suspect
e2b1d9e8a38fd634ef8f0119d9d0f67dae18750e42122a7223e6d478702e147d,2026-04,City of London Police,City of London Police,-0.081973,51.515948,On or near A10,E01032739,City of London 001F,Unable to prosecute suspect
4d42eefa2f47770162d1ed58ae69e3819ae293a82a7074ba6fdcab253429271e,2026-04,City of London Police,City of London Police,-0.097506,51.521228,On or near Aldersgate Street,E01000001,City of London 001A,Investigation complete; no suspect identified
bd1fb5656ce1f8b175d1be90997d17a77123b785e2cf24229816280544ca0fba,2026-04,City of London Police,City of London Police,-0.078278,51.513666,On or near Mitre Street,E01032739,City of London 001F,Investigation complete; no suspect identified
74afe8a282a1b4f61d8182281affaec2d5565c71b54e4d25ed2d11c55ca786a2,2026-04,City of London Police,City of London Police,,,No location,,,Investigation complete; no suspect identified
a22f46ae27d3cf2e9e27143ece6ef8ff279b2bdced4ef3277ddd14e4d012fb69,2026-04,City of London Police,City of London Police,,,No location,,,Unable to prosecute suspect
cd3bf9b9fdab1014294a5492172c67b1c178d569e7d10b2329a527ae837b2253,2026-04,City of London Police,City of London Police,-0.092633,51.509872,On or near Bell Wharf Lane,E01032739,City of London 001F,Investigation complete; no suspect identified
d9f50311a965fc735febea3e72f6b47e11d43ff6999c13680adf557d9629feef,2026-04,City of London Police,City of London Police,-0.092633,51.509872,On or near Bell Wharf Lane,E01032739,City of London 001F,Investigation complete; no suspect identified
d2e285a747568def9a44edc4902496528bb15e497b641a9d232eef8e7a1a75a6,2026-04,City of London Police,City of London Police,-0.105835,51.507415,On or near Supermarket,E01003934,Southwark 002C,Investigation complete; no suspect identified
e08b9ba95c3422ec205ef5774ca16bfdc9773e311c89c155375c8b11563d4e75,2026-04,City of London Police,City of London Police,-0.090553,51.518948,On or near Moor Lane,E01000002,City of London 001B,Suspect charged
aacad47bf97866a70f107ebb5154e6aa52791635fb19e03d3b34fc53f1e91f81,2026-04,City of London Police,City of London Police,,,No location,,,Unable to prosecute suspect
6f7baed4cfc83252b8fa3834b8801d8273640b4f5a2dd721162dca53a7aff159,2026-04,City of London Police,City of London Police,-0.090553,51.518948,On or near Moor Lane,E01000002,City of London 001B,Suspect charged
856ec61727504ede7ff11f4396191451c1caf0574e00a3ce8ec837d60554767b,2026-04,City of London Police,City of London Police,-0.094070,51.513079,On or near Watling Street,E01032739,City of London 001F,Investigation complete; no suspect identified
35086e37bd56811552c91095da93b2119b37346095c0d1aee5269b792a0ea554,2026-04,City of London Police,City of London Police,-0.079521,51.511196,On or near New London Street,E01032739,City of London 001F,Investigation complete; no suspect identified
62542c58763be4a9db01709f047558cb63b73b4efab7cb66ecfbd80c5d2d6478,2026-04,City of London Police,City of London Police,-0.052644,51.507120,On or near Monza Street,E01004297,Tower Hamlets 027C,Unable to prosecute suspect
7be344d558965c619c2d7bb2f9fce7d4c9d9cbae53ac8cc143d803a094dbf8f2,2026-04,City of London Police,City of London Police,,,No location,,,Investigation complete; no suspect identified
9d8406d392f56ee33c0224d790b8dc33599e0af311309b97eb3545506ca546c7,2026-04,City of London Police,City of London Police,-0.091823,51.514427,On or near Ironmonger Lane,E01032739,City of London 001F,Investigation complete; no suspect identified
b71d173f81c1e96ae6f82b9b6d0d4414cf38de4c4cfd004fba72cf4f21949b27,2026-04,City of London Police,City of London Police,-0.095924,51.513882,On or near Shopping Area,E01032739,City of London 001F,Investigation complete; no suspect identified
af433943fca1664dfce36f822b4cb1fc522b87573c529498b21312d8d36addd6,2026-04,City of London Police,City of London Police,-0.091495,51.518145,On or near Fore Street,E01000002,City of London 001B,Investigation complete; no suspect identified
04d7ad569ecf63ceaccd93982ecc7162f2fe01ad28a77d31245e24f4674d2765,2026-04,City of London Police,City of London Police,-0.090553,51.518948,On or near Moor Lane,E01000002,City of London 001B,Investigation complete; no suspect identified
4f60bac94b9cf1db1e536213fbd4250c9034dec9b741062a105ca57c2469ca0e,2026-04,City of London Police,City of London Police,-0.086815,51.517007,On or near Circus Place,E01032739,City of London 001F,Investigation complete; no suspect identified
dca14333ed9ba29eed05a8d3a0c9c4731951d704831e62f1288451de139dd28c,2026-04,City of London Police,City of London Police,-0.105131,51.513941,On or near Bride Lane,E01032740,City of London 001G,Unable to prosecute suspect
5a4bfabc12a3e579ad81c8f2026c59bfb7d1c082225164f51251aa9904e3ecfd,2026-04,City of London Police,City of London Police,-0.090553,51.518948,On or near Moor Lane,E01000002,City of London 001B,Suspect charged
837cab2cfa01a91abc9d3f5789191f9590051d8311c9f96c6def050760a1a2ca,2026-04,City of London Police,City of London Police,-0.096501,51.513874,On or near New Change,E01032739,City of London 001F,Investigation complete; no suspect identified
ef93637d0c01ad6dad8c26667c1d23ce135c58e5edc9510f9f6cd4330302751c,2026-04,City of London Police,City of London Police,-0.101621,51.516906,On or near Giltspur Street,E01032740,City of London 001G,Investigation complete; no suspect identified
c7344976c5923a963429cc34aabd9ab5ae6e78c8c78b1625eb24340d5be15519,2026-04,City of London Police,City of London Police,-0.084844,51.510725,On or near Eastcheap,E01032739,City of London 001F,Local resolution
cc5a3d06d859cc09377ddd43dee42c1807f2a727650459bfff76dd59c5fb5d30,2026-04,City of London Police,City of London Police,-0.095648,51.521198,On or near Bridgewater Square,E01000003,City of London 001C,Investigation complete; no suspect identified
62654b3258d873f4d3106a2736d90379b352e1fbf58983c1d4e605b9494d96ae,2026-04,City of London Police,City of London Police,-0.090553,51.518948,On or near Moor Lane,E01000002,City of London 001B,Suspect charged
051c57245a1d3aa273d4aa6891f8cbc5661abbb7d342fcc27dc0071cfce2db33,2026-04,City of London Police,City of London Police,-0.086815,51.517007,On or near Circus Place,E01032739,City of London 001F,Unable to prosecute suspect
658d2930879019695caa6bbcd397b37f09893b4cd6f5da628893dc40eb6cc4d7,2026-04,City of London Police,City of London Police,-0.079883,51.517326,On or near New Street,E01032739,City of London 001F,Unable to prosecute suspect
20649ce43bc0c86b931a1a1449ec1eb3dd9f531ede093d4f54f652ce5443bc4b,2026-04,City of London Police,City of London Police,-0.092488,51.520598,On or near Silk Street,E01000002,City of London 001B,Investigation complete; no suspect identified
bb49f2ce4bd057fb208c4cffe1233c20a1c80eaf72cf5eb6c68621f37b47beb6,2026-04,City of London Police,City of London Police,-0.086019,51.513631,On or near Finch Lane,E01032739,City of London 001F,Unable to prosecute suspect
93602571fa613477f952864743907c2b28d34fda8434cedfa8efa0775de140f5,2026-04,City of London Police,City of London Police,-0.089808,51.517461,On or near London Wall,E01032739,City of London 001F,Local resolution
85862b7a945de4984fbb84de742099d1a059f5cd90d7cb481b1a601c7764a708,2026-04,City of London Police,City of London Police,-0.082993,51.516360,On or near Wormwood Street,E01032739,City of London 001F,Investigation complete; no suspect identified
8784c82efc7408661a4812510444a51bcdbaf3e029503ba7f62335f747825028,2026-04,City of London Police,City of London Police,,,No location,,,Local resolution
88406f4dbc7f20e74ae7d9304dcef702664d69a2ee14cb8438736bcca001fcc6,2026-04,City of London Police,City of London Police,-0.083600,51.509797,On or near St Mary At Hill,E01032739,City of London 001F,Local resolution
c8fd92dadf5e6e2860886b3c7ae998415182ba8160437e38b07d23b50b2d4124,2026-04,City of London Police,City of London Police,-0.112051,51.514602,On or near Bell Yard,E01004735,Westminster 018B,Unable to prosecute suspect
f6561f0979d62eab34047a9e0a106bb50f74fed4c294de715e81a40f328a4c57,2026-04,City of London Police,City of London Police,-0.084836,51.511939,On or near Shopping Area,E01032739,City of London 001F,Unable to prosecute suspect
5facafa4a701ffebfe80edea3647956787a463b789b8a1a307b961c770215c1b,2026-04,City of London Police,City of London Police,-0.085228,51.511190,On or near Talbot Court,E01032739,City of London 001F,Unable to prosecute suspect
1658361840e40b93f3d6bf097068b81733dc99aad6f68689ff3596b19ce011ed,2026-04,City of London Police,City of London Police,-0.081512,51.518692,On or near London Liverpool Street,E01032739,City of London 001F,Unable to prosecute suspect
41f5f87750db4638b3772f7e675029a2954a68b8831c8b0dd706742cb4825c96,2026-04,City of London Police,City of London Police,-0.083977,51.510441,On or near Lovat Lane,E01032739,City of London 001F,Investigation complete; no suspect identified
786b6f2815cd871802bb6ca863950d82227282b06feaff9c99227207d633721f,2026-04,City of London Police,City of London Police,-0.087157,51.512624,On or near Lombard Street,E01032739,City of London 001F,Investigation complete; no suspect identified
60f3a41b889351692263a322c784bafe0156b09d3e2bd9a9f14b6f1f548226ed,2026-04,City of London Police,City of London Police,,,No location,,,Unable to prosecute suspect
93a0be266955932db177804265e25e92b6048a5c269b9812fc2c6f4c5b4e0fb2,2026-04,City of London Police,City of London Police,-0.082993,51.516360,On or near Wormwood Street,E01032739,City of London 001F,Investigation complete; no suspect identified
09418490b31ddb774f90767fb9d18ffadb52cb309b7380c88ce2264cb274691a,2026-04,City of London Police,City of London Police,-0.083977,51.510441,On or near Lovat Lane,E01032739,City of London 001F,Investigation complete; no suspect identified
15bb32e156ed30dd51ff915fd49c76d9fae9dabe5c3282549c51c7e47d4314c9,2026-04,City of London Police,City of London Police,,,No location,,,Unable to prosecute suspect
b23353b0d2ed4e45a42d49393f7cc4c500b4cbf47e8f0cc41b7a0bfa53cff5cb,2026-04,City of London Police,City of London Police,-0.081113,51.516869,On or near Bishopsgate,E01032739,City of London 001F,Unable to prosecute suspect
3b3d92790e2e51f1dac10540323cbe8c9525693c01c8b5b57445a359fb74488d,2026-04,City of London Police,City of London Police,-0.108017,51.514213,On or near Fleet Street,E01032740,City of London 001G,Investigation complete; no suspect identified
7066d219ffaf33909580677bfb9f7a1947f5fd3c1711271726eccfa7574ea44d,2026-04,City of London Police,City of London Police,-0.083977,51.510441,On or near Lovat Lane,E01032739,City of London 001F,Investigation complete; no suspect identified
95bf96870c99c585f801168e72de2eaf9b34c77c9d3bd36aaba3278ac1316b4f,2026-04,City of London Police,City of London Police,-0.089208,51.509744,On or near Angel Lane,E01032739,City of London 001F,Investigation complete; no suspect identified
550602711a7f85830fec502b27c9f90f04e7f5335f7f1dceedcaad4db46f9184,2026-04,City of London Police,City of London Police,-0.095224,51.513736,On or near Shopping Area,E01032739,City of London 001F,Unable to prosecute suspect
04a44db4fe24167e5113ccbc1be9dd20c41faf3bb7f74e3d8c4aecb3f3bd4e52,2026-04,City of London Police,City of London Police,-0.104980,51.512033,On or near Kingscote Street,E01032740,City of London 001G,Investigation complete; no suspect identified
4d5a1d03f93a84889918af3f239660faa47a6146003238970053780feb74e312,2026-04,City of London Police,City of London Police,-0.078755,51.518440,On or near Artillery Lane,E01032739,City of London 001F,Investigation complete; no suspect identified
60c6504bcf06031dc1ea3b4dcb9e5ee2b5487faa04083b3ba4bcc7e9ebe4368f,2026-04,City of London Police,City of London Police,-0.089208,51.509744,On or near Angel Lane,E01032739,City of London 001F,Investigation complete; no suspect identified
cb9ae8b53e65f472f45a20e72eb13da6f84e7dae3287c2c6e0ce2590c6aecf86,2026-04,City of London Police,City of London Police,,,No location,,,Investigation complete; no suspect identified
05a3bd2fbc11e9c6d18d537fcf89ce63c62d28b3264c8069e690f7932ee00235,2026-04,City of London Police,City of London Police,-0.079883,51.517326,On or near New Street,E01032739,City of London 001F,Unable to prosecute suspect
4653d9a0267745988da9a36864e9a2d12959088b540d7d084f650bfa900b15e9,2026-04,City of London Police,City of London Police,-0.074039,51.508588,On or near Tower Bridge Approach,E01004293,Tower Hamlets 027B,Investigation complete; no suspect identified
9ca35a9a9422026258201a62848ac00731db7cb09a985d57d9ed9a9283252990,2026-04,City of London Police,City of London Police,-0.084754,51.512882,On or near Corbet Court,E01032739,City of London 001F,Investigation complete; no suspect identified
9987213e14c0851a797a9098ca88f5360719ffcd3b6ee6ca6d04199fb12c54a5,2026-04,City of London Police,City of London Police,-0.079907,51.517785,On or near Victoria Avenue,E01032739,City of London 001F,Local resolution
6bf83bd88b2b22da2c68f0d1cf83c3d801ef6b8a27a3b08d9878aacae8a52b66,2026-04,City of London Police,City of London Police,-0.110746,51.516523,On or near Cursitor Street,E01032740,City of London 001G,Investigation complete; no suspect identified
0b76690763b6300a37f7591ea0c7b38253ddae5d3207873690dde32533763919,2026-04,City of London Police,City of London Police,-0.101906,51.511794,On or near Theatre/Concert Hall,E01032739,City of London 001F,Investigation complete; no suspect identified
469ae41525656fd117d4e55c0f88de7ef673385956b903006c4d99bbea6f24ed,2026-04,City of London Police,City of London Police,-0.091947,51.513188,On or near Pancras Lane,E01032739,City of London 001F,Investigation complete; no suspect identified
ea5f6ca5b4302904bccfdaad3788580fbb35046ff70d33ea67447c95d2a5c301,2026-04,City of London Police,City of London Police,-0.074330,51.513647,On or near Little Somerset Street,E01000005,City of London 001E,Local resolution
8e4903b255ba25dd3c3bece1f2fb514b2e37d0d3058869ea9e2481ef0d3a24a3,2026-04,City of London Police,City of London Police,-0.076145,51.512642,On or near India Street,E01000005,City of London 001E,Unable to prosecute suspect
46c0082c64e045567c1b18088a89e993056482187bb2021100c172ad572dee85,2026-04,City of London Police,City of London Police,-0.074039,51.508588,On or near Tower Bridge Approach,E01004293,Tower Hamlets 027B,Unable to prosecute suspect
2d7411cf3408cfb2d3f0cde37479375e9e819e9755130fe923ddee7761b975d6,2026-04,City of London Police,City of London Police,-0.080448,51.520689,On or near Primrose Street,E01032739,City of London 001F,Investigation complete; no suspect identified
00881f8f63c3841e8c7a35fc6f67cb764f2a6c002ab6db7ffd49d1d245fe502b,2026-04,City of London Police,City of London Police,-0.076145,51.512642,On or near India Street,E01000005,City of London 001E,Unable to prosecute suspect
01226b76e54b625a9b411798f8597f548018b1b89ea686d5f92f72d791900430,2026-04,City of London Police,City of London Police,-0.081643,51.510070,On or near Great Tower Street,E01032739,City of London 001F,Investigation complete; no suspect identified
83cc2a9ba994e5cd8c716ebc94777434cad634772d1e22d734ecf40cdb7f19c5,2026-04,City of London Police,City of London Police,-0.097144,51.515062,On or near St Paul's,E01000001,City of London 001A,Unable to prosecute suspect
25f751716cff778bdf5558293139d31d4c16046a0848ce906e9adafa17ef95e1,2026-04,City of London Police,City of London Police,-0.079907,51.517785,On or near Victoria Avenue,E01032739,City of London 001F,Investigation complete; no suspect identified
e6b30334d95ae581f523bf40cd1365556d60f8510206bd17ec47d7e12ab9091a,2026-04,City of London Police,City of London Police,-0.105131,51.513941,On or near Bride Lane,E01032740,City of London 001G,Unable to prosecute suspect
e2f3aece5d92287eaff5b20deff19ad36f4371478bc14cf595dc891e110084ce,2026-04,City of London Police,City of London Police,-0.077563,51.517656,On or near Sandy's Row,E01032739,City of London 001F,Investigation complete; no suspect identified
2b87f0fb87cc8f42edb74885b00f2fc0cdaa983d87cefcbeece8efa98690bf3c,2026-04,City of London Police,City of London Police,-0.097291,51.514626,On or near Supermarket,E01032739,City of London 001F,Unable to prosecute suspect
bbb7ec93a987b07b1efac63cac2d1ee7946a1c7127b177aa4b1ba714b8ab68f5,2026-04,City of London Police,City of London Police,-0.093271,51.518066,On or near St Alphage Garden,E01000002,City of London 001B,Investigation complete; no suspect identified
dd8b36dedbd57393805158f78ebd8809533cd2d8795b7ec101f947e905ecc9ae,2026-04,City of London Police,City of London Police,-0.088456,51.514975,On or near Tokenhouse Yard,E01032739,City of London 001F,Investigation complete; no suspect identified
7f2cc5c77c844dcf641baa66e30da3f6736e542e96ccacae76088ce454a43f5f,2026-04,City of London Police,City of London Police,-0.081512,51.518692,On or near London Liverpool Street,E01032739,City of London 001F,Investigation complete; no suspect identified
2a3ecb818647a5bcd69ee5b45e8ce83fd298001c483f1f59c9eef9dde6b9d3eb,2026-04,City of London Police,City of London Police,-0.078278,51.513666,On or near Mitre Street,E01032739,City of London 001F,Unable to prosecute suspect
869f58509771b7fe6795782fad5015c869c53fc0d710747774fbd7954607436d,2026-04,City of London Police,City of London Police,-0.081902,51.517296,On or near Liverpool Street,E01032739,City of London 001F,Investigation complete; no suspect identified
8bb94621dc6191e7944169f829fffeac96d712dff89b4df54ed30c2ac87e63c0,2026-04,City of London Police,City of London Police,-0.078755,51.518440,On or near Artillery Lane,E01032739,City of London 001F,Investigation complete; no suspect identified
94977f5d89fee3717fbd1cf26c8abc3df81e813ef96bf533866d2fa9a6c9087c,2026-04,City of London Police,City of London Police,-0.077959,51.511332,On or near Crutched Friars,E01032739,City of London 001F,Investigation complete; no suspect identified
68b46bb83418fa889b95bb894d08fc430fb4ac20d6cd1749c33bff1f2b8ba95f,2026-04,City of London Police,City of London Police,-0.096984,51.522426,On or near Sports/Recreation Area,E01000003,City of London 001C,Investigation complete; no suspect identified
473aa199df7da5d68a1551b974e9c22679a8a55099a38d74fd55d541490874f1,2026-04,City of London Police,City of London Police,-0.111567,51.513757,On or near Middle Temple Lane,E01004735,Westminster 018B,Investigation complete; no suspect identified
1f0f14a438eb9c7312bd60955dd6e75525ce3af96011d138829214584df0eb08,2026-04,City of London Police,City of London Police,-0.081113,51.516869,On or near Bishopsgate,E01032739,City of London 001F,Suspect charged
922510542b6218c4cd233b35169defad07af345af5cb047930831ff3e7f3cae8,2026-04,City of London Police,City of London Police,,,No location,,,Investigation complete; no suspect identified
c0aa46b689c9d88fed66c17379da9b91435f14219d21aac3d4088d981c5b1aca,2026-04,City of London Police,City of London Police,-0.101906,51.511794,On or near Theatre/Concert Hall,E01032739,City of London 001F,Investigation complete; no suspect identified
baa9e1457fb65fea111ac65e46c94e23bb257a74022e4268cb3149d1ae22e10b,2026-04,City of London Police,City of London Police,-0.084844,51.509700,On or near Monument Street,E01032739,City of London 001F,Investigation complete; no suspect identified
b325c7716b2862455c3d447ed06460615b3f85e81ac8b5c33fea13b371370d9d,2026-04,City of London Police,City of London Police,-0.108450,51.514202,On or near Fleet Street,E01032740,City of London 001G,Unable to prosecute suspect
380df0b0891213fcc8292bbbccc4ea192c22046e61a763d36285700ebb02a7e0,2026-04,City of London Police,City of London Police,-0.081902,51.517296,On or near Liverpool Street,E01032739,City of London 001F,Investigation complete; no suspect identified
a14a7b64130208ad5ada5f52b8f051b4fbb38ab83e28cb308a92753bada0fb09,2026-04,City of London Police,City of London Police,-0.101589,51.513515,On or near Ludgate Square,E01032739,City of London 001F,Investigation complete; no suspect identified
f5ef9b9ffedd7ad0880511f26eb88efeb246dc78d4aac06a2c4f293081455c27,2026-04,City of London Police,City of London Police,-0.096114,51.520747,On or near Park/Open Space,E01000003,City of London 001C,Investigation complete; no suspect identified
9f03b93254b22a13217df8a13225b66f76e27b7cde50e0df7c2c5fd04e8d3441,2026-04,City of London Police,City of London Police,-0.097506,51.521228,On or near Aldersgate Street,E01000001,City of London 001A,Investigation complete; no suspect identified
18d61c6edad92eecc3ff5010d21a87f4b99b823f8d626eed55c5bb3b4525774f,2026-04,City of London Police,City of London Police,-0.108027,51.511884,On or near Temple Avenue,E01032740,City of London 001G,Investigation complete; no suspect identified
61852cf9fbe70a74a4b35595939aa0359c5502040ba137ad20b0db5e3643e464,2026-04,City of London Police,City of London Police,-0.103296,51.513723,On or near Pilgrim Street,E01032739,City of London 001F,Investigation complete; no suspect identified
063e681ade799cbf2178b21dca5bd3816bca39ec6d4edfd126b487e54da937bc,2026-04,City of London Police,City of London Police,-0.124975,51.506985,On or near Northumberland Avenue,E01004736,Westminster 018C,Suspect charged
7eeb1ff0510d769c1f09165d670b04a6cd27a8d13d8511ce3c28e2030b6df711,2026-04,City of London Police,City of London Police,-0.080291,51.514814,On or near Bury Court,E01032739,City of London 001F,Unable to prosecute suspect
7bcf1be86f48f7b09fd19f6db298a6104ce87f591b2f5c2ab2a3d4050bf71e59,2026-04,City of London Police,City of London Police,-0.104980,51.512033,On or near Kingscote Street,E01032740,City of London 001G,Investigation complete; no suspect identified
05113d2f0bd5e57a75f2d53d2c80227af8435eb0d38cd37325452b06faa8f469,2026-04,City of London Police,City of London Police,-0.101621,51.516906,On or near Giltspur Street,E01032740,City of London 001G,Unable to prosecute suspect
ee1b2e75b8e8f09336040c55e7f7e27451ab955daf81a4d085a30db1ba03f163,2026-04,City of London Police,City of London Police,-0.104276,51.513712,On or near A201,E01032739,City of London 001F,Investigation complete; no suspect identified
7fb168463cee2ece533787eb6e1faa12fd079d5345b5ef565fe5a9f25cad537a,2026-04,City of London Police,City of London Police,-0.079907,51.517785,On or near Victoria Avenue,E01032739,City of London 001F,Investigation complete; no suspect identified
4072a55ff346f266e7c9636c5f64acc7c16c7c12032b696530665ee0182b3fa2,2026-04,City of London Police,City of London Police,-0.097176,51.510836,On or near Trig Lane,E01032739,City of London 001F,Unable to prosecute suspect
8574be83ac620cc877c6ad135b237a63848f4ee100282d4d349f75584bba1389,2026-04,City of London Police,City of London Police,-0.081643,51.510070,On or near Great Tower Street,E01032739,City of London 001F,Investigation complete; no suspect identified
7024fe09cef549fb0f2d42cf28c6a66029926d0138856383a7841eb43491acde,2026-04,City of London Police,City of London Police,-0.102812,51.517051,On or near Police Station,E01032740,City of London 001G,Investigation complete; no suspect identified
41b522d0ecc9aca5ece0b18ec3bec7be54d36a1ed789d3c393a3123a1a7f76a6,2026-04,City of London Police,City of London Police,-0.082133,51.515222,On or near St Helen's Place,E01032739,City of London 001F,Investigation complete; no suspect identified
14240ad3bcee331ccd1643a140081737f5f2d86be586e387d301b477ce72c8b8,2026-04,City of London Police,City of London Police,-0.076716,51.515178,On or near Gravel Lane,E01000005,City of London 001E,Unable to prosecute suspect
0dc39772184913e04cfee40c7475c055c78b0f2a91d9f8b1b15049d7499e100a,2026-04,City of London Police,City of London Police,-0.077511,51.515812,On or near Artizan Street,E01000005,City of London 001E,Suspect charged
338dec51d5052b59ffbfc74372eceb6ca47adede634a37ba999a080eac1e9593,2026-04,City of London Police,City of London Police,-0.077407,51.516215,On or near Harrow Place,E01000005,City of London 001E,Unable to prosecute suspect
481a79a6c3be5e4b04cbae1546959fa612fac703dd10bec78338e468c6ed4b63,2026-04,City of London Police,City of London Police,,,No location,,,Investigation complete; no suspect identified
1269d7c9ae475a6987269f26b4a430d251894961a180ca55cb07be59aa7c1f44,2026-04,City of London Police,City of London Police,-0.079521,51.511196,On or near New London Street,E01032739,City of London 001F,Investigation complete; no suspect identified
b739d086f68e35775c28fb96a6bba2c4d70778b539052ea67a13bdd9dd083158,2026-04,City of London Police,City of London Police,-0.108027,51.511884,On or near Temple Avenue,E01032740,City of London 001G,Suspect charged
51f0bea940a0f1946a69979f2fd5be939ce649858a519735b9812b8432b766c5,2026-04,City of London Police,City of London Police,-0.091947,51.513188,On or near Pancras Lane,E01032739,City of London 001F,Investigation complete; no suspect identified
ec624caa62a1ed43e5273b7b624da58f4aad239bac185cb912cc0f65e5988a77,2026-04,City of London Police,City of London Police,-0.105909,51.513262,On or near Dorset Buildings,E01032740,City of London 001G,Unable to prosecute suspect
50005409cb63350c3b2f1c41dc4873413556bb2bc2a9877f02ff30159816acc1,2026-04,City of London Police,City of London Police,-0.085228,51.511190,On or near Talbot Court,E01032739,City of London 001F,Unable to prosecute suspect
7d15b06e739d28fef929c60e0d6059471c708acf9a6fa3103dd288b5d3252847,2026-04,City of London Police,City of London Police,-0.079907,51.517785,On or near Victoria Avenue,E01032739,City of London 001F,Unable to prosecute suspect
e4b40cea69020ebe35260038ffde01c70d1ae39b72af691974117122da21c749,2026-04,City of London Police,City of London Police,-0.086019,51.513631,On or near Finch Lane,E01032739,City of London 001F,Investigation complete; no suspect identified
e7993484b365c4525d74dac423ceece63d7be69f5e0dbac83fca61e78e05c7b6,2026-04,City of London Police,City of London Police,-0.081512,51.518692,On or near London Liverpool Street,E01032739,City of London 001F,Investigation complete; no suspect identified
e80b5a0f60e68858dee1bbcb84208b99b476eb63712565b30f354e207cafbb31,2026-04,City of London Police,City of London Police,-0.084844,51.509700,On or near Monument Street,E01032739,City of London 001F,Investigation complete; no suspect identified
6043d7589aa5c6b7de0e6060f0a8ea2045f94422848daecdf4c8e754f1e97e29,2026-04,City of London Police,City of London Police,-0.072860,51.583288,On or near Shopping Area,E01002069,Haringey 024B,Investigation complete; no suspect identified
3054c9e0d5317044807d53450d955d55ecf557d94e3a73be26c8499ee14b7481,2026-04,City of London Police,City of London Police,-0.104980,51.512033,On or near Kingscote Street,E01032740,City of London 001G,Investigation complete; no suspect identified
e6b729c09a0d1d39f9cdeee66e44bf507004ea15568bcc0cc4f0cbdc7ae0a0b1,2026-04,City of London Police,City of London Police,-0.079138,51.508312,On or near Lower Thames Street,E01032739,City of London 001F,Investigation complete; no suspect identified
09339f2f19287c7295f3239f53af4bb9f3eb69c54d4d5272dc1aacb45b388de2,2026-04,City of London Police,City of London Police,-0.086019,51.513631,On or near Finch Lane,E01032739,City of London 001F,Unable to prosecute suspect
2aea4205c2ec6389c0d1794c7e0d33f5efbae1c46303b1c29e47212e3d4524af,2026-04,City of London Police,City of London Police,-0.079883,51.517326,On or near New Street,E01032739,City of London 001F,Unable to prosecute suspect
cb6af07504b2c720a85ce84c05d08ff8f9a6eb4dac7a20ea75ad2270569ec6bd,2026-04,City of London Police,City of London Police,-0.101621,51.516906,On or near Giltspur Street,E01032740,City of London 001G,Unable to prosecute suspect
67dcbc00c7111c1b5275d8baed3b580114733be7ad76e55f147849cc79bafea8,2026-04,City of London Police,City of London Police,-0.061081,51.587032,On or near Supermarket,E01002068,Haringey 025B,Action to be taken by another organisation
99453f3dda62225fae0e68c9faa3402f22cff2cb8bdcdb54b6f7572644b266ac,2026-04,City of London Police,City of London Police,-0.073456,51.513542,On or near Little Somerset Street,E01000005,City of London 001E,Unable to prosecute suspect
3f3977dae72fe944e08b24c66ccb96738c1c4b3f8b4162c5dea03b921ce28afa,2026-04,City of London Police,City of London Police,-0.081902,51.517296,On or near Liverpool Street,E01032739,City of London 001F,Unable to prosecute suspect
fc5dcd5be18625ca3a973f6b47100c0db3752b678c7c5a5c1af1e07f219f3a06,2026-04,City of London Police,City of London Police,-0.092633,51.509872,On or near Bell Wharf Lane,E01032739,City of London 001F,Investigation complete; no suspect identified
2a2081d94d9cceab486aabbd926058f6e2d9032f70b4193776e5fecec969d401,2026-04,City of London Police,City of London Police,-0.074330,51.513647,On or near Little Somerset Street,E01000005,City of London 001E,Unable to prosecute suspect
9f6cc430bd903eec66606257b8775740f6e214913a76c9d80711813326866d49,2026-04,City of London Police,City of London Police,-0.078757,51.520455,On or near Spital Square,E01004307,Tower Hamlets 015B,Investigation complete; no suspect identified
e87d74c01e95d685ccf1ab4bb4a3d8d35cea223369215456ef7862766cd755f6,2026-04,City of London Police,City of London Police,-0.101393,51.512685,On or near St Andrew's Hill,E01032739,City of London 001F,Investigation complete; no suspect identified
53c4a2f0812ed82ed1a10f0431a378ecbf03366efa0dfd23652af62993dd8e8e,2026-04,City of London Police,City of London Police,-0.104980,51.512033,On or near Kingscote Street,E01032740,City of London 001G,Investigation complete; no suspect identified
b071d976ef6e692dcd878aa3ee3597ffe7c4287d766b70d4246bc67fdc966a71,2026-04,City of London Police,City of London Police,-0.078424,51.518093,On or near Widegate Street,E01032739,City of London 001F,Unable to prosecute suspect
545cf377764ceda07afdd7312ea0423bc9e15eafbb5524745bdd9093abde9f7c,2026-04,City of London Police,City of London Police,-0.078424,51.518093,On or near Widegate Street,E01032739,City of London 001F,Unable to prosecute suspect
809ff2cf0ff96790f9b4256606312c528f93f502ee32af2acb3e4be41d541246,2026-04,City of London Police,City of London Police,-0.078937,51.514109,On or near Heneage Place,E01032739,City of London 001F,Investigation complete; no suspect identified
cba6cc93ed8017b00ec636d9f88dc6e3e73f2bcc4a61888303d1a258f578e4d2,2026-04,City of London Police,City of London Police,-0.087772,51.510665,On or near Martin Lane,E01032739,City of London 001F,Investigation complete; no suspect identified
d1dac3809229b0cc2b90f9366b9f03856bfa562f004734931e7f2f52797ee9fc,2026-04,City of London Police,City of London Police,-0.095924,51.513882,On or near Shopping Area,E01032739,City of London 001F,Unable to prosecute suspect
5e5e917c58c1cb3997330eade602724744b580a5082e867ca7f6b9e97876fb6f,2026-04,City of London Police,City of London Police,-0.101292,51.514770,On or near Amen Court,E01032739,City of London 001F,Unable to prosecute suspect
7ed5472441a3392b5fed325b60b91c842ffc18bab14fbdfe7bcc65c11f67580c,2026-04,City of London Police,City of London Police,-0.082648,51.520455,On or near Earl Street,E01033708,Hackney 033C,Investigation complete; no suspect identified
4629131a9b3d6a38344fb4b82965c70703bb0cf3504b69440f9ca222957eb2f5,2026-04,City of London Police,City of London Police,-0.088456,51.514975,On or near Tokenhouse Yard,E01032739,City of London 001F,Further action is not in the public interest
ffd7ad7827c80a57a07e088c6a9350803fe5cb5498ee9084f363b6617554cba5,2026-04,City of London Police,City of London Police,-0.091947,51.513188,On or near Pancras Lane,E01032739,City of London 001F,Investigation complete; no suspect identified
285095a1b747cb7feeafc79efea0cc05f568b5b1090262d99e004595ff420841,2026-04,City of London Police,City of London Police,-0.086815,51.517007,On or near Circus Place,E01032739,City of London 001F,Investigation complete; no suspect identified
891d8427b5706f1f094c46585bcda3f3ab34cedb653c7ef1e27338279c634e72,2026-04,City of London Police,City of London Police,-0.082993,51.516360,On or near Wormwood Street,E01032739,City of London 001F,Investigation complete; no suspect identified
1bdbc6c05d4b0b66adab363cd4a8c4a621a4bcfaee9643ae1ec2a41d8ef8e6ac,2026-04,City of London Police,City of London Police,-0.084844,51.510725,On or near Eastcheap,E01032739,City of London 001F,Unable to prosecute suspect
83ade53b17bf2522bb5be0fdb6b31b1d2d85d32686b538b9024b0efe697ac444,2026-04,City of London Police,City of London Police,-0.079907,51.517785,On or near Victoria Avenue,E01032739,City of London 001F,Investigation complete; no suspect identified
0ea3b7113e240bd1d54b8377c83bcfd0bc75641d55594fcc6bcc166dbcfee41b,2026-04,City of London Police,City of London Police,-0.075080,51.512625,On or near St Clare Street,E01000005,City of London 001E,Investigation complete; no suspect identified
98d7632285a496b0eaba922a9a3e87aedcc33a6a4b6af62e8f35ebc6519464d3,2026-04,City of London Police,City of London Police,-0.091947,51.513188,On or near Pancras Lane,E01032739,City of London 001F,Unable to prosecute suspect
215db1ccb11b8d83ae79a7b85b9ec58bd46cdb3c3d9d9c977e032036840fe01a,2026-04,City of London Police,City of London Police,-0.078477,51.509965,On or near Muscovy Street,E01032739,City of London 001F,Investigation complete; no suspect identified
9b55301384c449cd88b5c430844c92e851a4dbe4152d9caae18589811a7b5506,2026-04,City of London Police,City of London Police,-0.104276,51.513712,On or near A201,E01032739,City of London 001F,Unable to prosecute suspect
afc63b0e756bc802e155634745eb44731c80b590be1e91d09bbc6ac0733c86ec,2026-04,City of London Police,City of London Police,-0.076870,51.516647,On or near Middlesex Street,E01000005,City of London 001E,Investigation complete; no suspect identified
32488f346df30cb51f3a64b6d547642d6775ed09e321fb8a725f47a38909b45e,2026-04,City of London Police,City of London Police,-0.094460,51.512024,On or near Great Trinity Lane,E01032739,City of London 001F,Suspect charged
078dbd5f8b87d0bc9c8fc426b999a942dd719c2c04c58aaf2a765eb71b8ec837,2026-04,City of London Police,City of London Police,-0.094900,51.513209,On or near Bread Street,E01032739,City of London 001F,Investigation complete; no suspect identified
e6e92a5495513af446818a5282a6a95ac3f5813d49ca9163defd567609632d21,2026-04,City of London Police,City of London Police,-0.091540,51.511896,On or near Cannon Street,E01032739,City of London 001F,Investigation complete; no suspect identified
9a89c29d48ed0e086916cad4c6d088cc30d52239a37bf02ef375901393f09042,2026-04,City of London Police,City of London Police,-0.102812,51.517051,On or near Police Station,E01032740,City of London 001G,Unable to prosecute suspect
dad3dfe3e862736f91ac160b42efafcd3bf0753b31f8820609e02d1f98e08a84,2026-04,City of London Police,City of London Police,-0.089822,51.516103,On or near Coleman Street,E01032739,City of London 001F,Investigation complete; no suspect identified
096a97ab4f0c9d794002d35e54aebadc91c2781fe41a66558d3e1cf08776c088,2026-04,City of London Police,City of London Police,-0.112019,51.516067,On or near Chancery Lane,E01032740,City of London 001G,Investigation complete; no suspect identified
32462bf0a243b1994d9c8a288fcc43f0a2aed6011dfcf6588d34bb4ac18363b1,2026-04,City of London Police,City of London Police,-0.078755,51.518440,On or near Artillery Lane,E01032739,City of London 001F,Investigation complete; no suspect identified
b958d93d3f5d60c169112d96298ec0a883ec6d3faf04254174f4c00b2bf02d82,2026-04,City of London Police,City of London Police,-0.082993,51.516360,On or near Wormwood Street,E01032739,City of London 001F,Suspect charged
219dd9624ddf48377076ca51288a5804b95f1a9e879cee26f22a414133b72473,2026-04,City of London Police,City of London Police,-0.081113,51.516869,On or near Bishopsgate,E01032739,City of London 001F,Suspect charged
fe08d30ea31ff09b28475238cb5eb1c1cd3fa5d09096a3c63b52a40278986c61,2026-04,City of London Police,City of London Police,-0.085228,51.511190,On or near Talbot Court,E01032739,City of London 001F,Investigation complete; no suspect identified
632eb11cd7a2a1f22579db5dea1c3c97a3d1e645c5c4b3ad6013aee8eecc6338,2026-04,City of London Police,City of London Police,-0.096501,51.513874,On or near New Change,E01032739,City of London 001F,Suspect charged
066cecf4dae8336da8b73c4aaca1a17ce0d17a0740da8633eabf388dd5214635,2026-04,City of London Police,City of London Police,-0.079521,51.511196,On or near New London Street,E01032739,City of London 001F,Investigation complete; no suspect identified
8f2ca6fc8433c486a0a4fa2e785df2fbd20be87785a97ccc0b9d9422b86f6018,2026-04,City of London Police,City of London Police,-0.101621,51.516906,On or near Giltspur Street,E01032740,City of London 001G,Investigation complete; no suspect identified
ff27235e53cd232cde9f38297999a7d80b61e64a83f542c93f02232f8036338f,2026-04,City of London Police,City of London Police,-0.084836,51.511939,On or near Shopping Area,E01032739,City of London 001F,Investigation complete; no suspect identified
64ea6e0cb463dec030cdf56955bebc540bfcb50d35c3bbedc31f27b8fe3e4255,2026-04,City of London Police,City of London Police,-0.081643,51.510070,On or near Great Tower Street,E01032739,City of London 001F,Investigation complete; no suspect identified
f6a66ac4dffa4f991963ab3c384f58fe6c4e23622c4808cad1afc8b665a531d1,2026-04,City of London Police,City of London Police,-0.085228,51.511190,On or near Talbot Court,E01032739,City of London 001F,Investigation complete; no suspect identified
b7fb920fe7d69fe38d16a8796a70b43e0367047fc999a1ae9773d5e703a204de,2026-04,City of London Police,City of London Police,-0.111065,51.512302,On or near Middle Temple Lane,E01032740,City of London 001G,Investigation complete; no suspect identified
bfb617ef227aae6b6f4c7fa10c0b31096362d9f298ee6e4f2551e0b4173b60e3,2026-04,City of London Police,City of London Police,-0.101621,51.516906,On or near Giltspur Street,E01032740,City of London 001G,Suspect charged
4c11e6445f63bf8c27850cf61949a8aea732196903845f0ba147f54e01d07130,2026-04,City of London Police,City of London Police,-0.077959,51.511332,On or near Crutched Friars,E01032739,City of London 001F,Investigation complete; no suspect identified
06a132cbdd0e83883c6dd9fda757b8725ba3a8bf04da254be505078d4370a6d9,2026-04,City of London Police,City of London Police,-0.091947,51.513188,On or near Pancras Lane,E01032739,City of London 001F,Investigation complete; no suspect identified
a33c017aec57c87083cd4e279401ccfc3a29993768a661300f4bf8826a7630ee,2026-04,City of London Police,City of London Police,-0.074130,51.511224,On or near Goodman's Yard,E01000005,City of London 001E,Investigation complete; no suspect identified
2fe72448087b3bcbd416a567d7202ed9ef1d3b5c6e4effebe9f1c3b05b44b8e4,2026-04,City of London Police,City of London Police,-0.077597,51.518907,On or near Steward Street,E01004307,Tower Hamlets 015B,Investigation complete; no suspect identified
5c236bb50b7cd38b1360657a145c1f6a701fdd1047eeaa8767234f4b5a91fb30,2026-04,City of London Police,City of London Police,-0.078849,51.516212,On or near Devonshire Square,E01000005,City of London 001E,Investigation complete; no suspect identified
fb0fee119dad48c27d89661932309d45e4bd568226cc80aab8530fb04e5dcde2,2026-04,City of London Police,City of London Police,-0.098500,51.520551,On or near Carthusian Street,E01033490,Islington 022H,Investigation complete; no suspect identified
06c62749c927cd976b8e7451afc416aca99db8aede0ef39708b25f4a70dbec0a,2026-04,City of London Police,City of London Police,,,No location,,,Investigation complete; no suspect identified
db10055248917567df588ac68b3f4a6467f7e0c1b4bf7e1e2c4e49aba8291125,2026-04,City of London Police,City of London Police,-0.074330,51.513647,On or near Little Somerset Street,E01000005,City of London 001E,Investigation complete; no suspect identified
b35bfbab2c44d1375d8566f8dfd595b74f7f55b777a4c51d4fa5687663ffa377,2026-04,City of London Police,City of London Police,-0.079907,51.517785,On or near Victoria Avenue,E01032739,City of London 001F,Investigation complete; no suspect identified
e6ef6abe6879ff3ff3e0f00e38f7be6acb4a71bd198042ab72eaf76cc2373bbd,2026-04,City of London Police,City of London Police,-0.088785,51.517102,On or near Moorgate,E01032739,City of London 001F,Unable to prosecute suspect
3f843dce445caf1ef300c859d8976272545202afd74a8db3639b18be7c0dd10d,2026-04,City of London Police,City of London Police,,,No location,,,Investigation complete; no suspect identified
c4d959df8e15c0de2e4c9957e8a52385b518c58cb9b0f7c40483107e4aa4425d,2026-04,City of London Police,City of London Police,-0.102812,51.517051,On or near Police Station,E01032740,City of London 001G,Investigation complete; no suspect identified
ba3f9829b756424d6a118b711b8291cd5efb52c5fedd5db93f9440c1839d66f7,2026-04,City of London Police,City of London Police,-0.082993,51.516360,On or near Wormwood Street,E01032739,City of London 001F,Suspect charged
c1491a13c2abc13ba2d5953206516280d6ccd9f32e222404c3cef49cca74ccef,2026-04,City of London Police,City of London Police,-0.091947,51.513188,On or near Pancras Lane,E01032739,City of London 001F,Unable to prosecute suspect
1d363400fe9fd1961c789dcbfeaab567a54a6b599ef04ac7c89d2e8659706800,2026-04,City of London Police,City of London Police,-0.079521,51.511196,On or near New London Street,E01032739,City of London 001F,Unable to prosecute suspect
a355bec293262cfde630abec7bcf3e2264d0be1f6cb0e30182fbafc7a30feb2d,2026-04,City of London Police,City of London Police,-0.079883,51.517326,On or near New Street,E01032739,City of London 001F,Investigation complete; no suspect identified
f01abb15b92c51aae5d4da3bec299cd559923cbb7f7ba1244e749e1d889bec66,2026-04,City of London Police,City of London Police,-0.085228,51.511190,On or near Talbot Court,E01032739,City of London 001F,Unable to prosecute suspect
96e4b5bb9501021cfe6edb28758b20ed0eafa682547cd7d1c90904285fb79000,2026-04,City of London Police,City of London Police,-0.092405,51.522026,On or near Supermarket,E01002704,Islington 023D,Investigation complete; no suspect identified
84feedca09a0aa9be60c733860a579ca54489a8d9300bc9cb21d702d1723b5ab,2026-04,City of London Police,City of London Police,-0.085228,51.511190,On or near Talbot Court,E01032739,City of London 001F,Unable to prosecute suspect
ba74c2f3b318ea4c2cdd700f5d0b4754547d8b33db3df34548be058afac5fa77,2026-04,City of London Police,City of London Police,-0.091947,51.513188,On or near Pancras Lane,E01032739,City of London 001F,Unable to prosecute suspect
f318f40e2254b7392cb463b5f40d81154d357d66ac1e0c77e926c738aa0ed90a,2026-04,City of London Police,City of London Police,,,No location,,,Suspect charged
4d73b86efd42f4463f71920aae32e6f3660bf16b1c0c06ffdb07aaca140d5d7d,2026-04,City of London Police,City of London Police,-0.078477,51.509965,On or near Muscovy Street,E01032739,City of London 001F,Investigation complete; no suspect identified
595e549316ba8468a8bdfbab9abafa22bf2dd6eef39727b14be1ce7ab47ce379,2026-04,City of London Police,City of London Police,-0.077959,51.511332,On or near Crutched Friars,E01032739,City of London 001F,Investigation complete; no suspect identified
22658497ae36b5eef59e9dd56544751ee5aa5a684af6b4d7ddd6a9bf01e41f50,2026-04,City of London Police,City of London Police,-0.088785,51.517102,On or near Moorgate,E01032739,City of London 001F,Unable to prosecute suspect
82c26250be800a5182acb3b1337651b2b97ff150b39acccedd6a25d67bded09c,2026-04,City of London Police,City of London Police,-0.084844,51.510725,On or near Eastcheap,E01032739,City of London 001F,Investigation complete; no suspect identified
d9daee2dcf29fec18de3645ec33b66aee4ebf870701271478d48b9abda670dec,2026-04,City of London Police,City of London Police,-0.096501,51.513874,On or near New Change,E01032739,City of London 001F,Suspect charged
5c9297cf8810a266d7ed694c5be8071a46e3f7349802659139736c568bb93bce,2026-04,City of London Police,City of London Police,-0.073456,51.513542,On or near Little Somerset Street,E01000005,City of London 001E,Unable to prosecute suspect
194b734fce3998b0d659be02fe1da547c974dc443566ebb78032ad2d7fcd0814,2026-04,City of London Police,City of London Police,-0.085089,51.512105,On or near Gracechurch Street,E01032739,City of London 001F,Suspect charged
b97e01f9cec741018ed79ff6002f996e5dc6756069ef10fed5064bead26d01a5,2026-04,City of London Police,City of London Police,-0.089808,51.517461,On or near London Wall,E01032739,City of London 001F,Investigation complete; no suspect identified
64d76c6bc7256841853348683c2b5d8e9755258f71814d1464a221cf7f63f169,2026-04,City of London Police,City of London Police,-0.091947,51.513188,On or near Pancras Lane,E01032739,City of London 001F,Investigation complete; no suspect identified
6e600e49d2a8af08aa99530c89914741a0ecf18256b1c1f4e21281851e744ea8,2026-04,City of London Police,City of London Police,-0.098204,51.517984,On or near Albion Way,E01032740,City of London 001G,Investigation complete; no suspect identified
46245f8229e957b7569013820df08b716ed488279bf112c1060fcfc9170655a0,2026-04,City of London Police,City of London Police,-0.097144,51.515062,On or near St Paul's,E01000001,City of London 001A,Investigation complete; no suspect identified
8a52aee9e48bbd00f13389f9741f6bc87ee8128f7845a19567c2d4be3833bcc4,2026-04,City of London Police,City of London Police,-0.092531,51.512658,On or near Queen Street,E01032739,City of London 001F,Unable to prosecute suspect
9c1e7be5229eaa929357b0daa80e90d892dcfaca2cc66108b25bd3d4515c29b6,2026-04,City of London Police,City of London Police,-0.100888,51.514448,On or near Amen Corner,E01032739,City of London 001F,Investigation complete; no suspect identified
0c6fcacbb0f98f2f70d4569a87d47a19bc10e2ac9d02150a3d38bcebb858aae5,2026-04,City of London Police,City of London Police,-0.079883,51.517326,On or near New Street,E01032739,City of London 001F,Unable to prosecute suspect
12aa693c247876163d0c2cf24e0fb2ab4dad44529126e840cbac0f0e8867a9bb,2026-04,City of London Police,City of London Police,-0.077597,51.518907,On or near Steward Street,E01004307,Tower Hamlets 015B,Investigation complete; no suspect identified
4db656d17433049d83bf0e07d728eaa7999d781d14513a3f4d187f8059a7a233,2026-04,City of London Police,City of London Police,-0.084844,51.510725,On or near Eastcheap,E01032739,City of London 001F,Unable to prosecute suspect
da5fbbcd2b6ffa700d903a47f410187cef385c3497591677fad5bd21e9f3bf40,2026-04,City of London Police,City of London Police,-0.101621,51.516906,On or near Giltspur Street,E01032740,City of London 001G,Unable to prosecute suspect
32f97c1259bf65778de1e61c558d65dd9da0ba94c0be0b07b20d9a1738d3f9fd,2026-04,City of London Police,City of London Police,-0.089208,51.509744,On or near Angel Lane,E01032739,City of London 001F,Investigation complete; no suspect identified
483b52f96421880d31414d60a503bc7bf9a76494d0282d0ac07555fee3f05ba1,2026-04,City of London Police,City of London Police,-0.092488,51.520598,On or near Silk Street,E01000002,City of London 001B,Investigation complete; no suspect identified
aa23e42c681fb860124a116ec6da860b08579d55523fa31d4432a97815cfd25a,2026-04,City of London Police,City of London Police,-0.095758,51.521667,On or near Fann Street,E01000003,City of London 001C,Investigation complete; no suspect identified
eea3902ff4c798baadf58dda9339cd36be76f85e44f6d99d824a5f36cf1f2a3a,2026-04,City of London Police,City of London Police,-0.105835,51.507415,On or near Supermarket,E01003934,Southwark 002C,Investigation complete; no suspect identified
acac553fbc2a5a528170a614b3396daf7e9441f86e485c073a90b7c67fb81136,2026-04,City of London Police,City of London Police,-0.079883,51.517326,On or near New Street,E01032739,City of London 001F,Unable to prosecute suspect
910fc5234dd307aa0c5e0565ec97a2379bf8128506c510435d1f4adeb80c74b1,2026-04,City of London Police,City of London Police,,,No location,,,Investigation complete; no suspect identified
110ae9651cffd34662b869a9bf7959a24d6b3b124ba11082da81bab5678f3626,2026-04,City of London Police,City of London Police,-0.075080,51.512625,On or near St Clare Street,E01000005,City of London 001E,Unable to prosecute suspect
ae42bede54227666189ee3c2cdad7c7c3050c5a555e64806182b735b64677b93,2026-04,City of London Police,City of London Police,-0.106997,51.522137,On or near Farringdon Road,E01002724,Islington 022D,Suspect charged
719d5c4732821165781d09c10fc450018c0ed5508e60352aae6c9b25f1a9ab97,2026-04,City of London Police,City of London Police,-0.073727,51.511218,On or near Goodman's Yard,E01000005,City of London 001E,Investigation complete; no suspect identified
1f83ece6867f81e5097ff93d0ed5baadd5227a94befee1cf2360d2457f0161ff,2026-04,City of London Police,City of London Police,-0.096501,51.513874,On or near New Change,E01032739,City of London 001F,Investigation complete; no suspect identified
8278dca1f3fd194df2e044a57435c9a7e82442ca2d1a0da0aff3590fa37868f4,2026-04,City of London Police,City of London Police,-0.074330,51.513647,On or near Little Somerset Street,E01000005,City of London 001E,Investigation complete; no suspect identified
1fc978e86c30f22084c5e3945fbf89bb6ce269eede45c89c4a539cdd002e96d9,2026-04,City of London Police,City of London Police,-0.100888,51.514448,On or near Amen Corner,E01032739,City of London 001F,Investigation complete; no suspect identified
8358bb1cf789a5a988435c8199cf5bd828b9ca873f44e8e7d718f853012d7a38,2026-04,City of London Police,City of London Police,-0.101906,51.511794,On or near Theatre/Concert Hall,E01032739,City of London 001F,Investigation complete; no suspect identified
1a1d4be4645c394dc321bad2be3bdc8fd53d689c3f7c214b9c723076f4906710,2026-04,City of London Police,City of London Police,,,No location,,,Investigation complete; no suspect identified
a012e25ac5ee8733886853218b6da94938eb3f521081cb5418d0c19cc6d81270,2026-04,City of London Police,City of London Police,-0.091947,51.513188,On or near Pancras Lane,E01032739,City of London 001F,Investigation complete; no suspect identified
e8b806e701ba4bc1c937e34c7d1423f67e525fb1353c0d82833912df3e149a2a,2026-04,City of London Police,City of London Police,-0.091495,51.518145,On or near Fore Street,E01000002,City of London 001B,Investigation complete; no suspect identified
50ab64acc8e213052309d7bb0ad8e9e211624e2a2b2e97e4201605ee0f673f52,2026-04,City of London Police,City of London Police,-0.084844,51.509700,On or near Monument Street,E01032739,City of London 001F,Investigation complete; no suspect identified
27b411d39cf8634c869e8c6ff094c0e0fe2149519056b20f947bbadff4207f40,2026-04,City of London Police,City of London Police,-0.088456,51.514975,On or near Tokenhouse Yard,E01032739,City of London 001F,Investigation complete; no suspect identified
84c7097acc3dc04d2984ea0de42d12509e45004795e04ad440fc2aa942df48d1,2026-04,City of London Police,City of London Police,-0.097103,51.518461,On or near Aldersgate Street,E01000001,City of London 001A,Investigation complete; no suspect identified
3214279b9f96db29b9f5d1e5dd6ee89fdd4b79b1125439b76a0b2157b5ba4c49,2026-04,City of London Police,City of London Police,-0.102134,51.513929,On or near Ludgate Hill,E01032739,City of London 001F,Investigation complete; no suspect identified
0450c18f8d9e9e9828dbe61bb71a4708e58c0cb93e0aefea78d15250726fb59d,2026-04,City of London Police,City of London Police,-0.104980,51.512033,On or near Kingscote Street,E01032740,City of London 001G,Investigation complete; no suspect identified
4007ff8927ce4ad552e7d144871ae28a23c6ec57e23ac6205b0439e991f2ee6f,2026-04,City of London Police,City of London Police,-0.092633,51.509872,On or near Bell Wharf Lane,E01032739,City of London 001F,Investigation complete; no suspect identified
0ad48a78e2841c3c4e6999521692ea3f2bd5e5892e1248766876295be28be839,2026-04,City of London Police,City of London Police,-0.079883,51.517326,On or near New Street,E01032739,City of London 001F,Unable to prosecute suspect
9a4489ad1c2b8c6a74df1f420714951030189b296e67de51f4351459363cbfbc,2026-04,City of London Police,City of London Police,-0.106076,51.517239,On or near Conference/Exhibition Centre,E01032740,City of London 001G,Investigation complete; no suspect identified
3ff44d3d2d5408fada0831db8bda6d79cc684eb8d4e0ce32c548ebcc360116dd,2026-04,City of London Police,City of London Police,-0.084754,51.512882,On or near Corbet Court,E01032739,City of London 001F,Suspect charged
6f4060d250a9523eb3c28dcf7e86b04377f052784b321590ac9e65703d7f8c62,2026-04,City of London Police,City of London Police,,,No location,,,Investigation complete; no suspect identified
42b7a2c9aaf1d8e0ab9d5a0c285c33746c7ea8f28f83f47bd4662333e4a4f47f,2026-04,City of London Police,City of London Police,,,No location,,,Investigation complete; no suspect identified
89c67c25a3084bcbc203fabbd52d781b17b4c7b72db2d8b4870e9c02b4a3b7f1,2026-04,City of London Police,City of London Police,-0.081113,51.516869,On or near Bishopsgate,E01032739,City of London 001F,Suspect charged
89c67c25a3084bcbc203fabbd52d781b17b4c7b72db2d8b4870e9c02b4a3b7f1,2026-04,City of London Police,City of London Police,-0.081113,51.516869,On or near Bishopsgate,E01032739,City of London 001F,Suspect charged
1b77f9e8484be95330c5b7d56fcc17edacecb9223e3a97035588c1c996ad51d7,2026-04,City of London Police,City of London Police,-0.081113,51.516869,On or near Bishopsgate,E01032739,City of London 001F,Suspect charged
1b77f9e8484be95330c5b7d56fcc17edacecb9223e3a97035588c1c996ad51d7,2026-04,City of London Police,City of London Police,-0.081113,51.516869,On or near Bishopsgate,E01032739,City of London 001F,Suspect charged
0124719fac76d2fe65147081adb56adb240528d74d51ec6f4b171754d8d092c7,2026-04,City of London Police,City of London Police,-0.073727,51.511218,On or near Goodman's Yard,E01000005,City of London 001E,Investigation complete; no suspect identified
d0b4eec6d39da22bcccdcf2714f2daee3bd8ee2043dd8f79eb727072771a7fb8,2026-04,City of London Police,City of London Police,-0.088456,51.514975,On or near Tokenhouse Yard,E01032739,City of London 001F,Investigation complete; no suspect identified
8c094afec58d78514637d698bba791190a67be7be6637f07db7b5d550dc88cc3,2026-04,City of London Police,City of London Police,-0.077372,51.512590,On or near Carlisle Avenue,E01032739,City of London 001F,Unable to prosecute suspect
c15f1cb08faad40877a76c9e11c72419c5111d838a3e8b96bc84c5bc8caa854d,2026-04,City of London Police,City of London Police,-0.097078,51.519045,On or near A1,E01000001,City of London 001A,Suspect charged
c15f1cb08faad40877a76c9e11c72419c5111d838a3e8b96bc84c5bc8caa854d,2026-04,City of London Police,City of London Police,-0.097078,51.519045,On or near A1,E01000001,City of London 001A,Suspect charged
581e5ab6d67c21b6e5cd7aca79f428dd8ce9ae7471327daf7b8e625f680db909,2026-04,City of London Police,City of London Police,-0.091947,51.513188,On or near Pancras Lane,E01032739,City of London 001F,Suspect charged
df0275e67ea6eec8572a855213ff708d275fa4be8fbf7475c7dc9926ff507558,2026-04,City of London Police,City of London Police,-0.079521,51.511196,On or near New London Street,E01032739,City of London 001F,Investigation complete; no suspect identified
5561d59b200ee2d56880c503891fa95df8f2472faa36fae81a6f43b4535109a9,2026-04,City of London Police,City of London Police,-0.102726,51.513911,On or near Pageantmaster Court,E01032740,City of London 001G,Investigation complete; no suspect identified
b6f7aaaaed781f4f5f9720d822779d15422b386e29bf6bdafcf9af6264acda7f,2026-04,City of London Police,City of London Police,-0.096367,51.515355,On or near Foster Lane,E01000001,City of London 001A,Unable to prosecute suspect
bb47b8726f69ad14a6c0881685d55c577564f90e500c94f8a90b00e16d803acc,2026-04,City of London Police,City of London Police,-0.088785,51.517102,On or near Moorgate,E01032739,City of London 001F,Investigation complete; no suspect identified
4f116100e966d3eddf6fb32b85dd055159a40f6f5487304d60be1d536aeccb60,2026-04,City of London Police,City of London Police,-0.095053,51.523022,On or near Golden Lane,E01000003,City of London 001C,Investigation complete; no suspect identified
3473926fcb49d8a1b0705a306c390a2b4e193905793ce57c078aa8a42ea582d3,2026-04,City of London Police,City of London Police,-0.078755,51.518440,On or near Artillery Lane,E01032739,City of London 001F,Investigation complete; no suspect identified
0555a791a7957c6fe129b38ff1953cdc6c11149a2ef16285da0df29d185fa28f,2026-04,City of London Police,City of London Police,-0.097291,51.514626,On or near Supermarket,E01032739,City of London 001F,Investigation complete; no suspect identified
92692e5465d6909298afca5c6b6e09867ecea150ac615631a5cfd321eec709f7,2026-04,City of London Police,City of London Police,-0.172915,51.517103,On or near Praed Street,E01033594,Westminster 015G,Investigation complete; no suspect identified
ff26d6034accaf718c54fce2d4ded0759c60c93d4b111c023fa63f598a976638,2026-04,City of London Police,City of London Police,-0.087157,51.512624,On or near Lombard Street,E01032739,City of London 001F,Investigation complete; no suspect identified
838bad30ee9abbd3c5df3228f38ba3e3792aa638b49b27e537570f7e090bc9f1,2026-04,City of London Police,City of London Police,-0.085089,51.512105,On or near Gracechurch Street,E01032739,City of London 001F,Investigation complete; no suspect identified
7a1f6e2ced2b256ddb82874091164076f156558bc6b5d738e3c25003c529c3ae,2026-04,City of London Police,City of London Police,-0.079883,51.517326,On or near New Street,E01032739,City of London 001F,Suspect charged
845204af8e10a73b0e9ebe2cc53c828f4f1776dd4d08aac806259fddca291756,2026-04,City of London Police,City of London Police,-0.108450,51.514202,On or near Fleet Street,E01032740,City of London 001G,Investigation complete; no suspect identified
03143f2db2ee1c536cccd4b9d9d1c51022495259bbd1e932560a70506beedb22,2026-04,City of London Police,City of London Police,-0.087157,51.512624,On or near Lombard Street,E01032739,City of London 001F,Investigation complete; no suspect identified
f6360b70246707de33d266d6474b011f80129da5da8dff1bc2aec76d6ea295b3,2026-04,City of London Police,City of London Police,-0.082993,51.516360,On or near Wormwood Street,E01032739,City of London 001F,Unable to prosecute suspect
67decf788fbc7c7bddabe1a7b94c5e74c90a291b034caee8449d5b6c60010540,2026-04,City of London Police,City of London Police,-0.101621,51.516906,On or near Giltspur Street,E01032740,City of London 001G,Suspect charged
7954b6e042830e730d27514bb5759b8a316ceeae15f960189b0bb6e11f72702e,2026-04,City of London Police,City of London Police,-0.104980,51.512033,On or near Kingscote Street,E01032740,City of London 001G,Investigation complete; no suspect identified
f8dcf82a6c0aa934f527ea16e028a9350b7019d5f71634189b30cca66a72b37d,2026-04,City of London Police,City of London Police,-0.079883,51.517326,On or near New Street,E01032739,City of London 001F,Unable to prosecute suspect
10f27181421d54c9aefdb21ed862c2b76e426d9da2ebbbcd2c4a9d87f3b627c6,2026-04,City of London Police,City of London Police,-0.088903,51.510836,On or near Laurence Pountney Hill,E01032739,City of London 001F,Local resolution
53f071a3a8e3292f2d0d322dc6f69ebb642dd3f1b22a191c0e07d98ee5982e0e,2026-04,City of London Police,City of London Police,-0.083977,51.510441,On or near Lovat Lane,E01032739,City of London 001F,Unable to prosecute suspect
33294d7f1b8c65288b196f63f61729aef3264b1c8d9bf7b8a033ec66d1f07807,2026-04,City of London Police,City of London Police,-0.079127,51.509607,On or near Byward Street,E01032739,City of London 001F,Unable to prosecute suspect
a9018175767256ea883ff445c48702c7649cece8bd880d8d5d9dfbbfba8d2299,2026-04,City of London Police,City of London Police,-0.083977,51.510441,On or near Lovat Lane,E01032739,City of London 001F,Unable to prosecute suspect
51019102f0a730eb70502cf69fbba02e2dbfaa2f5dc88a97818985d7c7c1040c,2026-04,City of London Police,City of London Police,-0.077372,51.512590,On or near Carlisle Avenue,E01032739,City of London 001F,Investigation complete; no suspect identified
dc4e7d9901b66f165b896ba191596b648f1d75c17e3ac1ddd32cda955379d871,2026-04,City of London Police,City of London Police,-0.107443,51.515534,On or near Printer Street,E01032740,City of London 001G,Unable to prosecute suspect
77eb59c5eae12948e4f4fbe906434dc2f10053c6acaa9e626cdb037cf2781277,2026-04,City of London Police,City of London Police,-0.087157,51.512624,On or near Lombard Street,E01032739,City of London 001F,Investigation complete; no suspect identified
6d02b23e551b2744474aef82afd41caaef9f4651e660c14fd85da227f8ef730b,2026-04,City of London Police,City of London Police,-0.095924,51.513882,On or near Shopping Area,E01032739,City of London 001F,Unable to prosecute suspect
5eb2e7b784d8f7befa62be6fadbc3472c4c821816544e9b9961feee8f6d5e5e8,2026-04,City of London Police,City of London Police,-0.092633,51.509872,On or near Bell Wharf Lane,E01032739,City of London 001F,Investigation complete; no suspect identified
4eb6ce0ee7e809e4fea6c925c51e6f5b74648322e482af808d4a1f1f231b2c4e,2026-04,City of London Police,City of London Police,-0.095758,51.521667,On or near Fann Street,E01000003,City of London 001C,Investigation complete; no suspect identified
344bb803db206549ec633e9c11e3ff4e3587fe702b33a095bf2150874ad55875,2026-04,City of London Police,City of London Police,-0.087772,51.510665,On or near Martin Lane,E01032739,City of London 001F,Investigation complete; no suspect identified
7f33380974e5f1efa1ebcc8a1733189c94b58d958a4df8789518e71a6e802648,2026-04,City of London Police,City of London Police,-0.097291,51.514626,On or near Supermarket,E01032739,City of London 001F,Investigation complete; no suspect identified
66a0227ab11485594227173235fb220734902cf16da3d916c5cb217757391e15,2026-04,City of London Police,City of London Police,-0.101963,51.510761,On or near Ferry Terminal,E01032739,City of London 001F,Investigation complete; no suspect identified
b74be57376a4c9957a2746686ea227b3f9c941784380499303793bdad8eb070e,2026-04,City of London Police,City of London Police,-0.076667,51.509485,On or near A3211,E01004293,Tower Hamlets 027B,Investigation complete; no suspect identified
c574059c2309c6ca449ae42eb38744758b134b3c69205b08d28abffa34d40106,2026-04,City of London Police,City of London Police,-0.097291,51.514626,On or near Supermarket,E01032739,City of London 001F,Investigation complete; no suspect identified
12e5bfe049527953f1ff3a8c607e123f5f7909e9bfd15c17011fa8c0c7d3cb7a,2026-04,City of London Police,City of London Police,-0.087772,51.510665,On or near Martin Lane,E01032739,City of London 001F,Unable to prosecute suspect
12c1ecd05d10f8b0c33514a9db937256664b2f1dc0436e2ec8784534cb4d53dc,2026-04,City of London Police,City of London Police,-0.095648,51.521198,On or near Bridgewater Square,E01000003,City of London 001C,Investigation complete; no suspect identified
1825889a4d654d19765fdadab8a6ec1203d065cadcf3fe147752da32f71414ba,2026-04,City of London Police,City of London Police,-0.075453,51.511965,On or near Minories,E01000005,City of London 001E,Investigation complete; no suspect identified
7074e8f949d2ef4c94a5b1cc4a3243b78575ecc2cb17f9492d603936748fe210,2026-04,City of London Police,City of London Police,-0.089208,51.509744,On or near Angel Lane,E01032739,City of London 001F,Investigation complete; no suspect identified
efcf9724055cffb8e9ec4d2905156d40be9210fc65bd25c05e474061ac37388b,2026-04,City of London Police,City of London Police,-0.087157,51.512624,On or near Lombard Street,E01032739,City of London 001F,Unable to prosecute suspect
81adeaa3c232075c12f240ef114c50b0884d1a11241d93b839eb3ec2d5d372f5,2026-04,City of London Police,City of London Police,-0.075401,51.511164,On or near Supermarket,E01000005,City of London 001E,Investigation complete; no suspect identified
28a85175530a6821d9bdba7d6760f3207b6da06ca89dfbc999d9d400d9c01a24,2026-04,City of London Police,City of London Police,-0.102812,51.517051,On or near Police Station,E01032740,City of London 001G,Investigation complete; no suspect identified
36f5972bfca30202962b4a1442a281857a66be67da57928b2acd7fb4bcd2f70d,2026-04,City of London Police,City of London Police,-0.091540,51.511896,On or near Cannon Street,E01032739,City of London 001F,Investigation complete; no suspect identified
9dd3590345224f10d381313424db512ad32b449ebd178ca1ff1caf763f0dbe3a,2026-04,City of London Police,City of London Police,-0.094070,51.513079,On or near Watling Street,E01032739,City of London 001F,Investigation complete; no suspect identified
01865689c5e880a0a01a26a616e762c4a50efae56a05176e431e206801039754,2026-04,City of London Police,City of London Police,-0.094070,51.513079,On or near Watling Street,E01032739,City of London 001F,Unable to prosecute suspect
63fc21f626d3c92781f4bb4ccc15aac9a1d562a465fa60579460fad7735bd50b,2026-04,City of London Police,City of London Police,-0.095258,51.520526,On or near Beech Street,E01000003,City of London 001C,Investigation complete; no suspect identified
1c64c025ad681c340e2c0c530ee19a4925f87dc2ec99a7e3ab73b15b1891c5d0,2026-04,City of London Police,City of London Police,-0.107682,51.517786,On or near B521,E01000917,Camden 027C,Unable to prosecute suspect
5be887b710fe344801669ee3e54bd051995454365bc73ce2068600a32b9dafbb,2026-04,City of London Police,City of London Police,-0.105909,51.513262,On or near Dorset Buildings,E01032740,City of London 001G,Investigation complete; no suspect identified
f76194de7477cab74f2e0f7818023aafc58273bea1eb8a3bb614308a55ae9e5b,2026-04,City of London Police,City of London Police,-0.074330,51.513647,On or near Little Somerset Street,E01000005,City of London 001E,Investigation complete; no suspect identified
8faaa8d918b44c689e86e1d08c3403fe9ef1e74b9bd257774e75f14e859e069c,2026-04,City of London Police,City of London Police,-0.091823,51.514427,On or near Ironmonger Lane,E01032739,City of London 001F,Investigation complete; no suspect identified
767bbba50a1f3386feb1e20a6ea80dc3969377d8aa8d8877d796c549ecd544df,2026-04,City of London Police,City of London Police,-0.101906,51.511794,On or near Theatre/Concert Hall,E01032739,City of London 001F,Investigation complete; no suspect identified
4c13a6b8a5a5cf225e4fb98f8890cc9e5a69e545281a8601f7128b593460697d,2026-04,City of London Police,City of London Police,-0.081113,51.516869,On or near Bishopsgate,E01032739,City of London 001F,Investigation complete; no suspect identified
e2ffe450fbf3d2fb571f0be4ad5aca9d3888c4082afd1a7d540c3ebe3617e2e3,2026-04,City of London Police,City of London Police,-0.081512,51.518692,On or near London Liverpool Street,E01032739,City of London 001F,Investigation complete; no suspect identified
f3b3d9f30a82c473d8be42658617a822f887139a8d47efa1e63cecad7f7fe7f2,2026-04,City of London Police,City of London Police,-0.086815,51.517007,On or near Circus Place,E01032739,City of London 001F,Investigation complete; no suspect identified
a6cbc18f7c2397741adc6fd06a0990a730613ed7dbfb84650b735f7c6886eb62,2026-04,City of London Police,City of London Police,-0.084844,51.510725,On or near Eastcheap,E01032739,City of London 001F,Investigation complete; no suspect identified
4900d851bb80b3a8ec562b653d2ac53e1564ad1d475f4130dec5bfedb1c1ba18,2026-04,City of London Police,City of London Police,-0.089208,51.509744,On or near Angel Lane,E01032739,City of London 001F,Investigation complete; no suspect identified
dc70a98e595f30de8be73694fdcdc51e4659dccf714d5b824d4a512671fcf3f9,2026-04,City of London Police,City of London Police,-0.072542,51.513100,On or near Further/Higher Educational Building,E01032767,Tower Hamlets 021F,Investigation complete; no suspect identified
71d082432bb67da361140c81d258aa5e2c1b877ab573efb39693ff0004d6233c,2026-04,City of London Police,City of London Police,-0.081113,51.516869,On or near Bishopsgate,E01032739,City of London 001F,Investigation complete; no suspect identified
414f97b64c2799f5f46b80d45e9cd2c9bc15158dfa46cb7dfebec1c87817c378,2026-04,City of London Police,City of London Police,-0.082133,51.515222,On or near St Helen's Place,E01032739,City of London 001F,Unable to prosecute suspect
e576adbfd42bf7e85f4a3d5e65a171e1120d0ddde62fe5018adb5ce9670c2af4,2026-04,City of London Police,City of London Police,-0.079883,51.517326,On or near New Street,E01032739,City of London 001F,Unable to prosecute suspect
4481c9b6404bc925cce184b2e0de8a91f27609f39ab251f11a7909f8f2e88d25,2026-04,City of London Police,City of London Police,-0.074330,51.513647,On or near Little Somerset Street,E01000005,City of London 001E,Investigation complete; no suspect identified
bba703d4144d7aa1a96f970a91bad6ba4cb1f699072996ca0d8774c1ee0825dc,2026-04,City of London Police,City of London Police,-0.104276,51.513712,On or near A201,E01032739,City of London 001F,Investigation complete; no suspect identified
b406cad296b094f90a73d7621ab89e6a4ba5ede94f800e385ad743a8ed7e4b84,2026-04,City of London Police,City of London Police,-0.108027,51.511884,On or near Temple Avenue,E01032740,City of London 001G,Investigation complete; no suspect identified
7a87d7ff6db26d1256c56b21c90096cfd4ad2fb44af9cf1c3d2a868781e82858,2026-04,City of London Police,City of London Police,-0.089208,51.509744,On or near Angel Lane,E01032739,City of London 001F,Investigation complete; no suspect identified
1721c4f112112e2901d384957e14976d1924e12f7f3e50245c71a4e35eba0c8f,2026-04,City of London Police,City of London Police,-0.081113,51.516869,On or near Bishopsgate,E01032739,City of London 001F,Investigation complete; no suspect identified
45c1f2bab5965035aa4ac0373c6c840df7f4aea136d489d43b0c3495e0e3b4c3,2026-04,City of London Police,City of London Police,-0.088785,51.517102,On or near Moorgate,E01032739,City of London 001F,Unable to prosecute suspect
20d32923948aa0ad11f9bef9ed89775fb55db3a5f9eea4426b390152d09343d2,2026-04,City of London Police,City of London Police,-0.079138,51.508312,On or near Lower Thames Street,E01032739,City of London 001F,Investigation complete; no suspect identified
ce9404964c4f3b9b36fb427d3202fe984ee4ee32a1f0c286890498d7aa272911,2026-04,City of London Police,City of London Police,-0.104980,51.512033,On or near Kingscote Street,E01032740,City of London 001G,Investigation complete; no suspect identified
7345a0da68b66edf4cc9048f112c09c18afd9521120e07f38310690e6c8ce83b,2026-04,City of London Police,City of London Police,-0.081512,51.518692,On or near London Liverpool Street,E01032739,City of London 001F,Investigation complete; no suspect identified
17afead3b85c18a5c556ccf6ee24e0f02dab4a7338cd5abfa98a90cadbe2365f,2026-04,City of London Police,City of London Police,-0.110350,51.518090,On or near Holborn,E01000917,Camden 027C,Investigation complete; no suspect identified
47deb8e35495774d4a17626712fc93c79a623045623095c20f1a948bfd7a622b,2026-04,City of London Police,City of London Police,-0.092531,51.512658,On or near Queen Street,E01032739,City of London 001F,Investigation complete; no suspect identified
8fd2db9aa8fd0e69905d431022ea4b14a78d2ec0d8cd63e76c61f9774a133c9e,2026-04,City of London Police,City of London Police,-0.091540,51.511896,On or near Cannon Street,E01032739,City of London 001F,Investigation complete; no suspect identified
2ce583712e214c52a834e1453b39586262930d1582acf2d9c4055f9c126b73b4,2026-04,City of London Police,City of London Police,-0.088303,51.510728,On or near Laurence Pountney Lane,E01032739,City of London 001F,Investigation complete; no suspect identified
