Crime ID,Month,Reported by,Falls within,Longitude,Latitude,Location,LSOA code,LSOA name,Crime type,Last outcome category,Context
ddb3b43e3e7d75917dbce168b5e4a46a978381c272a101bc503eacc9fe8dc745,2026-04,City of London Police,City of London Police,-0.139297,51.533193,On or near Hampstead Road,E01000947,Camden 021C,Theft from the person,Under investigation,
17afead3b85c18a5c556ccf6ee24e0f02dab4a7338cd5abfa98a90cadbe2365f,2026-04,City of London Police,City of London Police,-0.110350,51.518090,On or near Holborn,E01000917,Camden 027C,Other theft,Investigation complete; no suspect identified,
5e74bf81a1c9c9516e792f580468d62d518b2150182df0a3e0a0a82eb6655cb8,2026-04,City of London Police,City of London Police,-0.107682,51.517786,On or near B521,E01000917,Camden 027C,Other theft,Under investigation,
1b090b2d52b2632e83dec0522d89f2b24a7c60c22e3f6100a793533d2d52888c,2026-04,City of London Police,City of London Police,-0.107682,51.517786,On or near B521,E01000917,Camden 027C,Theft from the person,Under investigation,
1c64c025ad681c340e2c0c530ee19a4925f87dc2ec99a7e3ab73b15b1891c5d0,2026-04,City of London Police,City of London Police,-0.107682,51.517786,On or near B521,E01000917,Camden 027C,Vehicle crime,Unable to prosecute suspect,
,2026-04,City of London Police,City of London Police,-0.111596,51.518281,On or near Chancery Lane,E01000914,Camden 028B,Anti-social behaviour,,
1ee83b554e7507c256b204f2c2211a4941c10cc85c7a6d411b22e6388f590aa9,2026-04,City of London Police,City of London Police,-0.111596,51.518281,On or near Chancery Lane,E01000914,Camden 028B,Other theft,Under investigation,
fe596e9267a0c7d465e00aa080b6b3f46f1f20cd5b5b3e437bdbf08b05043b42,2026-04,City of London Police,City of London Police,-0.120018,51.518165,On or near Catton Street,E01000914,Camden 028B,Other theft,Under investigation,
39bddf59c88af8a0a789705d04694a321a6f5c9a0b97c9181b065c2fe7b94263,2026-04,City of London Police,City of London Police,-0.129487,51.516295,On or near Conference/Exhibition Centre,E01000919,Camden 028D,Theft from the person,Under investigation,
,2026-04,City of London Police,City of London Police,-0.097103,51.518461,On or near Aldersgate Street,E01000001,City of London 001A,Anti-social behaviour,,
,2026-04,City of London Police,City of London Police,-0.097506,51.521228,On or near Aldersgate Street,E01000001,City of London 001A,Anti-social behaviour,,
,2026-04,City of London Police,City of London Police,-0.096367,51.515355,On or near Foster Lane,E01000001,City of London 001A,Anti-social behaviour,,
,2026-04,City of London Police,City of London Police,-0.097078,51.519045,On or near A1,E01000001,City of London 001A,Anti-social behaviour,,
ddb1ce33bb102351c72c036a97348f686dda734561d97edcb9156c7ed56b2318,2026-04,City of London Police,City of London Police,-0.097562,51.518864,On or near Parking Area,E01000001,City of London 001A,Bicycle theft,Under investigation,
c15f1cb08faad40877a76c9e11c72419c5111d838a3e8b96bc84c5bc8caa854d,2026-04,City of London Police,City of London Police,-0.097078,51.519045,On or near A1,E01000001,City of London 001A,Drugs,Awaiting court outcome,
46245f8229e957b7569013820df08b716ed488279bf112c1060fcfc9170655a0,2026-04,City of London Police,City of London Police,-0.097144,51.515062,On or near St Paul'S,E01000001,City of London 001A,Other theft,Investigation complete; no suspect identified,
b6f7aaaaed781f4f5f9720d822779d15422b386e29bf6bdafcf9af6264acda7f,2026-04,City of London Police,City of London Police,-0.096367,51.515355,On or near Foster Lane,E01000001,City of London 001A,Public order,Unable to prosecute suspect,
51bb12a9887b3519e644248161771fb6c3bd69c9b8e95ed375da27c95b178274,2026-04,City of London Police,City of London Police,-0.097144,51.515062,On or near St Paul'S,E01000001,City of London 001A,Shoplifting,Under investigation,
9f03b93254b22a13217df8a13225b66f76e27b7cde50e0df7c2c5fd04e8d3441,2026-04,City of London Police,City of London Police,-0.097506,51.521228,On or near Aldersgate Street,E01000001,City of London 001A,Theft from the person,Investigation complete; no suspect identified,
67a384319f6f1d8bf34f107b4e90489858340be542abdd2f70824d15df5a0654,2026-04,City of London Police,City of London Police,-0.097103,51.518461,On or near Aldersgate Street,E01000001,City of London 001A,Vehicle crime,Under investigation,
ae62a52b6d63d61706467404c90df5b71d648373759c1b49b56e56a79d012e45,2026-04,City of London Police,City of London Police,-0.097103,51.518461,On or near Aldersgate Street,E01000001,City of London 001A,Vehicle crime,Under investigation,
84c7097acc3dc04d2984ea0de42d12509e45004795e04ad440fc2aa942df48d1,2026-04,City of London Police,City of London Police,-0.097103,51.518461,On or near Aldersgate Street,E01000001,City of London 001A,Vehicle crime,Investigation complete; no suspect identified,
83cc2a9ba994e5cd8c716ebc94777434cad634772d1e22d734ecf40cdb7f19c5,2026-04,City of London Police,City of London Police,-0.097144,51.515062,On or near St Paul'S,E01000001,City of London 001A,Violence and sexual offences,Unable to prosecute suspect,
cb0676e9cc071700d94cb38733592d438b0bd3a734db192b97dca002d60f3675,2026-04,City of London Police,City of London Police,-0.097245,51.515387,On or near St Martin'S Le Grand,E01000001,City of London 001A,Violence and sexual offences,Under investigation,
4b2d50d1705a03076c9f0de9748e031c6583066eddbc896431dd39c1051c6eac,2026-04,City of London Police,City of London Police,-0.097245,51.515387,On or near St Martin'S Le Grand,E01000001,City of London 001A,Violence and sexual offences,Under investigation,
8bcd652a6f97589cf879776887bef0574576d8a9c1ce47186be748e2442439c5,2026-04,City of London Police,City of London Police,-0.094130,51.519961,On or near Theatre/Concert Hall,E01000002,City of London 001B,Bicycle theft,Under investigation,
c3e9d47c3ed3e17461305214f3fedfbcb4c3da88ce0efbaeae751cf970345c0c,2026-04,City of London Police,City of London Police,-0.095704,51.516747,On or near Noble Street,E01000002,City of London 001B,Criminal damage and arson,Under investigation,
e8b806e701ba4bc1c937e34c7d1423f67e525fb1353c0d82833912df3e149a2a,2026-04,City of London Police,City of London Police,-0.091495,51.518145,On or near Fore Street,E01000002,City of London 001B,Criminal damage and arson,Investigation complete; no suspect identified,
af433943fca1664dfce36f822b4cb1fc522b87573c529498b21312d8d36addd6,2026-04,City of London Police,City of London Police,-0.091495,51.518145,On or near Fore Street,E01000002,City of London 001B,Criminal damage and arson,Investigation complete; no suspect identified,
9fbd82759043cb9b1d2a4dd4728041ae2ba026e2b140cf78c88062cdb5dc9b08,2026-04,City of London Police,City of London Police,-0.091495,51.518145,On or near Fore Street,E01000002,City of London 001B,Criminal damage and arson,Under investigation,
bbb7ec93a987b07b1efac63cac2d1ee7946a1c7127b177aa4b1ba714b8ab68f5,2026-04,City of London Police,City of London Police,-0.093271,51.518066,On or near St Alphage Garden,E01000002,City of London 001B,Drugs,Investigation complete; no suspect identified,
f1503244e6732b9c2ad7bf7fee53b79a0eb5e1f1c9526ca4372e5e953235f751,2026-04,City of London Police,City of London Police,-0.092971,51.516271,On or near Aldermanbury,E01000002,City of London 001B,Other theft,Under investigation,
483b52f96421880d31414d60a503bc7bf9a76494d0282d0ac07555fee3f05ba1,2026-04,City of London Police,City of London Police,-0.092488,51.520598,On or near Silk Street,E01000002,City of London 001B,Other theft,Investigation complete; no suspect identified,
ac2cbcb14e885077352bb4a380cbb7e04be7f37083d72d3841fdf32ca1efbdf1,2026-04,City of London Police,City of London Police,-0.090105,51.520001,On or near Milton Court,E01000002,City of London 001B,Other theft,Under investigation,
927c4ef557ff1b4ee5a5a1a51f2e94767e05bcd5b97984083213d00186e3d8f2,2026-04,City of London Police,City of London Police,-0.092488,51.520598,On or near Silk Street,E01000002,City of London 001B,Other theft,Under investigation,
20649ce43bc0c86b931a1a1449ec1eb3dd9f531ede093d4f54f652ce5443bc4b,2026-04,City of London Police,City of London Police,-0.092488,51.520598,On or near Silk Street,E01000002,City of London 001B,Other theft,Investigation complete; no suspect identified,
286e37ba03322ffc8ff029ee2dfa86c478eedba844f37584a46fd7c93253b7f2,2026-04,City of London Police,City of London Police,-0.090553,51.518948,On or near Moor Lane,E01000002,City of London 001B,Other theft,Under investigation,
1faa6b1b6273910528bd75265181838bab395a065fe1a305d5771abf73e5558b,2026-04,City of London Police,City of London Police,-0.094130,51.519961,On or near Theatre/Concert Hall,E01000002,City of London 001B,Public order,Under investigation,
621bb3c69ba4877d8def1ba15d7a3574638a13d08ed2700fafd871ee61ab3798,2026-04,City of London Police,City of London Police,-0.090553,51.518948,On or near Moor Lane,E01000002,City of London 001B,Shoplifting,Under investigation,
6f7baed4cfc83252b8fa3834b8801d8273640b4f5a2dd721162dca53a7aff159,2026-04,City of London Police,City of London Police,-0.090553,51.518948,On or near Moor Lane,E01000002,City of London 001B,Shoplifting,Awaiting court outcome,
5e0516a0ef2ac0033072d75b54db5ae4a0d0a0ce0405ddb635831d8b44ddade7,2026-04,City of London Police,City of London Police,-0.090553,51.518948,On or near Moor Lane,E01000002,City of London 001B,Shoplifting,Under investigation,
04d7ad569ecf63ceaccd93982ecc7162f2fe01ad28a77d31245e24f4674d2765,2026-04,City of London Police,City of London Police,-0.090553,51.518948,On or near Moor Lane,E01000002,City of London 001B,Shoplifting,Investigation complete; no suspect identified,
e08b9ba95c3422ec205ef5774ca16bfdc9773e311c89c155375c8b11563d4e75,2026-04,City of London Police,City of London Police,-0.090553,51.518948,On or near Moor Lane,E01000002,City of London 001B,Shoplifting,Awaiting court outcome,
c86b38a159db912026c9524219fecf821a5b6cb6ddf4bf2258728eb643dc4896,2026-04,City of London Police,City of London Police,-0.090553,51.518948,On or near Moor Lane,E01000002,City of London 001B,Shoplifting,Under investigation,
0bb8f8760fa0ccd1bee5730a609f336026533c575a7363b6908502254ae958bc,2026-04,City of London Police,City of London Police,-0.090553,51.518948,On or near Moor Lane,E01000002,City of London 001B,Shoplifting,Under investigation,
52647312572919f238e2eda6a0e2c4753139b74a77e6f05050f7ee75442e7e55,2026-04,City of London Police,City of London Police,-0.090553,51.518948,On or near Moor Lane,E01000002,City of London 001B,Shoplifting,Under investigation,
5a4bfabc12a3e579ad81c8f2026c59bfb7d1c082225164f51251aa9904e3ecfd,2026-04,City of London Police,City of London Police,-0.090553,51.518948,On or near Moor Lane,E01000002,City of London 001B,Shoplifting,Awaiting court outcome,
0abfefabbcba24b5a04fec020f362ae92679eb57cb90ef2d9451998b91e46961,2026-04,City of London Police,City of London Police,-0.092488,51.520598,On or near Silk Street,E01000002,City of London 001B,Theft from the person,Under investigation,
62654b3258d873f4d3106a2736d90379b352e1fbf58983c1d4e605b9494d96ae,2026-04,City of London Police,City of London Police,-0.090553,51.518948,On or near Moor Lane,E01000002,City of London 001B,Other crime,Awaiting court outcome,
,2026-04,City of London Police,City of London Police,-0.096114,51.520747,On or near Park/Open Space,E01000003,City of London 001C,Anti-social behaviour,,
4f116100e966d3eddf6fb32b85dd055159a40f6f5487304d60be1d536aeccb60,2026-04,City of London Police,City of London Police,-0.095053,51.523022,On or near Golden Lane,E01000003,City of London 001C,Bicycle theft,Investigation complete; no suspect identified,
c82b4ac051c0ce29f3c5370fc378600f93e04ac07757ec28c4b9aa18389c2ddf,2026-04,City of London Police,City of London Police,-0.096984,51.522426,On or near Sports/Recreation Area,E01000003,City of London 001C,Drugs,Under investigation,
cc5a3d06d859cc09377ddd43dee42c1807f2a727650459bfff76dd59c5fb5d30,2026-04,City of London Police,City of London Police,-0.095648,51.521198,On or near Bridgewater Square,E01000003,City of London 001C,Other theft,Investigation complete; no suspect identified,
aa23e42c681fb860124a116ec6da860b08579d55523fa31d4432a97815cfd25a,2026-04,City of London Police,City of London Police,-0.095758,51.521667,On or near Fann Street,E01000003,City of London 001C,Other theft,Investigation complete; no suspect identified,
4eb6ce0ee7e809e4fea6c925c51e6f5b74648322e482af808d4a1f1f231b2c4e,2026-04,City of London Police,City of London Police,-0.095758,51.521667,On or near Fann Street,E01000003,City of London 001C,Other theft,Investigation complete; no suspect identified,
68b46bb83418fa889b95bb894d08fc430fb4ac20d6cd1749c33bff1f2b8ba95f,2026-04,City of London Police,City of London Police,-0.096984,51.522426,On or near Sports/Recreation Area,E01000003,City of London 001C,Other theft,Investigation complete; no suspect identified,
12c1ecd05d10f8b0c33514a9db937256664b2f1dc0436e2ec8784534cb4d53dc,2026-04,City of London Police,City of London Police,-0.095648,51.521198,On or near Bridgewater Square,E01000003,City of London 001C,Other theft,Investigation complete; no suspect identified,
63fc21f626d3c92781f4bb4ccc15aac9a1d562a465fa60579460fad7735bd50b,2026-04,City of London Police,City of London Police,-0.095258,51.520526,On or near Beech Street,E01000003,City of London 001C,Theft from the person,Investigation complete; no suspect identified,
f5ef9b9ffedd7ad0880511f26eb88efeb246dc78d4aac06a2c4f293081455c27,2026-04,City of London Police,City of London Police,-0.096114,51.520747,On or near Park/Open Space,E01000003,City of London 001C,Violence and sexual offences,Investigation complete; no suspect identified,
,2026-04,City of London Police,City of London Police,-0.074330,51.513647,On or near Little Somerset Street,E01000005,City of London 001E,Anti-social behaviour,,
,2026-04,City of London Police,City of London Police,-0.076716,51.515178,On or near Gravel Lane,E01000005,City of London 001E,Anti-social behaviour,,
,2026-04,City of London Police,City of London Police,-0.076145,51.512642,On or near India Street,E01000005,City of London 001E,Anti-social behaviour,,
,2026-04,City of London Police,City of London Police,-0.073704,51.511748,On or near Portsoken Street,E01000005,City of London 001E,Anti-social behaviour,,
9b7b863d75c73e3d35ee0848b21953122ef4950112d8c75dea3fc87793086b0a,2026-04,City of London Police,City of London Police,-0.073531,51.513813,On or near Braham Street,E01000005,City of London 001E,Bicycle theft,Under investigation,
98b87df34e065110bfd353368e64bc68567fdeceb692d3d20cd9aa60143352d4,2026-04,City of London Police,City of London Police,-0.073531,51.513813,On or near Braham Street,E01000005,City of London 001E,Burglary,Under investigation,
ec61ff458875812ffbd6a8a384cdc763ae32cc037f226192f7157f3533e335b7,2026-04,City of London Police,City of London Police,-0.075401,51.511164,On or near Supermarket,E01000005,City of London 001E,Burglary,Under investigation,
adf333b55af9d4abed44857d2cbe075fdb4ba1760ed7597c08e1e6574b6feed0,2026-04,City of London Police,City of London Police,-0.077511,51.515812,On or near Artizan Street,E01000005,City of London 001E,Burglary,Under investigation,
4002952ba72944a038cd734f1d9d2f02fc57cc81dd7e6b09738a363a91297f87,2026-04,City of London Police,City of London Police,-0.077511,51.515812,On or near Artizan Street,E01000005,City of London 001E,Burglary,Under investigation,
4cbd2f6c7171629ca30233f0d8d442e683145080d04605d0d7dc02040139c621,2026-04,City of London Police,City of London Police,-0.077407,51.516215,On or near Harrow Place,E01000005,City of London 001E,Burglary,Under investigation,
b52eea1f0f0cc2bc6a18476ce0effe207c7e0564213176845148a44844b12b82,2026-04,City of London Police,City of London Police,-0.077511,51.515812,On or near Artizan Street,E01000005,City of London 001E,Burglary,Under investigation,
ca8417b80ecce068d2ea8b5f8323d7afc57ae35f22198625fb8eddb0312cea76,2026-04,City of London Police,City of London Police,-0.073531,51.513813,On or near Braham Street,E01000005,City of London 001E,Burglary,Under investigation,
9985f034e30ffd921cdd20891e2f95cbc37aab12cac56ed5562969c1f0a938ce,2026-04,City of London Police,City of London Police,-0.076716,51.515178,On or near Gravel Lane,E01000005,City of London 001E,Criminal damage and arson,Under investigation,
99453f3dda62225fae0e68c9faa3402f22cff2cb8bdcdb54b6f7572644b266ac,2026-04,City of London Police,City of London Police,-0.073456,51.513542,On or near Little Somerset Street,E01000005,City of London 001E,Criminal damage and arson,Unable to prosecute suspect,
5c236bb50b7cd38b1360657a145c1f6a701fdd1047eeaa8767234f4b5a91fb30,2026-04,City of London Police,City of London Police,-0.078849,51.516212,On or near Devonshire Square,E01000005,City of London 001E,Other theft,Investigation complete; no suspect identified,
cafab3d58c259d49ad2bf3ff0da059d9150e233deed711b768084f028544011e,2026-04,City of London Police,City of London Police,-0.078839,51.515753,On or near Cutler Street,E01000005,City of London 001E,Other theft,Under investigation,
96156354c529482f77f49f227e18da901ae780648fbcf580097c8e4c40a4fd67,2026-04,City of London Police,City of London Police,-0.076145,51.512642,On or near India Street,E01000005,City of London 001E,Other theft,Under investigation,
d8535e83f125f3b979c48eeee5f9873443c0776de95ece35b5734385e952e30e,2026-04,City of London Police,City of London Police,-0.076038,51.511759,On or near Hospital,E01000005,City of London 001E,Other theft,Under investigation,
0124719fac76d2fe65147081adb56adb240528d74d51ec6f4b171754d8d092c7,2026-04,City of London Police,City of London Police,-0.073727,51.511218,On or near Goodman'S Yard,E01000005,City of London 001E,Other theft,Investigation complete; no suspect identified,
bfbf9522f1fad385ae21e098e5e7009b5e8b365c72626237084466940ded7151,2026-04,City of London Police,City of London Police,-0.073727,51.511218,On or near Goodman'S Yard,E01000005,City of London 001E,Other theft,Under investigation,
5c9297cf8810a266d7ed694c5be8071a46e3f7349802659139736c568bb93bce,2026-04,City of London Police,City of London Police,-0.073456,51.513542,On or near Little Somerset Street,E01000005,City of London 001E,Other theft,Unable to prosecute suspect,
e65a130678148f0add1dafbf597dc1c6f833d693d3ad090c95ea60ccba481327,2026-04,City of London Police,City of London Police,-0.076145,51.512642,On or near India Street,E01000005,City of London 001E,Other theft,Under investigation,
afc63b0e756bc802e155634745eb44731c80b590be1e91d09bbc6ac0733c86ec,2026-04,City of London Police,City of London Police,-0.076870,51.516647,On or near Middlesex Street,E01000005,City of London 001E,Other theft,Investigation complete; no suspect identified,
c016d73beffb6970be873051a8642d280d957e20a95bba9cc367d12a88c834a1,2026-04,City of London Police,City of London Police,-0.076716,51.515178,On or near Gravel Lane,E01000005,City of London 001E,Other theft,Under investigation,
1cb57bb4bd39c5246ee8efb2c57dda6861fd9dd016f0596cde37fc6a9ae05ea2,2026-04,City of London Police,City of London Police,-0.074330,51.513647,On or near Little Somerset Street,E01000005,City of London 001E,Other theft,Under investigation,
db10055248917567df588ac68b3f4a6467f7e0c1b4bf7e1e2c4e49aba8291125,2026-04,City of London Police,City of London Police,-0.074330,51.513647,On or near Little Somerset Street,E01000005,City of London 001E,Other theft,Investigation complete; no suspect identified,
9709930eee0e2da06598359f0de587872249f3a99f99335522c1aa02d5f2ffba,2026-04,City of London Police,City of London Police,-0.075453,51.511965,On or near Minories,E01000005,City of London 001E,Other theft,Under investigation,
4d6d9e694d1b63e0c35ec479d859e5be85687a5b6e96bf78ba99f72ae2859076,2026-04,City of London Police,City of London Police,-0.078839,51.515753,On or near Cutler Street,E01000005,City of London 001E,Other theft,Under investigation,
0dc39772184913e04cfee40c7475c055c78b0f2a91d9f8b1b15049d7499e100a,2026-04,City of London Police,City of London Police,-0.077511,51.515812,On or near Artizan Street,E01000005,City of London 001E,Possession of weapons,Awaiting court outcome,
d8154661d2f48cb542c71f41c802a08c5d50403c91c43a032708cfa276088c9f,2026-04,City of London Police,City of London Police,-0.076145,51.512642,On or near India Street,E01000005,City of London 001E,Public order,Under investigation,
4f69249d531bcd96dad443d3e99188db7b7d6188a7010d88181e737ddb618339,2026-04,City of London Police,City of London Police,-0.074330,51.513647,On or near Little Somerset Street,E01000005,City of London 001E,Public order,Under investigation,
0ea3b7113e240bd1d54b8377c83bcfd0bc75641d55594fcc6bcc166dbcfee41b,2026-04,City of London Police,City of London Police,-0.075080,51.512625,On or near St Clare Street,E01000005,City of London 001E,Public order,Investigation complete; no suspect identified,
110ae9651cffd34662b869a9bf7959a24d6b3b124ba11082da81bab5678f3626,2026-04,City of London Police,City of London Police,-0.075080,51.512625,On or near St Clare Street,E01000005,City of London 001E,Public order,Unable to prosecute suspect,
ea5f6ca5b4302904bccfdaad3788580fbb35046ff70d33ea67447c95d2a5c301,2026-04,City of London Police,City of London Police,-0.074330,51.513647,On or near Little Somerset Street,E01000005,City of London 001E,Public order,Local resolution,
f67e3b6b9a6eeee236605c7d3640cbab69ab5ee1605f23817f40a943222dde3f,2026-04,City of London Police,City of London Police,-0.076145,51.512642,On or near India Street,E01000005,City of London 001E,Shoplifting,Under investigation,
2ac7d38fecec1bb67b191e9f11c406185713de0a8678b87601d0935afaa5b13c,2026-04,City of London Police,City of London Police,-0.076145,51.512642,On or near India Street,E01000005,City of London 001E,Shoplifting,Under investigation,
7832d95f942bc2ae0ca5871f87d59acca3b193e5a224c0d1bc75b34407b8a179,2026-04,City of London Police,City of London Police,-0.076145,51.512642,On or near India Street,E01000005,City of London 001E,Shoplifting,Under investigation,
1516a68da6fab2832b00b0e0a4ef37810620385a8f56842dcf180800531d8a8c,2026-04,City of London Police,City of London Police,-0.076145,51.512642,On or near India Street,E01000005,City of London 001E,Shoplifting,Under investigation,
97ed336945f52f7301653d545f3e0a0af91bae4e4d8b7a21e047546896acd177,2026-04,City of London Police,City of London Police,-0.076145,51.512642,On or near India Street,E01000005,City of London 001E,Shoplifting,Under investigation,
71cb2a1712e104c600306ef94ba3692f84fe98dd2cfa08e0dfdcbbf683bf883e,2026-04,City of London Police,City of London Police,-0.076145,51.512642,On or near India Street,E01000005,City of London 001E,Shoplifting,Under investigation,
8ca4f8e8ec41709b1b3e91bda60bd92db4d7e4079589a62982a5613b9ada8f81,2026-04,City of London Police,City of London Police,-0.076145,51.512642,On or near India Street,E01000005,City of London 001E,Shoplifting,Under investigation,
740bb71548e96fea5bc671c5e613a8aae1b16f5ca7b61ac10b63019a367eae1c,2026-04,City of London Police,City of London Police,-0.076145,51.512642,On or near India Street,E01000005,City of London 001E,Shoplifting,Under investigation,
e86874319e225ec5e5421310ebf34ffa41189fc165ddc846bd4a8ec4e0557113,2026-04,City of London Police,City of London Police,-0.074330,51.513647,On or near Little Somerset Street,E01000005,City of London 001E,Shoplifting,Under investigation,
03518e14c1f42bfb8f8c8991544aa0b8cdec331f3e7b2089b93e80956fa34ca5,2026-04,City of London Police,City of London Police,-0.076716,51.515178,On or near Gravel Lane,E01000005,City of London 001E,Shoplifting,Under investigation,
7f766be734618b98915dd5cacf4b7980c6d770562434ceb8f5d20ebf1d2d79f0,2026-04,City of London Police,City of London Police,-0.075401,51.511164,On or near Supermarket,E01000005,City of London 001E,Shoplifting,Under investigation,
4481c9b6404bc925cce184b2e0de8a91f27609f39ab251f11a7909f8f2e88d25,2026-04,City of London Police,City of London Police,-0.074330,51.513647,On or near Little Somerset Street,E01000005,City of London 001E,Theft from the person,Investigation complete; no suspect identified,
1825889a4d654d19765fdadab8a6ec1203d065cadcf3fe147752da32f71414ba,2026-04,City of London Police,City of London Police,-0.075453,51.511965,On or near Minories,E01000005,City of London 001E,Theft from the person,Investigation complete; no suspect identified,
8278dca1f3fd194df2e044a57435c9a7e82442ca2d1a0da0aff3590fa37868f4,2026-04,City of London Police,City of London Police,-0.074330,51.513647,On or near Little Somerset Street,E01000005,City of London 001E,Theft from the person,Investigation complete; no suspect identified,
81adeaa3c232075c12f240ef114c50b0884d1a11241d93b839eb3ec2d5d372f5,2026-04,City of London Police,City of London Police,-0.075401,51.511164,On or near Supermarket,E01000005,City of London 001E,Theft from the person,Investigation complete; no suspect identified,
a33c017aec57c87083cd4e279401ccfc3a29993768a661300f4bf8826a7630ee,2026-04,City of London Police,City of London Police,-0.074130,51.511224,On or near Goodman'S Yard,E01000005,City of London 001E,Theft from the person,Investigation complete; no suspect identified,
14240ad3bcee331ccd1643a140081737f5f2d86be586e387d301b477ce72c8b8,2026-04,City of London Police,City of London Police,-0.076716,51.515178,On or near Gravel Lane,E01000005,City of London 001E,Theft from the person,Unable to prosecute suspect,
f76194de7477cab74f2e0f7818023aafc58273bea1eb8a3bb614308a55ae9e5b,2026-04,City of London Police,City of London Police,-0.074330,51.513647,On or near Little Somerset Street,E01000005,City of London 001E,Theft from the person,Investigation complete; no suspect identified,
a63f10dda22fba491e01e7e2d7844a5f9e03f214d739dcaa4f0bac24d03162b0,2026-04,City of London Police,City of London Police,-0.074925,51.514924,On or near St Botolph Street,E01000005,City of London 001E,Theft from the person,Under investigation,
1535f82e1b4660314fc5b37c8f0de9149614c06f9278728710cd6c873c10a58a,2026-04,City of London Police,City of London Police,-0.074330,51.513647,On or near Little Somerset Street,E01000005,City of London 001E,Theft from the person,Under investigation,
ad85121d4240708267c0ce34785c55f0d0ed6b6102dddcc059872597a5381341,2026-04,City of London Police,City of London Police,-0.078839,51.515753,On or near Cutler Street,E01000005,City of London 001E,Vehicle crime,Under investigation,
b32dac7dee298278eeab2ad1cee7df365ef46dc4eb546bcbf1f014da18fdd075,2026-04,City of London Police,City of London Police,-0.074330,51.513647,On or near Little Somerset Street,E01000005,City of London 001E,Violence and sexual offences,Under investigation,
2a2081d94d9cceab486aabbd926058f6e2d9032f70b4193776e5fecec969d401,2026-04,City of London Police,City of London Police,-0.074330,51.513647,On or near Little Somerset Street,E01000005,City of London 001E,Violence and sexual offences,Unable to prosecute suspect,
8e4903b255ba25dd3c3bece1f2fb514b2e37d0d3058869ea9e2481ef0d3a24a3,2026-04,City of London Police,City of London Police,-0.076145,51.512642,On or near India Street,E01000005,City of London 001E,Violence and sexual offences,Unable to prosecute suspect,
10ab44b658c93a040eb44014be13fdf5b4396ed8a629e25973b3bf5e7a4dede2,2026-04,City of London Police,City of London Police,-0.077407,51.516215,On or near Harrow Place,E01000005,City of London 001E,Violence and sexual offences,Under investigation,
b060010ef1563d02b032cf37e01410d7d0f964322840339f098af0db829c03c6,2026-04,City of London Police,City of London Police,-0.075453,51.511965,On or near Minories,E01000005,City of London 001E,Violence and sexual offences,Under investigation,
e7089d4f8fb90c6139522faa39cc59051c62549b84ad8f93b3ddc5bcdd41afc0,2026-04,City of London Police,City of London Police,-0.074925,51.514924,On or near St Botolph Street,E01000005,City of London 001E,Violence and sexual offences,Under investigation,
6b5f5dd0390ef0e7bc82e15990126a2348b766672e6bd8792c4fe56d15bdb563,2026-04,City of London Police,City of London Police,-0.076145,51.512642,On or near India Street,E01000005,City of London 001E,Violence and sexual offences,Under investigation,
fc68eab8f394a651c30d9acc0343ce3e35767f540fd22718a0f244f50d6e185a,2026-04,City of London Police,City of London Police,-0.077407,51.516215,On or near Harrow Place,E01000005,City of London 001E,Violence and sexual offences,Under investigation,
708a8eec76c378584de738a609fe551b1a67128fe72d40422d50d019ab6883ed,2026-04,City of London Police,City of London Police,-0.076716,51.515178,On or near Gravel Lane,E01000005,City of London 001E,Violence and sexual offences,Under investigation,
e3e5d57afed80da9ba828f0e76b94fe0cf744e96dc93c7b5097e541883534635,2026-04,City of London Police,City of London Police,-0.076145,51.512642,On or near India Street,E01000005,City of London 001E,Violence and sexual offences,Under investigation,
719d5c4732821165781d09c10fc450018c0ed5508e60352aae6c9b25f1a9ab97,2026-04,City of London Police,City of London Police,-0.073727,51.511218,On or near Goodman'S Yard,E01000005,City of London 001E,Violence and sexual offences,Investigation complete; no suspect identified,
00881f8f63c3841e8c7a35fc6f67cb764f2a6c002ab6db7ffd49d1d245fe502b,2026-04,City of London Police,City of London Police,-0.076145,51.512642,On or near India Street,E01000005,City of London 001E,Violence and sexual offences,Unable to prosecute suspect,
338dec51d5052b59ffbfc74372eceb6ca47adede634a37ba999a080eac1e9593,2026-04,City of London Police,City of London Police,-0.077407,51.516215,On or near Harrow Place,E01000005,City of London 001E,Other crime,Unable to prosecute suspect,
,2026-04,City of London Police,City of London Police,-0.087157,51.512624,On or near Lombard Street,E01032739,City of London 001F,Anti-social behaviour,,
,2026-04,City of London Police,City of London Police,-0.091540,51.511896,On or near Cannon Street,E01032739,City of London 001F,Anti-social behaviour,,
,2026-04,City of London Police,City of London Police,-0.081902,51.517296,On or near Liverpool Street,E01032739,City of London 001F,Anti-social behaviour,,
,2026-04,City of London Police,City of London Police,-0.084836,51.511939,On or near Shopping Area,E01032739,City of London 001F,Anti-social behaviour,,
,2026-04,City of London Police,City of London Police,-0.077070,51.510877,On or near Cooper'S Row,E01032739,City of London 001F,Anti-social behaviour,,
,2026-04,City of London Police,City of London Police,-0.089479,51.510864,On or near Gophir Lane,E01032739,City of London 001F,Anti-social behaviour,,
,2026-04,City of London Police,City of London Police,-0.097176,51.510836,On or near Trig Lane,E01032739,City of London 001F,Anti-social behaviour,,
,2026-04,City of London Police,City of London Police,-0.094070,51.513079,On or near Watling Street,E01032739,City of London 001F,Anti-social behaviour,,
,2026-04,City of London Police,City of London Police,-0.095764,51.512549,On or near Friday Street,E01032739,City of London 001F,Anti-social behaviour,,
,2026-04,City of London Police,City of London Police,-0.084754,51.512882,On or near Corbet Court,E01032739,City of London 001F,Anti-social behaviour,,
b8cdb74df56209943e0d64f8d67b5fed3b1df4fed5bc53b0c30a8b60d6c8e3ae,2026-04,City of London Police,City of London Police,-0.091540,51.511896,On or near Cannon Street,E01032739,City of London 001F,Bicycle theft,Under investigation,
67f680732f6d44c10866e8273db277f1f34f46de01f5af411244984a48bcef95,2026-04,City of London Police,City of London Police,-0.080769,51.520236,On or near Further/Higher Educational Building,E01032739,City of London 001F,Bicycle theft,Under investigation,
6630dd018ddb3c4c69fbc2b6879a1636451fde34b1e2f52a4a6de69115e26cd3,2026-04,City of London Police,City of London Police,-0.081643,51.510070,On or near Great Tower Street,E01032739,City of London 001F,Bicycle theft,Under investigation,
b9896becc1c9d55f3d51702b7ab7a6ea2ec8bcf536c2f1bdf4a661aca7915510,2026-04,City of London Police,City of London Police,-0.081643,51.510070,On or near Great Tower Street,E01032739,City of London 001F,Bicycle theft,Under investigation,
27b411d39cf8634c869e8c6ff094c0e0fe2149519056b20f947bbadff4207f40,2026-04,City of London Police,City of London Police,-0.088456,51.514975,On or near Tokenhouse Yard,E01032739,City of London 001F,Bicycle theft,Investigation complete; no suspect identified,
eb00a601aecf6ea2e5084d61cdf2e93df6f8d66eb7eb4f40438314dfbbccc05c,2026-04,City of London Police,City of London Police,-0.079907,51.517785,On or near Victoria Avenue,E01032739,City of London 001F,Bicycle theft,Under investigation,
dad3dfe3e862736f91ac160b42efafcd3bf0753b31f8820609e02d1f98e08a84,2026-04,City of London Police,City of London Police,-0.089822,51.516103,On or near Coleman Street,E01032739,City of London 001F,Bicycle theft,Investigation complete; no suspect identified,
90fde81b3b6bf902fc5b031d91d2be462a2bdae039fb4b0202b6c31af6b8bd5e,2026-04,City of London Police,City of London Police,-0.079907,51.517785,On or near Victoria Avenue,E01032739,City of London 001F,Bicycle theft,Under investigation,
f4740596c0298638e8930b8f925748bb89c98373155a135c9fdc1943f46babba,2026-04,City of London Police,City of London Police,-0.087772,51.510665,On or near Martin Lane,E01032739,City of London 001F,Burglary,Under investigation,
8dd13522b403480e9e8ab98ab397c6a56df06c1cde85bb52098bcf85b0346c4e,2026-04,City of London Police,City of London Police,-0.086019,51.513631,On or near Finch Lane,E01032739,City of London 001F,Burglary,Under investigation,
1134de0616e120c226db09b58517405ef3253ef547fc6ea5f3ae1feb9cd0f613,2026-04,City of London Police,City of London Police,-0.086019,51.513631,On or near Finch Lane,E01032739,City of London 001F,Burglary,Under investigation,
809ff2cf0ff96790f9b4256606312c528f93f502ee32af2acb3e4be41d541246,2026-04,City of London Police,City of London Police,-0.078937,51.514109,On or near Heneage Place,E01032739,City of London 001F,Burglary,Investigation complete; no suspect identified,
126c4ff153a25939381f536068aa0d2665204128d03e322d0965cb7153975779,2026-04,City of London Police,City of London Police,-0.092036,51.511049,On or near College Street,E01032739,City of London 001F,Burglary,Under investigation,
e2a38975b63a21febe0d205c79e3073654e0ed49a56c6435bf67973236d947d8,2026-04,City of London Police,City of London Police,-0.082133,51.515222,On or near St Helen'S Place,E01032739,City of London 001F,Burglary,Under investigation,
9191fe4f8c1fc5bc40aabb7a3bff5441d907fcbeeb63fd5995483f31eb66f764,2026-04,City of London Police,City of London Police,-0.079196,51.513789,On or near Creechurch Lane,E01032739,City of London 001F,Burglary,Under investigation,
4d5a1d03f93a84889918af3f239660faa47a6146003238970053780feb74e312,2026-04,City of London Police,City of London Police,-0.078755,51.518440,On or near Artillery Lane,E01032739,City of London 001F,Burglary,Investigation complete; no suspect identified,
2c11a0b466db8767ce786e84928eefb7c9133cef5df181875b13aad702e62dcd,2026-04,City of London Police,City of London Police,-0.079883,51.517326,On or near New Street,E01032739,City of London 001F,Burglary,Under investigation,
d8dad47772786307b1db67143aab91fc3924bcd07e33cd39c87c2e7795925072,2026-04,City of London Police,City of London Police,-0.094070,51.513079,On or near Watling Street,E01032739,City of London 001F,Burglary,Under investigation,
81eafda0529bc2c72532f4c5ac517c9530d58f079d4e8b11d2333e1af1ef5084,2026-04,City of London Police,City of London Police,-0.082993,51.516360,On or near Wormwood Street,E01032739,City of London 001F,Burglary,Under investigation,
4757d8adf412d88d81c39f2fb8a185a49feec07ede9ae9989139a15cbe32a623,2026-04,City of London Police,City of London Police,-0.085089,51.512105,On or near Gracechurch Street,E01032739,City of London 001F,Burglary,Under investigation,
4951b5a22bdae81e964dafdf00a9c0503037e980d3a168f3c7bcffb9626f63e7,2026-04,City of London Police,City of London Police,-0.087157,51.512624,On or near Lombard Street,E01032739,City of London 001F,Burglary,Under investigation,
3332320739055023e477ec50a4a8237ba6025ad72a23d03f739b440e5f45a8ca,2026-04,City of London Police,City of London Police,-0.092531,51.512658,On or near Queen Street,E01032739,City of London 001F,Burglary,Under investigation,
2620fd3fea63823f16699fce5ccee34bc107a318307c1c1e0aed58aa07ac0aaf,2026-04,City of London Police,City of London Police,-0.091540,51.511896,On or near Cannon Street,E01032739,City of London 001F,Burglary,Under investigation,
b740ecc47a15af6f6b193377d0ff8c9ceaa5cd4c51231fc2e6107fb45fce6448,2026-04,City of London Police,City of London Police,-0.095924,51.513882,On or near Shopping Area,E01032739,City of London 001F,Burglary,Under investigation,
9ca35a9a9422026258201a62848ac00731db7cb09a985d57d9ed9a9283252990,2026-04,City of London Police,City of London Police,-0.084754,51.512882,On or near Corbet Court,E01032739,City of London 001F,Burglary,Investigation complete; no suspect identified,
9d73493ab28a9b7cd29f20738be812ddbcc1fdf6c4ec80af9ed54df44ac562b1,2026-04,City of London Police,City of London Police,-0.082993,51.516360,On or near Wormwood Street,E01032739,City of London 001F,Burglary,Under investigation,
37b1bc0573607579afb70b832b600387a8dab887407327ce9e7357c591e4db6e,2026-04,City of London Police,City of London Police,-0.079521,51.511196,On or near New London Street,E01032739,City of London 001F,Burglary,Under investigation,
f07a2fad9297f3be5ef46dc8f3505d37bbaa60282f487aea34ad763b2403aded,2026-04,City of London Police,City of London Police,-0.101589,51.513515,On or near Ludgate Square,E01032739,City of London 001F,Burglary,Under investigation,
4d73b86efd42f4463f71920aae32e6f3660bf16b1c0c06ffdb07aaca140d5d7d,2026-04,City of London Police,City of London Police,-0.078477,51.509965,On or near Muscovy Street,E01032739,City of London 001F,Burglary,Investigation complete; no suspect identified,
01226b76e54b625a9b411798f8597f548018b1b89ea686d5f92f72d791900430,2026-04,City of London Police,City of London Police,-0.081643,51.510070,On or near Great Tower Street,E01032739,City of London 001F,Criminal damage and arson,Investigation complete; no suspect identified,
5e5e917c58c1cb3997330eade602724744b580a5082e867ca7f6b9e97876fb6f,2026-04,City of London Police,City of London Police,-0.101292,51.514770,On or near Amen Court,E01032739,City of London 001F,Criminal damage and arson,Unable to prosecute suspect,
414f97b64c2799f5f46b80d45e9cd2c9bc15158dfa46cb7dfebec1c87817c378,2026-04,City of London Police,City of London Police,-0.082133,51.515222,On or near St Helen'S Place,E01032739,City of London 001F,Criminal damage and arson,Unable to prosecute suspect,
8c4b3df02ba434ee79b5fd41d5d2e32b583f6213d011154cc9474a4c9d0fe376,2026-04,City of London Police,City of London Police,-0.079907,51.517785,On or near Victoria Avenue,E01032739,City of London 001F,Criminal damage and arson,Under investigation,
10f27181421d54c9aefdb21ed862c2b76e426d9da2ebbbcd2c4a9d87f3b627c6,2026-04,City of London Police,City of London Police,-0.088903,51.510836,On or near Laurence Pountney Hill,E01032739,City of London 001F,Criminal damage and arson,Local resolution,
09339f2f19287c7295f3239f53af4bb9f3eb69c54d4d5272dc1aacb45b388de2,2026-04,City of London Police,City of London Police,-0.086019,51.513631,On or near Finch Lane,E01032739,City of London 001F,Criminal damage and arson,Unable to prosecute suspect,
b90879344c6c79165f6a810ee86b45b99d7cd387993beaf01907767c29f1a6fb,2026-04,City of London Police,City of London Police,-0.086019,51.513631,On or near Finch Lane,E01032739,City of London 001F,Criminal damage and arson,Under investigation,
c022fe3a2ca09bfbd11b63dade8f52f4971fd69b52d6da3cdaf558dd8252f725,2026-04,City of London Police,City of London Police,-0.100201,51.513286,On or near Dean'S Court,E01032739,City of London 001F,Criminal damage and arson,Under investigation,
0821de76467688428481e0b99268f3526241832eb72c8ae5e289874c511d039c,2026-04,City of London Police,City of London Police,-0.079196,51.513789,On or near Creechurch Lane,E01032739,City of London 001F,Criminal damage and arson,Under investigation,
f6561f0979d62eab34047a9e0a106bb50f74fed4c294de715e81a40f328a4c57,2026-04,City of London Police,City of London Police,-0.084836,51.511939,On or near Shopping Area,E01032739,City of London 001F,Criminal damage and arson,Unable to prosecute suspect,
469ae41525656fd117d4e55c0f88de7ef673385956b903006c4d99bbea6f24ed,2026-04,City of London Police,City of London Police,-0.091947,51.513188,On or near Pancras Lane,E01032739,City of London 001F,Criminal damage and arson,Investigation complete; no suspect identified,
154e777185d1c982664fad274cfc260c5cf412ef7a23110fd66f9fb32909eb72,2026-04,City of London Police,City of London Police,-0.091947,51.513188,On or near Pancras Lane,E01032739,City of London 001F,Criminal damage and arson,Under investigation,
33294d7f1b8c65288b196f63f61729aef3264b1c8d9bf7b8a033ec66d1f07807,2026-04,City of London Police,City of London Police,-0.079127,51.509607,On or near Byward Street,E01032739,City of London 001F,Criminal damage and arson,Unable to prosecute suspect,
c574059c2309c6ca449ae42eb38744758b134b3c69205b08d28abffa34d40106,2026-04,City of London Police,City of London Police,-0.097291,51.514626,On or near Supermarket,E01032739,City of London 001F,Criminal damage and arson,Investigation complete; no suspect identified,
cb4f5521fbce50d46110a1678c253864723476668b68e3dd7a70009b6266120c,2026-04,City of London Police,City of London Police,-0.086019,51.513631,On or near Finch Lane,E01032739,City of London 001F,Drugs,Under investigation,
219dd9624ddf48377076ca51288a5804b95f1a9e879cee26f22a414133b72473,2026-04,City of London Police,City of London Police,-0.081113,51.516869,On or near Bishopsgate,E01032739,City of London 001F,Drugs,Awaiting court outcome,
88406f4dbc7f20e74ae7d9304dcef702664d69a2ee14cb8438736bcca001fcc6,2026-04,City of London Police,City of London Police,-0.083600,51.509797,On or near St Mary At Hill,E01032739,City of London 001F,Drugs,Local resolution,
5196dca512c6c3e5f21af5477925a5ccfa748461b145120cab53f3bfa08e9534,2026-04,City of London Police,City of London Police,-0.085089,51.512105,On or near Gracechurch Street,E01032739,City of London 001F,Drugs,Under investigation,
5a78573371c0576b92c8934c20ee9ae19a76d20bc5ecc82b3c2cec352ddb51fc,2026-04,City of London Police,City of London Police,-0.088785,51.517102,On or near Moorgate,E01032739,City of London 001F,Drugs,Under investigation,
c1c4e5d6eb0edf94821c3724ca0e17ccfa9e297d246f7bcec23f42419e89f8a4,2026-04,City of London Police,City of London Police,-0.081902,51.517296,On or near Liverpool Street,E01032739,City of London 001F,Drugs,Under investigation,
ba3f9829b756424d6a118b711b8291cd5efb52c5fedd5db93f9440c1839d66f7,2026-04,City of London Police,City of London Police,-0.082993,51.516360,On or near Wormwood Street,E01032739,City of London 001F,Drugs,Awaiting court outcome,
ec4c20b3d9489a76923b12f2321843d969663c6801ade27b74abeb9f6b27f272,2026-04,City of London Police,City of London Police,-0.079127,51.509607,On or near Byward Street,E01032739,City of London 001F,Drugs,Under investigation,
5dbc109322cddae92a17d3b1aebfbea690b0191ba247dcf3546d3c0d1f4321d0,2026-04,City of London Police,City of London Police,-0.081973,51.515948,On or near A10,E01032739,City of London 001F,Drugs,Under investigation,
93602571fa613477f952864743907c2b28d34fda8434cedfa8efa0775de140f5,2026-04,City of London Police,City of London Police,-0.089808,51.517461,On or near London Wall,E01032739,City of London 001F,Drugs,Local resolution,
dd8b36dedbd57393805158f78ebd8809533cd2d8795b7ec101f947e905ecc9ae,2026-04,City of London Police,City of London Police,-0.088456,51.514975,On or near Tokenhouse Yard,E01032739,City of London 001F,Drugs,Investigation complete; no suspect identified,
4ac6aed2876cbf67ce7ad09cc00aa48bd231d645193ea50b16a9134e219a6a69,2026-04,City of London Police,City of London Police,-0.078894,51.520951,On or near Norton Folgate,E01032739,City of London 001F,Other theft,Under investigation,
7e36d783cb8cb39a6a587d52cd4f178fcf861b44406f1399ed4504161db773af,2026-04,City of London Police,City of London Police,-0.078755,51.518440,On or near Artillery Lane,E01032739,City of London 001F,Other theft,Under investigation,
f53b31b30bb938cd982e6b4afca268b00bbe6fed6cd7a48e240a17dc6fb589e1,2026-04,City of London Police,City of London Police,-0.091947,51.513188,On or near Pancras Lane,E01032739,City of London 001F,Other theft,Under investigation,
0ab3276ccc2d86859b9712e188d0e0757fdfd10186090acda4e252fe137c07ba,2026-04,City of London Police,City of London Police,-0.100201,51.513286,On or near Dean'S Court,E01032739,City of London 001F,Other theft,Under investigation,
20db125a39232a87648771a4bd8aa3b98a885bd87b650d758d8a552ef44a81dd,2026-04,City of London Police,City of London Police,-0.081113,51.516869,On or near Bishopsgate,E01032739,City of London 001F,Other theft,Under investigation,
9794245b07d0e759df3ad1534da9f245991dfc4d3d1b6efb0fe3168ac2306b3a,2026-04,City of London Police,City of London Police,-0.078278,51.513666,On or near Mitre Street,E01032739,City of London 001F,Other theft,Under investigation,
85c3549f31ff3aa9c1fe050213a4578451335b8364f76a8c47cbb5e6f9eeb3de,2026-04,City of London Police,City of London Police,-0.081973,51.515948,On or near A10,E01032739,City of London 001F,Other theft,Under investigation,
ed8d774d73386fe2380b74fff9396dd76affc84763f85e64991f82c1ddfd7ce2,2026-04,City of London Police,City of London Police,-0.089208,51.509744,On or near Angel Lane,E01032739,City of London 001F,Other theft,Under investigation,
44230bf758d09653c8004cefe30f23c61ed947498d0ef6ae77939cc667cb96fa,2026-04,City of London Police,City of London Police,-0.079196,51.513789,On or near Creechurch Lane,E01032739,City of London 001F,Other theft,Under investigation,
4c13a6b8a5a5cf225e4fb98f8890cc9e5a69e545281a8601f7128b593460697d,2026-04,City of London Police,City of London Police,-0.081113,51.516869,On or near Bishopsgate,E01032739,City of London 001F,Other theft,Investigation complete; no suspect identified,
4b6451e188f8ba8024166dd880a4ffaf2b37a4d7c7d62c5a464de776ba06c74c,2026-04,City of London Police,City of London Police,-0.092531,51.512658,On or near Queen Street,E01032739,City of London 001F,Other theft,Under investigation,
6280bb70bf5fc801936e26a2af13de5c420deab338fbad26176f02905cd5e862,2026-04,City of London Police,City of London Police,-0.081512,51.518692,On or near London Liverpool Street,E01032739,City of London 001F,Other theft,Under investigation,
10e4e9c915542115da433dcf1a1e042e713157bf66cc12aac24f1cbc544a93aa,2026-04,City of London Police,City of London Police,-0.087772,51.510665,On or near Martin Lane,E01032739,City of London 001F,Other theft,Under investigation,
eec008697ce44c212e4a5227d11fb22ec9e088edc7f78b83ac50c590c7b841ff,2026-04,City of London Police,City of London Police,-0.094070,51.513079,On or near Watling Street,E01032739,City of London 001F,Other theft,Under investigation,
53cce3a5336318614b62d63086565f15b292340fc297762599176fd7606c96a8,2026-04,City of London Police,City of London Police,-0.091540,51.511896,On or near Cannon Street,E01032739,City of London 001F,Other theft,Under investigation,
767f14ed161c5506f7d564aee8ec4a0452f58b3e9ca436d96b1afe0e8d020665,2026-04,City of London Police,City of London Police,-0.085228,51.511190,On or near Talbot Court,E01032739,City of London 001F,Other theft,Under investigation,
30551f4517dbe74b2096d6f08c5a1965c880ee8d82f11139318ac6f3fef9759b,2026-04,City of London Police,City of London Police,-0.079907,51.517785,On or near Victoria Avenue,E01032739,City of London 001F,Other theft,Under investigation,
548fe1f54a0076741fcb41049d10028eed22c01eca822e48acc27a942c0b1f89,2026-04,City of London Police,City of London Police,-0.082993,51.516360,On or near Wormwood Street,E01032739,City of London 001F,Other theft,Under investigation,
ce0f215bc91e5446c45c0ec2a7759fd4bebde01373831207b5c8f702694497e4,2026-04,City of London Police,City of London Police,-0.100201,51.513286,On or near Dean'S Court,E01032739,City of London 001F,Other theft,Under investigation,
102871ce8b825ecf72cacca2b245b9671bea6839d42312ad888b35fde6e853a4,2026-04,City of London Police,City of London Police,-0.088303,51.510728,On or near Laurence Pountney Lane,E01032739,City of London 001F,Other theft,Under investigation,
22c5d729e2d3c97e8f1d59353b7851bf886dfbc46e3b8b0bbce2ed9aa1ae79d9,2026-04,City of London Police,City of London Police,-0.081902,51.517296,On or near Liverpool Street,E01032739,City of London 001F,Other theft,Under investigation,
09dcca04c3d2769247d78c108becdeb0283297998da3691c2211e9f2e7842d08,2026-04,City of London Police,City of London Police,-0.082993,51.516360,On or near Wormwood Street,E01032739,City of London 001F,Other theft,Under investigation,
8a52aee9e48bbd00f13389f9741f6bc87ee8128f7845a19567c2d4be3833bcc4,2026-04,City of London Police,City of London Police,-0.092531,51.512658,On or near Queen Street,E01032739,City of London 001F,Other theft,Unable to prosecute suspect,
052d21e450ab43307d08fbba73794d9ac9388ac9255257bf2b7b5590d485b37b,2026-04,City of London Police,City of London Police,-0.079883,51.517326,On or near New Street,E01032739,City of London 001F,Other theft,Under investigation,
c9a4e18cbdfbc609ecd55ad7fa4e51db9a8575dea87837553638e48cb7edaeea,2026-04,City of London Police,City of London Police,-0.086815,51.517007,On or near Circus Place,E01032739,City of London 001F,Other theft,Under investigation,
91535cf9e1216e22f4379e8ee41acc53223e80b75abb6b0755e814bb7527a336,2026-04,City of London Police,City of London Police,-0.091823,51.514427,On or near Ironmonger Lane,E01032739,City of London 001F,Other theft,Under investigation,
4898c8534e1852ea94f3046702aa585abb2b84766402ed4ed8412f1bbeabd824,2026-04,City of London Police,City of London Police,-0.081902,51.517296,On or near Liverpool Street,E01032739,City of London 001F,Other theft,Under investigation,
4c11e6445f63bf8c27850cf61949a8aea732196903845f0ba147f54e01d07130,2026-04,City of London Police,City of London Police,-0.077959,51.511332,On or near Crutched Friars,E01032739,City of London 001F,Other theft,Investigation complete; no suspect identified,
f6a66ac4dffa4f991963ab3c384f58fe6c4e23622c4808cad1afc8b665a531d1,2026-04,City of London Police,City of London Police,-0.085228,51.511190,On or near Talbot Court,E01032739,City of London 001F,Other theft,Investigation complete; no suspect identified,
a64c393052247bfc91d1e4dac9eed2a5d116a1392e3524dee431a4e9aff59437,2026-04,City of London Police,City of London Police,-0.095924,51.513882,On or near Shopping Area,E01032739,City of London 001F,Other theft,Under investigation,
3e3cb73f505c95c837110ce8f958c4c5e2550a3ded65af2accfdf3bee7ba24e5,2026-04,City of London Police,City of London Police,-0.086019,51.513631,On or near Finch Lane,E01032739,City of London 001F,Other theft,Under investigation,
90fe9da7cd92123f6f6b188418e1164d1af031ed8ad30d779516682af25e0cc7,2026-04,City of London Police,City of London Police,-0.088785,51.517102,On or near Moorgate,E01032739,City of London 001F,Other theft,Under investigation,
ff27235e53cd232cde9f38297999a7d80b61e64a83f542c93f02232f8036338f,2026-04,City of London Police,City of London Police,-0.084836,51.511939,On or near Shopping Area,E01032739,City of London 001F,Other theft,Investigation complete; no suspect identified,
fe08d30ea31ff09b28475238cb5eb1c1cd3fa5d09096a3c63b52a40278986c61,2026-04,City of London Police,City of London Police,-0.085228,51.511190,On or near Talbot Court,E01032739,City of London 001F,Other theft,Investigation complete; no suspect identified,
a1eb9814aa7ff53f4bd5e1b7710d48572a3570b0884f122061209f260785ac91,2026-04,City of London Police,City of London Police,-0.081512,51.518692,On or near London Liverpool Street,E01032739,City of London 001F,Other theft,Under investigation,
32462bf0a243b1994d9c8a288fcc43f0a2aed6011dfcf6588d34bb4ac18363b1,2026-04,City of London Police,City of London Police,-0.078755,51.518440,On or near Artillery Lane,E01032739,City of London 001F,Other theft,Investigation complete; no suspect identified,
3bac1a0af6348f367cfc053d5429f198d3106118b18979463526eb2f5d557aed,2026-04,City of London Police,City of London Police,-0.091410,51.510167,On or near Cousin Lane,E01032739,City of London 001F,Other theft,Under investigation,
e6e92a5495513af446818a5282a6a95ac3f5813d49ca9163defd567609632d21,2026-04,City of London Police,City of London Police,-0.091540,51.511896,On or near Cannon Street,E01032739,City of London 001F,Other theft,Investigation complete; no suspect identified,
767bbba50a1f3386feb1e20a6ea80dc3969377d8aa8d8877d796c549ecd544df,2026-04,City of London Police,City of London Police,-0.101906,51.511794,On or near Theatre/Concert Hall,E01032739,City of London 001F,Other theft,Investigation complete; no suspect identified,
0f9dcc16f333b16475e3dba670b47a79c20b59741336477b97b9ddbc147577a8,2026-04,City of London Police,City of London Police,-0.100201,51.513286,On or near Dean'S Court,E01032739,City of London 001F,Other theft,Under investigation,
a04e0646428409cb18554050457ba721c7def24c2fde297a24b2b02e96f60e00,2026-04,City of London Police,City of London Police,-0.085228,51.511190,On or near Talbot Court,E01032739,City of London 001F,Other theft,Under investigation,
617ac84d4ef62315001c7047b12a2d5a0db47685f522bb8e9773aceab8262983,2026-04,City of London Police,City of London Police,-0.081113,51.516869,On or near Bishopsgate,E01032739,City of London 001F,Other theft,Under investigation,
285095a1b747cb7feeafc79efea0cc05f568b5b1090262d99e004595ff420841,2026-04,City of London Police,City of London Police,-0.086815,51.517007,On or near Circus Place,E01032739,City of London 001F,Other theft,Investigation complete; no suspect identified,
3214279b9f96db29b9f5d1e5dd6ee89fdd4b79b1125439b76a0b2157b5ba4c49,2026-04,City of London Police,City of London Police,-0.102134,51.513929,On or near Ludgate Hill,E01032739,City of London 001F,Other theft,Investigation complete; no suspect identified,
9e61f0af5a8cd84699bfcdc7392d474dd6d5d66d0f028f1f302de3ad6ff0b764,2026-04,City of London Police,City of London Police,-0.094460,51.512024,On or near Great Trinity Lane,E01032739,City of London 001F,Other theft,Under investigation,
d0b8ea79a302082f6373fdec7cd969f2fb7c0a370064a05b8dce98ff52933e1f,2026-04,City of London Police,City of London Police,-0.084844,51.509700,On or near Monument Street,E01032739,City of London 001F,Other theft,Under investigation,
cd09e94c43e47819b9f5dbff773f5db74240ba03952cb4ffe6fc3428adcd04e3,2026-04,City of London Police,City of London Police,-0.079138,51.508312,On or near Lower Thames Street,E01032739,City of London 001F,Other theft,Under investigation,
e6b729c09a0d1d39f9cdeee66e44bf507004ea15568bcc0cc4f0cbdc7ae0a0b1,2026-04,City of London Police,City of London Police,-0.079138,51.508312,On or near Lower Thames Street,E01032739,City of London 001F,Other theft,Investigation complete; no suspect identified,
105c20e5e5eecd8222d87cd92e2cc9541d68d5d673d73ca1c545db1ce0c5afce,2026-04,City of London Police,City of London Police,-0.079907,51.517785,On or near Victoria Avenue,E01032739,City of London 001F,Other theft,Under investigation,
dd47f86175d36da20738ce89f60ff4e50535cc1919242abb7f314d7e7205acc9,2026-04,City of London Police,City of London Police,-0.084836,51.511939,On or near Shopping Area,E01032739,City of London 001F,Other theft,Under investigation,
e7993484b365c4525d74dac423ceece63d7be69f5e0dbac83fca61e78e05c7b6,2026-04,City of London Police,City of London Police,-0.081512,51.518692,On or near London Liverpool Street,E01032739,City of London 001F,Other theft,Investigation complete; no suspect identified,
20fe588f0b2842341924e8d79b4c722e1d504df43914ca5b3ae9e786e62414ca,2026-04,City of London Police,City of London Police,-0.087873,51.516503,On or near Langthorn Court,E01032739,City of London 001F,Other theft,Under investigation,
e4b40cea69020ebe35260038ffde01c70d1ae39b72af691974117122da21c749,2026-04,City of London Police,City of London Police,-0.086019,51.513631,On or near Finch Lane,E01032739,City of London 001F,Other theft,Investigation complete; no suspect identified,
41b522d0ecc9aca5ece0b18ec3bec7be54d36a1ed789d3c393a3123a1a7f76a6,2026-04,City of London Police,City of London Police,-0.082133,51.515222,On or near St Helen'S Place,E01032739,City of London 001F,Other theft,Investigation complete; no suspect identified,
8574be83ac620cc877c6ad135b237a63848f4ee100282d4d349f75584bba1389,2026-04,City of London Police,City of London Police,-0.081643,51.510070,On or near Great Tower Street,E01032739,City of London 001F,Other theft,Investigation complete; no suspect identified,
e739a478a6b02507e939c294363c4fdc0652b56c8810a33c5005cd4b28f755f6,2026-04,City of London Police,City of London Police,-0.081902,51.517296,On or near Liverpool Street,E01032739,City of London 001F,Other theft,Under investigation,
7a91eea9fced07b5738131dcc82e4ca26d1109cbd1c766b3947132cceabf3e92,2026-04,City of London Police,City of London Police,-0.100201,51.513286,On or near Dean'S Court,E01032739,City of London 001F,Other theft,Under investigation,
61852cf9fbe70a74a4b35595939aa0359c5502040ba137ad20b0db5e3643e464,2026-04,City of London Police,City of London Police,-0.103296,51.513723,On or near Pilgrim Street,E01032739,City of London 001F,Other theft,Investigation complete; no suspect identified,
3005040ffc72f0917694076aed033990c99b819345532b000f3053576787cb5f,2026-04,City of London Police,City of London Police,-0.094460,51.512024,On or near Great Trinity Lane,E01032739,City of London 001F,Other theft,Under investigation,
a14a7b64130208ad5ada5f52b8f051b4fbb38ab83e28cb308a92753bada0fb09,2026-04,City of London Police,City of London Police,-0.101589,51.513515,On or near Ludgate Square,E01032739,City of London 001F,Other theft,Investigation complete; no suspect identified,
db8272e4753cbb9559a105f61ebfd259f67391ac42126bcc4c78961786806e2c,2026-04,City of London Police,City of London Police,-0.095224,51.513736,On or near Shopping Area,E01032739,City of London 001F,Other theft,Under investigation,
380df0b0891213fcc8292bbbccc4ea192c22046e61a763d36285700ebb02a7e0,2026-04,City of London Police,City of London Police,-0.081902,51.517296,On or near Liverpool Street,E01032739,City of London 001F,Other theft,Investigation complete; no suspect identified,
94977f5d89fee3717fbd1cf26c8abc3df81e813ef96bf533866d2fa9a6c9087c,2026-04,City of London Police,City of London Police,-0.077959,51.511332,On or near Crutched Friars,E01032739,City of London 001F,Other theft,Investigation complete; no suspect identified,
869f58509771b7fe6795782fad5015c869c53fc0d710747774fbd7954607436d,2026-04,City of London Police,City of London Police,-0.081902,51.517296,On or near Liverpool Street,E01032739,City of London 001F,Other theft,Investigation complete; no suspect identified,
80b29cdafb08406e283a9d8188c14f6c736e98a95e6e6300eb047eec6ec0dc56,2026-04,City of London Police,City of London Police,-0.081643,51.510070,On or near Great Tower Street,E01032739,City of London 001F,Other theft,Under investigation,
1f98b0a6e311ae794f6e02826a4e34214eb370cf42737f49a0c9dc26329a8a96,2026-04,City of London Police,City of London Police,-0.091947,51.513188,On or near Pancras Lane,E01032739,City of London 001F,Other theft,Under investigation,
951629c032a39cbda7f63ac38dc2155489a0819633db16d1f43d0978267cacef,2026-04,City of London Police,City of London Police,-0.102134,51.513929,On or near Ludgate Hill,E01032739,City of London 001F,Other theft,Under investigation,
7f2cc5c77c844dcf641baa66e30da3f6736e542e96ccacae76088ce454a43f5f,2026-04,City of London Police,City of London Police,-0.081512,51.518692,On or near London Liverpool Street,E01032739,City of London 001F,Other theft,Investigation complete; no suspect identified,
e2f3aece5d92287eaff5b20deff19ad36f4371478bc14cf595dc891e110084ce,2026-04,City of London Police,City of London Police,-0.077563,51.517656,On or near Sandy'S Row,E01032739,City of London 001F,Other theft,Investigation complete; no suspect identified,
69d9b9b20938008d99f1daedd37256979c2502b20869b90b367d8785ce6912c3,2026-04,City of London Police,City of London Police,-0.079138,51.508312,On or near Lower Thames Street,E01032739,City of London 001F,Other theft,Under investigation,
2df2aad733b244b9cc465dd67880de7dc7211a05783b012aa5639f324212461e,2026-04,City of London Police,City of London Police,-0.097291,51.514626,On or near Supermarket,E01032739,City of London 001F,Other theft,Under investigation,
7d4012f3448a597288a56cc45d39b9130480552d1fbe05a00fd72422dc56eb59,2026-04,City of London Police,City of London Police,-0.079138,51.508312,On or near Lower Thames Street,E01032739,City of London 001F,Other theft,Under investigation,
9225cf7c78618b0ce57199c7a78c58f1117c19be107627ce7b48c5c8d10af9b4,2026-04,City of London Police,City of London Police,-0.077070,51.510877,On or near Cooper'S Row,E01032739,City of London 001F,Other theft,Under investigation,
b113d764656c5f41012cb144b8e26018b9269d82e2761eb87545899572babf39,2026-04,City of London Police,City of London Police,-0.088785,51.517102,On or near Moorgate,E01032739,City of London 001F,Other theft,Under investigation,
17e81569bb7185f9e419740caed8077cfd13c3e15eb8c6d4244450156a823de3,2026-04,City of London Police,City of London Police,-0.082133,51.515222,On or near St Helen'S Place,E01032739,City of London 001F,Other theft,Under investigation,
2ce583712e214c52a834e1453b39586262930d1582acf2d9c4055f9c126b73b4,2026-04,City of London Police,City of London Police,-0.088303,51.510728,On or near Laurence Pountney Lane,E01032739,City of London 001F,Other theft,Investigation complete; no suspect identified,
47deb8e35495774d4a17626712fc93c79a623045623095c20f1a948bfd7a622b,2026-04,City of London Police,City of London Police,-0.092531,51.512658,On or near Queen Street,E01032739,City of London 001F,Other theft,Investigation complete; no suspect identified,
669bdf61ff3372565cfeb56df72f81ff22cc6b4dd78403b098768cca53919bb4,2026-04,City of London Police,City of London Police,-0.081902,51.517296,On or near Liverpool Street,E01032739,City of London 001F,Other theft,Under investigation,
7345a0da68b66edf4cc9048f112c09c18afd9521120e07f38310690e6c8ce83b,2026-04,City of London Police,City of London Police,-0.081512,51.518692,On or near London Liverpool Street,E01032739,City of London 001F,Other theft,Investigation complete; no suspect identified,
8faaa8d918b44c689e86e1d08c3403fe9ef1e74b9bd257774e75f14e859e069c,2026-04,City of London Police,City of London Police,-0.091823,51.514427,On or near Ironmonger Lane,E01032739,City of London 001F,Other theft,Investigation complete; no suspect identified,
43cc27f49deccd4046fe2aa87ea16e9300145e454bc019856faa6ffa0d38fa82,2026-04,City of London Police,City of London Police,-0.079138,51.508312,On or near Lower Thames Street,E01032739,City of London 001F,Other theft,Under investigation,
01865689c5e880a0a01a26a616e762c4a50efae56a05176e431e206801039754,2026-04,City of London Police,City of London Police,-0.094070,51.513079,On or near Watling Street,E01032739,City of London 001F,Other theft,Unable to prosecute suspect,
36f5972bfca30202962b4a1442a281857a66be67da57928b2acd7fb4bcd2f70d,2026-04,City of London Police,City of London Police,-0.091540,51.511896,On or near Cannon Street,E01032739,City of London 001F,Other theft,Investigation complete; no suspect identified,
ff2bef7a39c63481ce74e008b8b6e7deef8a515eafa6b2efb7eadb718cd2f5f0,2026-04,City of London Police,City of London Police,-0.102134,51.513929,On or near Ludgate Hill,E01032739,City of London 001F,Other theft,Under investigation,
344bb803db206549ec633e9c11e3ff4e3587fe702b33a095bf2150874ad55875,2026-04,City of London Police,City of London Police,-0.087772,51.510665,On or near Martin Lane,E01032739,City of London 001F,Other theft,Investigation complete; no suspect identified,
77eb59c5eae12948e4f4fbe906434dc2f10053c6acaa9e626cdb037cf2781277,2026-04,City of London Police,City of London Police,-0.087157,51.512624,On or near Lombard Street,E01032739,City of London 001F,Other theft,Investigation complete; no suspect identified,
aa542d78767ff15f66aca483bf54d80797c267e5d07283dd9af90cba74d82388,2026-04,City of London Police,City of London Police,-0.094070,51.513079,On or near Watling Street,E01032739,City of London 001F,Other theft,Under investigation,
cc0550b9d7b8422bbadbcd14ffee50720f82cc37e6864752f925ec64bec21d9a,2026-04,City of London Police,City of London Police,-0.100201,51.513286,On or near Dean'S Court,E01032739,City of London 001F,Other theft,Under investigation,
79e11aa4484bbe5e8cee00963650221bcc4c994a4ee2f2984631f068a35fffca,2026-04,City of London Police,City of London Police,-0.081902,51.517296,On or near Liverpool Street,E01032739,City of London 001F,Other theft,Under investigation,
cb67d41e3f5c3e5480e1aff259214b71e0a5b5ae7c1c71e53086831afd5a6bb9,2026-04,City of London Police,City of London Police,-0.081643,51.510070,On or near Great Tower Street,E01032739,City of London 001F,Other theft,Under investigation,
d3c3d20d22b19f1d765348863a2831dd7cf5dba2bba6d6b374b439420c586e40,2026-04,City of London Police,City of London Police,-0.104276,51.513712,On or near A201,E01032739,City of London 001F,Other theft,Under investigation,
03143f2db2ee1c536cccd4b9d9d1c51022495259bbd1e932560a70506beedb22,2026-04,City of London Police,City of London Police,-0.087157,51.512624,On or near Lombard Street,E01032739,City of London 001F,Other theft,Investigation complete; no suspect identified,
838bad30ee9abbd3c5df3228f38ba3e3792aa638b49b27e537570f7e090bc9f1,2026-04,City of London Police,City of London Police,-0.085089,51.512105,On or near Gracechurch Street,E01032739,City of London 001F,Other theft,Investigation complete; no suspect identified,
ca87899de1b922078f6f27b2585e028b1ae9326289a1a2e6ed8ff4bb29e0f125,2026-04,City of London Police,City of London Police,-0.078495,51.517770,On or near Further/Higher Educational Building,E01032739,City of London 001F,Other theft,Under investigation,
2d2cf3e50f180c1d2cf8a784ccad26eb0553b98ca5233148380ded7a21723ce1,2026-04,City of London Police,City of London Police,-0.081902,51.517296,On or near Liverpool Street,E01032739,City of London 001F,Other theft,Under investigation,
ff26d6034accaf718c54fce2d4ded0759c60c93d4b111c023fa63f598a976638,2026-04,City of London Police,City of London Police,-0.087157,51.512624,On or near Lombard Street,E01032739,City of London 001F,Other theft,Investigation complete; no suspect identified,
62e86faf99a3456d325056a149ad63000b43db32ed7288e61cc1482c92a0ebc7,2026-04,City of London Police,City of London Police,-0.100201,51.513286,On or near Dean'S Court,E01032739,City of London 001F,Other theft,Under investigation,
bb47b8726f69ad14a6c0881685d55c577564f90e500c94f8a90b00e16d803acc,2026-04,City of London Police,City of London Police,-0.088785,51.517102,On or near Moorgate,E01032739,City of London 001F,Other theft,Investigation complete; no suspect identified,
68b0e37f52e5816bd564a1957eee9cb09a66ae41a2354abebf4a901e325e8aa0,2026-04,City of London Police,City of London Police,-0.081512,51.518692,On or near London Liverpool Street,E01032739,City of London 001F,Other theft,Under investigation,
87718427aabe97bc686db883a69fe0d28782daaff886687cc222665ab367ab87,2026-04,City of London Police,City of London Police,-0.082993,51.516360,On or near Wormwood Street,E01032739,City of London 001F,Other theft,Under investigation,
595e549316ba8468a8bdfbab9abafa22bf2dd6eef39727b14be1ce7ab47ce379,2026-04,City of London Police,City of London Police,-0.077959,51.511332,On or near Crutched Friars,E01032739,City of London 001F,Other theft,Investigation complete; no suspect identified,
9e09eeab10c074eb8774616aff112550ce0df86e5a8e200120e002b09d5533fe,2026-04,City of London Police,City of London Police,-0.095764,51.512549,On or near Friday Street,E01032739,City of London 001F,Other theft,Under investigation,
64d76c6bc7256841853348683c2b5d8e9755258f71814d1464a221cf7f63f169,2026-04,City of London Police,City of London Police,-0.091947,51.513188,On or near Pancras Lane,E01032739,City of London 001F,Other theft,Investigation complete; no suspect identified,
8c094afec58d78514637d698bba791190a67be7be6637f07db7b5d550dc88cc3,2026-04,City of London Police,City of London Police,-0.077372,51.512590,On or near Carlisle Avenue,E01032739,City of London 001F,Other theft,Unable to prosecute suspect,
d0b4eec6d39da22bcccdcf2714f2daee3bd8ee2043dd8f79eb727072771a7fb8,2026-04,City of London Police,City of London Police,-0.088456,51.514975,On or near Tokenhouse Yard,E01032739,City of London 001F,Other theft,Investigation complete; no suspect identified,
43cf2448a1d45a6f5838224f6d9ce458aeb1d12a502062dcd782531e47562497,2026-04,City of London Police,City of London Police,-0.088785,51.517102,On or near Moorgate,E01032739,City of London 001F,Other theft,Under investigation,
0b59fa2627ee6e7352e2239169a25b22ab1e657c0e09755ea6f5e87acf3bc282,2026-04,City of London Police,City of London Police,-0.083977,51.510441,On or near Lovat Lane,E01032739,City of London 001F,Other theft,Under investigation,
ba74c2f3b318ea4c2cdd700f5d0b4754547d8b33db3df34548be058afac5fa77,2026-04,City of London Police,City of London Police,-0.091947,51.513188,On or near Pancras Lane,E01032739,City of London 001F,Other theft,Unable to prosecute suspect,
1b2a4a551d614e9bdfb629c515b6a44d4f22fb7b535ac560234930a4914aa408,2026-04,City of London Police,City of London Police,-0.088456,51.514975,On or near Tokenhouse Yard,E01032739,City of London 001F,Other theft,Under investigation,
95bf96870c99c585f801168e72de2eaf9b34c77c9d3bd36aaba3278ac1316b4f,2026-04,City of London Police,City of London Police,-0.089208,51.509744,On or near Angel Lane,E01032739,City of London 001F,Other theft,Investigation complete; no suspect identified,
09418490b31ddb774f90767fb9d18ffadb52cb309b7380c88ce2264cb274691a,2026-04,City of London Police,City of London Police,-0.083977,51.510441,On or near Lovat Lane,E01032739,City of London 001F,Other theft,Investigation complete; no suspect identified,
e5ffde2046ff1dcdbc5bed83ce7fe2b3697c8a2e68f6ff1f52b3dd79f3b55996,2026-04,City of London Police,City of London Police,-0.082993,51.516360,On or near Wormwood Street,E01032739,City of London 001F,Other theft,Under investigation,
fd0ac09500005daeb5c8da941eb0f0b38d8729e14883424b7758e31b0e9b96d6,2026-04,City of London Police,City of London Police,-0.087157,51.512624,On or near Lombard Street,E01032739,City of London 001F,Other theft,Under investigation,
5ea80c7b89c571fdc62032b124d93881c56f0f63dcf8ad413d0b058d6b45fb1a,2026-04,City of London Police,City of London Police,-0.081643,51.510070,On or near Great Tower Street,E01032739,City of London 001F,Other theft,Under investigation,
f215a3c3418417a7a63bea255b5c6f741ecb544b9d0185b47e7ed4b270cb36b9,2026-04,City of London Police,City of London Police,-0.088785,51.517102,On or near Moorgate,E01032739,City of London 001F,Other theft,Under investigation,
e09451349ec63248acd2d4ec925793b96da016c0a910d9c4e3f94bdfa9316386,2026-04,City of London Police,City of London Police,-0.081113,51.516869,On or near Bishopsgate,E01032739,City of London 001F,Other theft,Under investigation,
6d5cc68ab9eab0e1222e2f6d4b59544e7df99c83f172a7cdd563d3b76e8b039b,2026-04,City of London Police,City of London Police,-0.085228,51.511190,On or near Talbot Court,E01032739,City of London 001F,Other theft,Under investigation,
dc90ef571cf6a821df7bd77533029788939df36b9debf5291fafb8e45ce74e9c,2026-04,City of London Police,City of London Police,-0.091540,51.511896,On or near Cannon Street,E01032739,City of London 001F,Other theft,Under investigation,
93a0be266955932db177804265e25e92b6048a5c269b9812fc2c6f4c5b4e0fb2,2026-04,City of London Police,City of London Police,-0.082993,51.516360,On or near Wormwood Street,E01032739,City of London 001F,Other theft,Investigation complete; no suspect identified,
3db4308392dc8ea409ff6f57fe3b541a1356b9621699fbda8e7cc3dcf4a986fa,2026-04,City of London Police,City of London Police,-0.079138,51.508312,On or near Lower Thames Street,E01032739,City of London 001F,Other theft,Under investigation,
1f0f14a438eb9c7312bd60955dd6e75525ce3af96011d138829214584df0eb08,2026-04,City of London Police,City of London Police,-0.081113,51.516869,On or near Bishopsgate,E01032739,City of London 001F,Possession of weapons,Awaiting court outcome,
984ae35e2105d8462fc8f7f71f20075962bc3da0720c3ff6d74de6507700dbcb,2026-04,City of London Police,City of London Police,-0.081902,51.517296,On or near Liverpool Street,E01032739,City of London 001F,Possession of weapons,Under investigation,
687ccc7fd8fbbb19f93e23b481152e145154e3c398cafb67fe8335279aea8e62,2026-04,City of London Police,City of London Police,-0.079907,51.517785,On or near Victoria Avenue,E01032739,City of London 001F,Public order,Under investigation,
4db656d17433049d83bf0e07d728eaa7999d781d14513a3f4d187f8059a7a233,2026-04,City of London Police,City of London Police,-0.084844,51.510725,On or near Eastcheap,E01032739,City of London 001F,Public order,Unable to prosecute suspect,
baa9e1457fb65fea111ac65e46c94e23bb257a74022e4268cb3149d1ae22e10b,2026-04,City of London Police,City of London Police,-0.084844,51.509700,On or near Monument Street,E01032739,City of London 001F,Public order,Investigation complete; no suspect identified,
b62b454e83d91ef15cc4d0adba49f734642755308451a734e0da9f1cd5f9335a,2026-04,City of London Police,City of London Police,-0.081902,51.517296,On or near Liverpool Street,E01032739,City of London 001F,Public order,Under investigation,
2b87f0fb87cc8f42edb74885b00f2fc0cdaa983d87cefcbeece8efa98690bf3c,2026-04,City of London Police,City of London Police,-0.097291,51.514626,On or near Supermarket,E01032739,City of London 001F,Public order,Unable to prosecute suspect,
1ed4e0ea957dbf93efb2c9c2a0d39dda0726bb81e4b2ed06f3d4ee5f58ca05f2,2026-04,City of London Police,City of London Police,-0.079907,51.517785,On or near Victoria Avenue,E01032739,City of London 001F,Public order,Under investigation,
f8dcf82a6c0aa934f527ea16e028a9350b7019d5f71634189b30cca66a72b37d,2026-04,City of London Police,City of London Police,-0.079883,51.517326,On or near New Street,E01032739,City of London 001F,Public order,Unable to prosecute suspect,
0c6fcacbb0f98f2f70d4569a87d47a19bc10e2ac9d02150a3d38bcebb858aae5,2026-04,City of London Police,City of London Police,-0.079883,51.517326,On or near New Street,E01032739,City of London 001F,Public order,Unable to prosecute suspect,
0607c1686bb9df9c137c7e6396ce84ada799316099a9dab5a3b6deac880a24a9,2026-04,City of London Police,City of London Police,-0.083600,51.509797,On or near St Mary At Hill,E01032739,City of London 001F,Public order,Under investigation,
acac553fbc2a5a528170a614b3396daf7e9441f86e485c073a90b7c67fb81136,2026-04,City of London Police,City of London Police,-0.079883,51.517326,On or near New Street,E01032739,City of London 001F,Public order,Unable to prosecute suspect,
ef313d02f111bb8445c483080a159af86dfa50b7533c6d2dd55e98686a49de78,2026-04,City of London Police,City of London Police,-0.079838,51.514267,On or near Bury Street,E01032739,City of London 001F,Public order,Under investigation,
e6ef6abe6879ff3ff3e0f00e38f7be6acb4a71bd198042ab72eaf76cc2373bbd,2026-04,City of London Police,City of London Police,-0.088785,51.517102,On or near Moorgate,E01032739,City of London 001F,Public order,Unable to prosecute suspect,
786b6f2815cd871802bb6ca863950d82227282b06feaff9c99227207d633721f,2026-04,City of London Police,City of London Police,-0.087157,51.512624,On or near Lombard Street,E01032739,City of London 001F,Public order,Investigation complete; no suspect identified,
c3ac9d748684f62dac887594facad6b9c5d6750140a2fae4af57efcc9834cd44,2026-04,City of London Police,City of London Police,-0.091540,51.511896,On or near Cannon Street,E01032739,City of London 001F,Public order,Under investigation,
821b8cfacd0d5016cf6682247ec88843e41f1c507906193d3a42a4773da79e87,2026-04,City of London Police,City of London Police,-0.081902,51.517296,On or near Liverpool Street,E01032739,City of London 001F,Public order,Under investigation,
8318958244e1dca064bb2c8254e8cccef1f3e71da1ed0895c418c3a76a2f9a33,2026-04,City of London Police,City of London Police,-0.081902,51.517296,On or near Liverpool Street,E01032739,City of London 001F,Public order,Under investigation,
8acc94980777171cb9abea78a1ec370f9b3ce1108dc9d361890af6201cff8fc8,2026-04,City of London Police,City of London Police,-0.081512,51.518692,On or near London Liverpool Street,E01032739,City of London 001F,Public order,Under investigation,
064f4a85ba9a346dddd3d756185f378b02fbcaa79a62d1b732a5de5016c9d730,2026-04,City of London Police,City of London Police,-0.101475,51.511077,On or near A3211,E01032739,City of London 001F,Public order,Under investigation,
29585a3e57c9ad847538fc2e042447bee305e43c78cd73f4b1c6c95cb1669697,2026-04,City of London Police,City of London Police,-0.092633,51.509872,On or near Bell Wharf Lane,E01032739,City of London 001F,Public order,Under investigation,
545cf377764ceda07afdd7312ea0423bc9e15eafbb5524745bdd9093abde9f7c,2026-04,City of London Police,City of London Police,-0.078424,51.518093,On or near Widegate Street,E01032739,City of London 001F,Public order,Unable to prosecute suspect,
6b3844776b8a540a50c4abe3718e7e6a5e771bca205b2fe1e78f641529f01e46,2026-04,City of London Police,City of London Police,-0.085089,51.512105,On or near Gracechurch Street,E01032739,City of London 001F,Public order,Under investigation,
bb49f2ce4bd057fb208c4cffe1233c20a1c80eaf72cf5eb6c68621f37b47beb6,2026-04,City of London Police,City of London Police,-0.086019,51.513631,On or near Finch Lane,E01032739,City of London 001F,Public order,Unable to prosecute suspect,
1658361840e40b93f3d6bf097068b81733dc99aad6f68689ff3596b19ce011ed,2026-04,City of London Police,City of London Police,-0.081512,51.518692,On or near London Liverpool Street,E01032739,City of London 001F,Public order,Unable to prosecute suspect,
d33e0cc18fecd7c482ae172b660c13333a6679adad6a507bff13961708b711f6,2026-04,City of London Police,City of London Police,-0.079521,51.511196,On or near New London Street,E01032739,City of London 001F,Public order,Under investigation,
ecf5e8c75892641faab18db315acee66351e03ed813e4b94b84593b80480b38d,2026-04,City of London Police,City of London Police,-0.079907,51.517785,On or near Victoria Avenue,E01032739,City of London 001F,Public order,Under investigation,
94c2223f893afadcebf3eebc982d74e0eb27b053775ce56fab1f08d3165850a7,2026-04,City of London Police,City of London Police,-0.095924,51.513882,On or near Shopping Area,E01032739,City of London 001F,Public order,Under investigation,
98d7632285a496b0eaba922a9a3e87aedcc33a6a4b6af62e8f35ebc6519464d3,2026-04,City of London Police,City of London Police,-0.091947,51.513188,On or near Pancras Lane,E01032739,City of London 001F,Public order,Unable to prosecute suspect,
bc2a71fa377ac0d06388ded2949d506e5459d063d52d798eff2ab3fb8f366bde,2026-04,City of London Police,City of London Police,-0.100201,51.513286,On or near Dean'S Court,E01032739,City of London 001F,Public order,Under investigation,
a045b10d737942fb62a7a7daa492a993a7885ceae55dcfa179a3beb47c23cce2,2026-04,City of London Police,City of London Police,-0.101906,51.511794,On or near Theatre/Concert Hall,E01032739,City of London 001F,Robbery,Under investigation,
b2dd148a833b1a19ce1c397c97cbd005d5c3b4bc49670bb28406cd52d014aa03,2026-04,City of London Police,City of London Police,-0.084844,51.509700,On or near Monument Street,E01032739,City of London 001F,Robbery,Under investigation,
3d57fac2ee00fb2012682d313de0bb7f9933f849728e9da74d3eb44f20779e76,2026-04,City of London Police,City of London Police,-0.081643,51.510070,On or near Great Tower Street,E01032739,City of London 001F,Robbery,Under investigation,
25f5ee7d82713984fa6751314dd085ddec5927e1f427f078c75071bdbf7535fc,2026-04,City of London Police,City of London Police,-0.081902,51.517296,On or near Liverpool Street,E01032739,City of London 001F,Robbery,Under investigation,
51d1366a2b2bec4cdab26debc0a01f4f412c2e2a843e7f075fefc4834a6d833c,2026-04,City of London Police,City of London Police,-0.081512,51.518692,On or near London Liverpool Street,E01032739,City of London 001F,Robbery,Under investigation,
3ea8b132889322166101b2c91d8d97c7b622387bc74ed2b5dcdc5d9fbef95066,2026-04,City of London Police,City of London Police,-0.095224,51.513736,On or near Shopping Area,E01032739,City of London 001F,Robbery,Under investigation,
2573b22c6b4699ebacd734dea697dd88d35788558e6a76d393f5427d91ae67b5,2026-04,City of London Police,City of London Police,-0.086815,51.517007,On or near Circus Place,E01032739,City of London 001F,Robbery,Under investigation,
215db1ccb11b8d83ae79a7b85b9ec58bd46cdb3c3d9d9c977e032036840fe01a,2026-04,City of London Police,City of London Police,-0.078477,51.509965,On or near Muscovy Street,E01032739,City of London 001F,Robbery,Investigation complete; no suspect identified,
bb4188f359cdbbf58432282e046c84f72ea94c160f97ce7c1b8b26d7c7a7e4b3,2026-04,City of London Police,City of London Police,-0.084754,51.512882,On or near Corbet Court,E01032739,City of London 001F,Robbery,Under investigation,
22658497ae36b5eef59e9dd56544751ee5aa5a684af6b4d7ddd6a9bf01e41f50,2026-04,City of London Police,City of London Police,-0.088785,51.517102,On or near Moorgate,E01032739,City of London 001F,Robbery,Unable to prosecute suspect,
5666226207a9cd2f61736d804704036698702269ae2eaf8c0324071bae6a73e9,2026-04,City of London Police,City of London Police,-0.084844,51.509700,On or near Monument Street,E01032739,City of London 001F,Robbery,Under investigation,
066cecf4dae8336da8b73c4aaca1a17ce0d17a0740da8633eabf388dd5214635,2026-04,City of London Police,City of London Police,-0.079521,51.511196,On or near New London Street,E01032739,City of London 001F,Shoplifting,Investigation complete; no suspect identified,
bfcafce89ecc72c5ae74267a7bcbc7ea8c3be3ec45855016fc4f05a216b953ed,2026-04,City of London Police,City of London Police,-0.094070,51.513079,On or near Watling Street,E01032739,City of London 001F,Shoplifting,Under investigation,
37100b8fd74a4eab4aaead0f75645bad920b0793cbbcdec2d03da2f89c8204e1,2026-04,City of London Police,City of London Police,-0.081902,51.517296,On or near Liverpool Street,E01032739,City of London 001F,Shoplifting,Under investigation,
952242f537f543f08f939fc36cb6cf5e54b144ad84c9010530f5521dac6c53b3,2026-04,City of London Police,City of London Police,-0.095924,51.513882,On or near Shopping Area,E01032739,City of London 001F,Shoplifting,Under investigation,
01e8050ff2935ed91fd300cd78c368411eaa845ec11f6cf5cffefa6c88e17abe,2026-04,City of London Police,City of London Police,-0.086815,51.517007,On or near Circus Place,E01032739,City of London 001F,Shoplifting,Under investigation,
3288b086516010d9aa3a05e203df6cf52ee0a7cd268422344c549672a0e799dc,2026-04,City of London Police,City of London Police,-0.079138,51.508312,On or near Lower Thames Street,E01032739,City of London 001F,Shoplifting,Under investigation,
bef865c54c2afe68eb0845ee2819ee8f2efee20bf2c6fb458c19d16c75bb2a6c,2026-04,City of London Police,City of London Police,-0.095924,51.513882,On or near Shopping Area,E01032739,City of London 001F,Shoplifting,Under investigation,
149e7add36c88fb106947b0fef3d17b91398f0f461a6522de72e4234f7517ace,2026-04,City of London Police,City of London Police,-0.097291,51.514626,On or near Supermarket,E01032739,City of London 001F,Shoplifting,Under investigation,
662d8d5e6dec617bd0e8e1260235be39f6312e245e8ad8992cc41de0169f8bf3,2026-04,City of London Police,City of London Police,-0.095924,51.513882,On or near Shopping Area,E01032739,City of London 001F,Shoplifting,Under investigation,
d8a5186a6ed89a96da45ccfc9964dcf9dff31beb9ca20e55b2a316138a8f8330,2026-04,City of London Police,City of London Police,-0.079521,51.511196,On or near New London Street,E01032739,City of London 001F,Shoplifting,Under investigation,
a4ff4c059d9b5d5c3c9294475dbc3c3b16d38bf481e47598e7ba54c7d279d30f,2026-04,City of London Police,City of London Police,-0.079521,51.511196,On or near New London Street,E01032739,City of London 001F,Shoplifting,Under investigation,
a355bec293262cfde630abec7bcf3e2264d0be1f6cb0e30182fbafc7a30feb2d,2026-04,City of London Police,City of London Police,-0.079883,51.517326,On or near New Street,E01032739,City of London 001F,Shoplifting,Investigation complete; no suspect identified,
894ac27536c9e995e550ae2117223e362ad5c45b7aa0a378fbf24b72dbba1ab8,2026-04,City of London Police,City of London Police,-0.094070,51.513079,On or near Watling Street,E01032739,City of London 001F,Shoplifting,Under investigation,
0b7d235dac92112aefc6e281a99daa5e82327d7da136916981a34773dde5f66a,2026-04,City of London Police,City of London Police,-0.084836,51.511939,On or near Shopping Area,E01032739,City of London 001F,Shoplifting,Under investigation,
fd1f2a47604485e4ff62be7d9182b77b0d718fe76b4cc78c9af71b7bf87c87e3,2026-04,City of London Police,City of London Police,-0.079883,51.517326,On or near New Street,E01032739,City of London 001F,Shoplifting,Under investigation,
a6edea606151d9e605658f7caa39fa8f5b2d610105d7a88fe3358982fffabdec,2026-04,City of London Police,City of London Police,-0.086019,51.513631,On or near Finch Lane,E01032739,City of London 001F,Shoplifting,Under investigation,
8118328d906bc869bf176d4cd718543958fb1fbdf096866c38ff131cd3fe8a10,2026-04,City of London Police,City of London Police,-0.084754,51.512882,On or near Corbet Court,E01032739,City of London 001F,Shoplifting,Under investigation,
c47ba55150d7661732c658a6dc36c67a236d751377e3872ab30bf6c19827d6bd,2026-04,City of London Police,City of London Police,-0.079138,51.508312,On or near Lower Thames Street,E01032739,City of London 001F,Shoplifting,Under investigation,
28d7326045b53b9c41cf4417d95735f12c7e7c1aafb94fb63c1f90b9a2c4e51e,2026-04,City of London Police,City of London Police,-0.079138,51.508312,On or near Lower Thames Street,E01032739,City of London 001F,Shoplifting,Under investigation,
e64bf38e68bb6701a9bfd3991dbb1b5cdcb07d27a7fe29c925f002f67d66e1b9,2026-04,City of London Police,City of London Police,-0.096501,51.513874,On or near New Change,E01032739,City of London 001F,Shoplifting,Under investigation,
0afcae434d95062d46a017d8d8df68d175fb8cefc13f2d18f4f65b0171a56904,2026-04,City of London Police,City of London Police,-0.097291,51.514626,On or near Supermarket,E01032739,City of London 001F,Shoplifting,Under investigation,
e4ab0b20e7b91555c0db433806d7b03696e27e17290d8548ec0a5c04589a4023,2026-04,City of London Police,City of London Police,-0.095224,51.513736,On or near Shopping Area,E01032739,City of London 001F,Shoplifting,Under investigation,
d3c04983cbf66911dee1a1dc4969a055cc4535487a12b0c1c4d3c87e787f39ce,2026-04,City of London Police,City of London Police,-0.097291,51.514626,On or near Supermarket,E01032739,City of London 001F,Shoplifting,Under investigation,
14d29b45ae5d438c5fb88f891ecce65d211ef89ad1b9a183154e996c2787b87d,2026-04,City of London Police,City of London Police,-0.079521,51.511196,On or near New London Street,E01032739,City of London 001F,Shoplifting,Under investigation,
1d0971382e89b728b3839bf0b42fea09905ce76ce41b41aa7a189a4307e5f36a,2026-04,City of London Police,City of London Police,-0.079521,51.511196,On or near New London Street,E01032739,City of London 001F,Shoplifting,Under investigation,
0df24858dad0a9fde5edb4cdd1430633fb9ccc688ac0728ca1bf5ac1ce426814,2026-04,City of London Police,City of London Police,-0.091823,51.514427,On or near Ironmonger Lane,E01032739,City of London 001F,Shoplifting,Under investigation,
050d648b8aa5ba8530e0caf8f4d23ca20426351041e3623ae2b8f142a2e3b866,2026-04,City of London Police,City of London Police,-0.079521,51.511196,On or near New London Street,E01032739,City of London 001F,Shoplifting,Under investigation,
d411b3963aff837da275f7baf5430f286b50cdc75eafc87a260edb04c7a86c2e,2026-04,City of London Police,City of London Police,-0.079521,51.511196,On or near New London Street,E01032739,City of London 001F,Shoplifting,Under investigation,
1c99b77fddf9f5573130271aae1a1bb3f6cc8787992bfee1fe05af13eeba1422,2026-04,City of London Police,City of London Police,-0.081902,51.517296,On or near Liverpool Street,E01032739,City of London 001F,Shoplifting,Under investigation,
82c26250be800a5182acb3b1337651b2b97ff150b39acccedd6a25d67bded09c,2026-04,City of London Police,City of London Police,-0.084844,51.510725,On or near Eastcheap,E01032739,City of London 001F,Shoplifting,Investigation complete; no suspect identified,
7c61c9cec51af229ea2b758241aa0bdac188f92f10e70a156ccca1fef0b1927b,2026-04,City of London Police,City of London Police,-0.091823,51.514427,On or near Ironmonger Lane,E01032739,City of London 001F,Shoplifting,Under investigation,
d9daee2dcf29fec18de3645ec33b66aee4ebf870701271478d48b9abda670dec,2026-04,City of London Police,City of London Police,-0.096501,51.513874,On or near New Change,E01032739,City of London 001F,Shoplifting,Awaiting court outcome,
50c7f9e9087893bc0a4828332a1cc75b795402f8c87e4d2a6f024a1ab961b943,2026-04,City of London Police,City of London Police,-0.094070,51.513079,On or near Watling Street,E01032739,City of London 001F,Shoplifting,Under investigation,
988e40c02dadcb117b52a0cbe330214b6f677e4dc9cfd9cb9d417afcc3d115e2,2026-04,City of London Police,City of London Police,-0.096501,51.513874,On or near New Change,E01032739,City of London 001F,Shoplifting,Under investigation,
c640c271aa406daeb6feea5f5fbfddcdb470a4816b9fd670b8dbc057d1575ae5,2026-04,City of London Police,City of London Police,-0.079883,51.517326,On or near New Street,E01032739,City of London 001F,Shoplifting,Under investigation,
1b5db40da26c268d224ea69277939f771d59ac9a1e6c6a73318b51d7fe6eab4b,2026-04,City of London Police,City of London Police,-0.097291,51.514626,On or near Supermarket,E01032739,City of London 001F,Shoplifting,Under investigation,
9511528d20443b3ef56b9646bd56e7f7a4ddb00e5904afef44d4c8d1d9e5c77b,2026-04,City of London Police,City of London Police,-0.097291,51.514626,On or near Supermarket,E01032739,City of London 001F,Shoplifting,Under investigation,
ed8bc23a99777aebdf77e6c5bdbb5e4093bf5d77e4a0d179fd84a921784504cb,2026-04,City of London Police,City of London Police,-0.096501,51.513874,On or near New Change,E01032739,City of London 001F,Shoplifting,Under investigation,
acda8d9a498c4bcca6dc250ccf5b832f2372d1d0559c19ec9a93f8e7d3004355,2026-04,City of London Police,City of London Police,-0.084836,51.511939,On or near Shopping Area,E01032739,City of London 001F,Shoplifting,Under investigation,
139844f6068e158a39f16a53da84794c891a4d4f4ac4478e6b5bfbd7029b5c3e,2026-04,City of London Police,City of London Police,-0.097291,51.514626,On or near Supermarket,E01032739,City of London 001F,Shoplifting,Under investigation,
8ce7f4431621a2643f30c4440da0e48eb65604c0082d20e4f0a208b905201bdb,2026-04,City of London Police,City of London Police,-0.095224,51.513736,On or near Shopping Area,E01032739,City of London 001F,Shoplifting,Under investigation,
1475fe0c2f58f4f36bdef7b07940b311259cdd245837b64f3774741516ca42f5,2026-04,City of London Police,City of London Police,-0.091540,51.511896,On or near Cannon Street,E01032739,City of London 001F,Shoplifting,Under investigation,
ba7ae881ec6e212411cf09c9568969a15562160ba3515887577555da7643ba91,2026-04,City of London Police,City of London Police,-0.079521,51.511196,On or near New London Street,E01032739,City of London 001F,Shoplifting,Under investigation,
9543ab5386e5b4ac944f03a11b4d0cdd8b4116582302fd160b9933c164f532b0,2026-04,City of London Police,City of London Police,-0.079521,51.511196,On or near New London Street,E01032739,City of London 001F,Shoplifting,Under investigation,
2fd1003424cde007b954c61138f597b2fcd2c524ac768f74ce21804d5c2f6f14,2026-04,City of London Police,City of London Police,-0.079883,51.517326,On or near New Street,E01032739,City of London 001F,Shoplifting,Under investigation,
5491b6f7a72c0eab36058ef08e60db8ed830226bfda7d898996e6dd801f0a45e,2026-04,City of London Police,City of London Police,-0.094070,51.513079,On or near Watling Street,E01032739,City of London 001F,Shoplifting,Under investigation,
dabe25f11452ff5b8bb1523aa18da4ede83e85d5eadfec916b3fe0be76548e20,2026-04,City of London Police,City of London Police,-0.079521,51.511196,On or near New London Street,E01032739,City of London 001F,Shoplifting,Under investigation,
f0006a1332963cc85f8805bbf42fc1a350ed46b5426ee848901d2c459f2d93a6,2026-04,City of London Police,City of London Police,-0.079138,51.508312,On or near Lower Thames Street,E01032739,City of London 001F,Shoplifting,Under investigation,
b35e591e7e67b448ff65854219bc7faf8e932ad28b7036929a37699cddc1f731,2026-04,City of London Police,City of London Police,-0.084836,51.511939,On or near Shopping Area,E01032739,City of London 001F,Shoplifting,Under investigation,
6d02b23e551b2744474aef82afd41caaef9f4651e660c14fd85da227f8ef730b,2026-04,City of London Police,City of London Police,-0.095924,51.513882,On or near Shopping Area,E01032739,City of London 001F,Shoplifting,Unable to prosecute suspect,
04b59e1d67a8ae2f2709db6ec779b5cffd496b38a5f7d2c89cccc6a4c7f2020b,2026-04,City of London Police,City of London Police,-0.079883,51.517326,On or near New Street,E01032739,City of London 001F,Shoplifting,Under investigation,
8c5dc739d83d1301e39b02d06a52b014623234d84a7b650b67234ee684c744b9,2026-04,City of London Police,City of London Police,-0.096501,51.513874,On or near New Change,E01032739,City of London 001F,Shoplifting,Under investigation,
cdeb7764d6887ca14f156afce66fbc2817207bea4ee2c3f01d91354c86f15435,2026-04,City of London Police,City of London Police,-0.088785,51.517102,On or near Moorgate,E01032739,City of London 001F,Shoplifting,Under investigation,
9c1337464515d748114b2beddd59ed5b48547672125ff8b89754a0579d50bb3f,2026-04,City of London Police,City of London Police,-0.088785,51.517102,On or near Moorgate,E01032739,City of London 001F,Shoplifting,Under investigation,
66375e08d19cfb2c6c7bd115714f9c4225b80c1ea37613d161676b762769afea,2026-04,City of London Police,City of London Police,-0.097291,51.514626,On or near Supermarket,E01032739,City of London 001F,Shoplifting,Under investigation,
3036a65538727f467d70611f38ed6e665efc803aecf06d7b55e7b6b873a54751,2026-04,City of London Police,City of London Police,-0.089822,51.516103,On or near Coleman Street,E01032739,City of London 001F,Shoplifting,Under investigation,
bf2278421116b45e33bd7eda8a4569fbbd2e210952c36280aacea0446d350cd0,2026-04,City of London Police,City of London Police,-0.087157,51.512624,On or near Lombard Street,E01032739,City of London 001F,Shoplifting,Under investigation,
a39abe8bce798a4c2400c7d3d9072492e97d2292fada9cbd031bb2cc4010d367,2026-04,City of London Police,City of London Police,-0.097291,51.514626,On or near Supermarket,E01032739,City of London 001F,Shoplifting,Under investigation,
addc40d82367deee9f1d83d197f65f924b8de6a37cbd602ac6d238448d318237,2026-04,City of London Police,City of London Police,-0.081902,51.517296,On or near Liverpool Street,E01032739,City of London 001F,Shoplifting,Under investigation,
c47ba55150d7661732c658a6dc36c67a236d751377e3872ab30bf6c19827d6bd,2026-04,City of London Police,City of London Police,-0.079138,51.508312,On or near Lower Thames Street,E01032739,City of London 001F,Shoplifting,Under investigation,
a749e59a955c20b7d2f1e6073271d1f7f319e75ad9d7c1e73db4ebf7908da930,2026-04,City of London Police,City of London Police,-0.096501,51.513874,On or near New Change,E01032739,City of London 001F,Shoplifting,Under investigation,
35086e37bd56811552c91095da93b2119b37346095c0d1aee5269b792a0ea554,2026-04,City of London Police,City of London Police,-0.079521,51.511196,On or near New London Street,E01032739,City of London 001F,Shoplifting,Investigation complete; no suspect identified,
837cab2cfa01a91abc9d3f5789191f9590051d8311c9f96c6def050760a1a2ca,2026-04,City of London Police,City of London Police,-0.096501,51.513874,On or near New Change,E01032739,City of London 001F,Shoplifting,Investigation complete; no suspect identified,
c7344976c5923a963429cc34aabd9ab5ae6e78c8c78b1625eb24340d5be15519,2026-04,City of London Police,City of London Police,-0.084844,51.510725,On or near Eastcheap,E01032739,City of London 001F,Shoplifting,Local resolution,
581e5ab6d67c21b6e5cd7aca79f428dd8ce9ae7471327daf7b8e625f680db909,2026-04,City of London Police,City of London Police,-0.091947,51.513188,On or near Pancras Lane,E01032739,City of London 001F,Shoplifting,Awaiting court outcome,
0555a791a7957c6fe129b38ff1953cdc6c11149a2ef16285da0df29d185fa28f,2026-04,City of London Police,City of London Police,-0.097291,51.514626,On or near Supermarket,E01032739,City of London 001F,Shoplifting,Investigation complete; no suspect identified,
7a1f6e2ced2b256ddb82874091164076f156558bc6b5d738e3c25003c529c3ae,2026-04,City of London Police,City of London Police,-0.079883,51.517326,On or near New Street,E01032739,City of London 001F,Shoplifting,Awaiting court outcome,
2a3ecb818647a5bcd69ee5b45e8ce83fd298001c483f1f59c9eef9dde6b9d3eb,2026-04,City of London Police,City of London Police,-0.078278,51.513666,On or near Mitre Street,E01032739,City of London 001F,Shoplifting,Unable to prosecute suspect,
7f33380974e5f1efa1ebcc8a1733189c94b58d958a4df8789518e71a6e802648,2026-04,City of London Police,City of London Police,-0.097291,51.514626,On or near Supermarket,E01032739,City of London 001F,Shoplifting,Investigation complete; no suspect identified,
9dd3590345224f10d381313424db512ad32b449ebd178ca1ff1caf763f0dbe3a,2026-04,City of London Police,City of London Police,-0.094070,51.513079,On or near Watling Street,E01032739,City of London 001F,Shoplifting,Investigation complete; no suspect identified,
f3b3d9f30a82c473d8be42658617a822f887139a8d47efa1e63cecad7f7fe7f2,2026-04,City of London Police,City of London Police,-0.086815,51.517007,On or near Circus Place,E01032739,City of London 001F,Shoplifting,Investigation complete; no suspect identified,
20d32923948aa0ad11f9bef9ed89775fb55db3a5f9eea4426b390152d09343d2,2026-04,City of London Police,City of London Police,-0.079138,51.508312,On or near Lower Thames Street,E01032739,City of London 001F,Shoplifting,Investigation complete; no suspect identified,
8fd2db9aa8fd0e69905d431022ea4b14a78d2ec0d8cd63e76c61f9774a133c9e,2026-04,City of London Police,City of London Police,-0.091540,51.511896,On or near Cannon Street,E01032739,City of London 001F,Shoplifting,Investigation complete; no suspect identified,
1bdbc6c05d4b0b66adab363cd4a8c4a621a4bcfaee9643ae1ec2a41d8ef8e6ac,2026-04,City of London Police,City of London Police,-0.084844,51.510725,On or near Eastcheap,E01032739,City of London 001F,Shoplifting,Unable to prosecute suspect,
05a3bd2fbc11e9c6d18d537fcf89ce63c62d28b3264c8069e690f7932ee00235,2026-04,City of London Police,City of London Police,-0.079883,51.517326,On or near New Street,E01032739,City of London 001F,Shoplifting,Unable to prosecute suspect,
9987213e14c0851a797a9098ca88f5360719ffcd3b6ee6ca6d04199fb12c54a5,2026-04,City of London Police,City of London Police,-0.079907,51.517785,On or near Victoria Avenue,E01032739,City of London 001F,Shoplifting,Local resolution,
550602711a7f85830fec502b27c9f90f04e7f5335f7f1dceedcaad4db46f9184,2026-04,City of London Police,City of London Police,-0.095224,51.513736,On or near Shopping Area,E01032739,City of London 001F,Shoplifting,Unable to prosecute suspect,
1269d7c9ae475a6987269f26b4a430d251894961a180ca55cb07be59aa7c1f44,2026-04,City of London Police,City of London Police,-0.079521,51.511196,On or near New London Street,E01032739,City of London 001F,Shoplifting,Investigation complete; no suspect identified,
2aea4205c2ec6389c0d1794c7e0d33f5efbae1c46303b1c29e47212e3d4524af,2026-04,City of London Police,City of London Police,-0.079883,51.517326,On or near New Street,E01032739,City of London 001F,Shoplifting,Unable to prosecute suspect,
d1dac3809229b0cc2b90f9366b9f03856bfa562f004734931e7f2f52797ee9fc,2026-04,City of London Police,City of London Police,-0.095924,51.513882,On or near Shopping Area,E01032739,City of London 001F,Shoplifting,Unable to prosecute suspect,
83ade53b17bf2522bb5be0fdb6b31b1d2d85d32686b538b9024b0efe697ac444,2026-04,City of London Police,City of London Police,-0.079907,51.517785,On or near Victoria Avenue,E01032739,City of London 001F,Shoplifting,Investigation complete; no suspect identified,
32488f346df30cb51f3a64b6d547642d6775ed09e321fb8a725f47a38909b45e,2026-04,City of London Police,City of London Police,-0.094460,51.512024,On or near Great Trinity Lane,E01032739,City of London 001F,Shoplifting,Awaiting court outcome,
632eb11cd7a2a1f22579db5dea1c3c97a3d1e645c5c4b3ad6013aee8eecc6338,2026-04,City of London Police,City of London Police,-0.096501,51.513874,On or near New Change,E01032739,City of London 001F,Shoplifting,Awaiting court outcome,
b35bfbab2c44d1375d8566f8dfd595b74f7f55b777a4c51d4fa5687663ffa377,2026-04,City of London Police,City of London Police,-0.079907,51.517785,On or near Victoria Avenue,E01032739,City of London 001F,Shoplifting,Investigation complete; no suspect identified,
856ec61727504ede7ff11f4396191451c1caf0574e00a3ce8ec837d60554767b,2026-04,City of London Police,City of London Police,-0.094070,51.513079,On or near Watling Street,E01032739,City of London 001F,Shoplifting,Investigation complete; no suspect identified,
9d8406d392f56ee33c0224d790b8dc33599e0af311309b97eb3545506ca546c7,2026-04,City of London Police,City of London Police,-0.091823,51.514427,On or near Ironmonger Lane,E01032739,City of London 001F,Shoplifting,Investigation complete; no suspect identified,
b71d173f81c1e96ae6f82b9b6d0d4414cf38de4c4cfd004fba72cf4f21949b27,2026-04,City of London Police,City of London Police,-0.095924,51.513882,On or near Shopping Area,E01032739,City of London 001F,Shoplifting,Investigation complete; no suspect identified,
051c57245a1d3aa273d4aa6891f8cbc5661abbb7d342fcc27dc0071cfce2db33,2026-04,City of London Police,City of London Police,-0.086815,51.517007,On or near Circus Place,E01032739,City of London 001F,Shoplifting,Unable to prosecute suspect,
658d2930879019695caa6bbcd397b37f09893b4cd6f5da628893dc40eb6cc4d7,2026-04,City of London Police,City of London Police,-0.079883,51.517326,On or near New Street,E01032739,City of London 001F,Shoplifting,Unable to prosecute suspect,
85862b7a945de4984fbb84de742099d1a059f5cd90d7cb481b1a601c7764a708,2026-04,City of London Police,City of London Police,-0.082993,51.516360,On or near Wormwood Street,E01032739,City of London 001F,Shoplifting,Investigation complete; no suspect identified,
194b734fce3998b0d659be02fe1da547c974dc443566ebb78032ad2d7fcd0814,2026-04,City of London Police,City of London Police,-0.085089,51.512105,On or near Gracechurch Street,E01032739,City of London 001F,Shoplifting,Awaiting court outcome,
b97e01f9cec741018ed79ff6002f996e5dc6756069ef10fed5064bead26d01a5,2026-04,City of London Police,City of London Police,-0.089808,51.517461,On or near London Wall,E01032739,City of London 001F,Shoplifting,Investigation complete; no suspect identified,
0ad48a78e2841c3c4e6999521692ea3f2bd5e5892e1248766876295be28be839,2026-04,City of London Police,City of London Police,-0.079883,51.517326,On or near New Street,E01032739,City of London 001F,Shoplifting,Unable to prosecute suspect,
66a0227ab11485594227173235fb220734902cf16da3d916c5cb217757391e15,2026-04,City of London Police,City of London Police,-0.101963,51.510761,On or near Ferry Terminal,E01032739,City of London 001F,Theft from the person,Investigation complete; no suspect identified,
7066d219ffaf33909580677bfb9f7a1947f5fd3c1711271726eccfa7574ea44d,2026-04,City of London Police,City of London Police,-0.083977,51.510441,On or near Lovat Lane,E01032739,City of London 001F,Theft from the person,Investigation complete; no suspect identified,
e80b5a0f60e68858dee1bbcb84208b99b476eb63712565b30f354e207cafbb31,2026-04,City of London Police,City of London Police,-0.084844,51.509700,On or near Monument Street,E01032739,City of London 001F,Theft from the person,Investigation complete; no suspect identified,
9a2007c520e78a12650c2d3f677fe5b10e57fbfc8dc557e68c41239c0fd4539b,2026-04,City of London Police,City of London Police,-0.091540,51.511896,On or near Cannon Street,E01032739,City of London 001F,Theft from the person,Under investigation,
51019102f0a730eb70502cf69fbba02e2dbfaa2f5dc88a97818985d7c7c1040c,2026-04,City of London Police,City of London Police,-0.077372,51.512590,On or near Carlisle Avenue,E01032739,City of London 001F,Theft from the person,Investigation complete; no suspect identified,
51f0bea940a0f1946a69979f2fd5be939ce649858a519735b9812b8432b766c5,2026-04,City of London Police,City of London Police,-0.091947,51.513188,On or near Pancras Lane,E01032739,City of London 001F,Theft from the person,Investigation complete; no suspect identified,
6c31faad93dac747df636d7e5bfee523572565da4445ed7978fc7dd4700b83f7,2026-04,City of London Police,City of London Police,-0.087157,51.512624,On or near Lombard Street,E01032739,City of London 001F,Theft from the person,Under investigation,
ee1b2e75b8e8f09336040c55e7f7e27451ab955daf81a4d085a30db1ba03f163,2026-04,City of London Police,City of London Police,-0.104276,51.513712,On or near A201,E01032739,City of London 001F,Theft from the person,Investigation complete; no suspect identified,
17a46e5a61817ca288d9970d4742e3c1fcdbafcd746233e38513177c64c99a96,2026-04,City of London Police,City of London Police,-0.091947,51.513188,On or near Pancras Lane,E01032739,City of London 001F,Theft from the person,Under investigation,
8bb94621dc6191e7944169f829fffeac96d712dff89b4df54ed30c2ac87e63c0,2026-04,City of London Police,City of London Police,-0.078755,51.518440,On or near Artillery Lane,E01032739,City of London 001F,Theft from the person,Investigation complete; no suspect identified,
4007ff8927ce4ad552e7d144871ae28a23c6ec57e23ac6205b0439e991f2ee6f,2026-04,City of London Police,City of London Police,-0.092633,51.509872,On or near Bell Wharf Lane,E01032739,City of London 001F,Theft from the person,Investigation complete; no suspect identified,
2d7411cf3408cfb2d3f0cde37479375e9e819e9755130fe923ddee7761b975d6,2026-04,City of London Police,City of London Police,-0.080448,51.520689,On or near Primrose Street,E01032739,City of London 001F,Theft from the person,Investigation complete; no suspect identified,
7074e8f949d2ef4c94a5b1cc4a3243b78575ecc2cb17f9492d603936748fe210,2026-04,City of London Police,City of London Police,-0.089208,51.509744,On or near Angel Lane,E01032739,City of London 001F,Theft from the person,Investigation complete; no suspect identified,
87d19e1728c0b65bee74bed2b669c9da3d5dfa9ac9639ecd42ba4bcc5ac48a6f,2026-04,City of London Police,City of London Police,-0.091947,51.513188,On or near Pancras Lane,E01032739,City of London 001F,Theft from the person,Under investigation,
c0aa46b689c9d88fed66c17379da9b91435f14219d21aac3d4088d981c5b1aca,2026-04,City of London Police,City of London Police,-0.101906,51.511794,On or near Theatre/Concert Hall,E01032739,City of London 001F,Theft from the person,Investigation complete; no suspect identified,
60c6504bcf06031dc1ea3b4dcb9e5ee2b5487faa04083b3ba4bcc7e9ebe4368f,2026-04,City of London Police,City of London Police,-0.089208,51.509744,On or near Angel Lane,E01032739,City of London 001F,Theft from the person,Investigation complete; no suspect identified,
3ff44d3d2d5408fada0831db8bda6d79cc684eb8d4e0ce32c548ebcc360116dd,2026-04,City of London Police,City of London Police,-0.084754,51.512882,On or near Corbet Court,E01032739,City of London 001F,Theft from the person,Awaiting court outcome,
32f97c1259bf65778de1e61c558d65dd9da0ba94c0be0b07b20d9a1738d3f9fd,2026-04,City of London Police,City of London Police,-0.089208,51.509744,On or near Angel Lane,E01032739,City of London 001F,Theft from the person,Investigation complete; no suspect identified,
a9e67a254a71f70b72f3468c14d42959ab8669cdbb43b4c97bed466819be7659,2026-04,City of London Police,City of London Police,-0.091947,51.513188,On or near Pancras Lane,E01032739,City of London 001F,Theft from the person,Under investigation,
1721c4f112112e2901d384957e14976d1924e12f7f3e50245c71a4e35eba0c8f,2026-04,City of London Police,City of London Police,-0.081113,51.516869,On or near Bishopsgate,E01032739,City of London 001F,Theft from the person,Investigation complete; no suspect identified,
84faa5ab078fc647c02019e9cc37289abffffaf9fa191a5c9aab428c270f3525,2026-04,City of London Police,City of London Police,-0.087157,51.512624,On or near Lombard Street,E01032739,City of London 001F,Theft from the person,Under investigation,
e2ffe450fbf3d2fb571f0be4ad5aca9d3888c4082afd1a7d540c3ebe3617e2e3,2026-04,City of London Police,City of London Police,-0.081512,51.518692,On or near London Liverpool Street,E01032739,City of London 001F,Theft from the person,Investigation complete; no suspect identified,
7a87d7ff6db26d1256c56b21c90096cfd4ad2fb44af9cf1c3d2a868781e82858,2026-04,City of London Police,City of London Police,-0.089208,51.509744,On or near Angel Lane,E01032739,City of London 001F,Theft from the person,Investigation complete; no suspect identified,
a6cbc18f7c2397741adc6fd06a0990a730613ed7dbfb84650b735f7c6886eb62,2026-04,City of London Police,City of London Police,-0.084844,51.510725,On or near Eastcheap,E01032739,City of London 001F,Theft from the person,Investigation complete; no suspect identified,
4900d851bb80b3a8ec562b653d2ac53e1564ad1d475f4130dec5bfedb1c1ba18,2026-04,City of London Police,City of London Police,-0.089208,51.509744,On or near Angel Lane,E01032739,City of London 001F,Theft from the person,Investigation complete; no suspect identified,
bba703d4144d7aa1a96f970a91bad6ba4cb1f699072996ca0d8774c1ee0825dc,2026-04,City of London Police,City of London Police,-0.104276,51.513712,On or near A201,E01032739,City of London 001F,Theft from the person,Investigation complete; no suspect identified,
71d082432bb67da361140c81d258aa5e2c1b877ab573efb39693ff0004d6233c,2026-04,City of London Police,City of London Police,-0.081113,51.516869,On or near Bishopsgate,E01032739,City of London 001F,Theft from the person,Investigation complete; no suspect identified,
50ab64acc8e213052309d7bb0ad8e9e211624e2a2b2e97e4201605ee0f673f52,2026-04,City of London Police,City of London Police,-0.084844,51.509700,On or near Monument Street,E01032739,City of London 001F,Theft from the person,Investigation complete; no suspect identified,
f8403606429e174f5f078f992fbde9678b44ace6aff2ac9880fb77f23dadb715,2026-04,City of London Police,City of London Police,-0.104276,51.513712,On or near A201,E01032739,City of London 001F,Theft from the person,Investigation complete; no suspect identified,
06a132cbdd0e83883c6dd9fda757b8725ba3a8bf04da254be505078d4370a6d9,2026-04,City of London Police,City of London Police,-0.091947,51.513188,On or near Pancras Lane,E01032739,City of London 001F,Theft from the person,Investigation complete; no suspect identified,
1f83ece6867f81e5097ff93d0ed5baadd5227a94befee1cf2360d2457f0161ff,2026-04,City of London Police,City of London Police,-0.096501,51.513874,On or near New Change,E01032739,City of London 001F,Theft from the person,Investigation complete; no suspect identified,
a012e25ac5ee8733886853218b6da94938eb3f521081cb5418d0c19cc6d81270,2026-04,City of London Police,City of London Police,-0.091947,51.513188,On or near Pancras Lane,E01032739,City of London 001F,Theft from the person,Investigation complete; no suspect identified,
64ea6e0cb463dec030cdf56955bebc540bfcb50d35c3bbedc31f27b8fe3e4255,2026-04,City of London Police,City of London Police,-0.081643,51.510070,On or near Great Tower Street,E01032739,City of London 001F,Theft from the person,Investigation complete; no suspect identified,
8358bb1cf789a5a988435c8199cf5bd828b9ca873f44e8e7d718f853012d7a38,2026-04,City of London Police,City of London Police,-0.101906,51.511794,On or near Theatre/Concert Hall,E01032739,City of London 001F,Theft from the person,Investigation complete; no suspect identified,
b958d93d3f5d60c169112d96298ec0a883ec6d3faf04254174f4c00b2bf02d82,2026-04,City of London Police,City of London Police,-0.082993,51.516360,On or near Wormwood Street,E01032739,City of London 001F,Theft from the person,Awaiting court outcome,
14eb62e670575d415285df55d8a63a9b62ff69044b0852fb5c8ce4c000778def,2026-04,City of London Police,City of London Police,-0.089479,51.510864,On or near Gophir Lane,E01032739,City of London 001F,Theft from the person,Under investigation,
d265a69c6e81710294e0f7390692c26ae3d92ca1859d98a4c6f43215ea1863fd,2026-04,City of London Police,City of London Police,-0.092531,51.512658,On or near Queen Street,E01032739,City of London 001F,Theft from the person,Under investigation,
078dbd5f8b87d0bc9c8fc426b999a942dd719c2c04c58aaf2a765eb71b8ec837,2026-04,City of London Police,City of London Police,-0.094900,51.513209,On or near Bread Street,E01032739,City of London 001F,Theft from the person,Investigation complete; no suspect identified,
1fc978e86c30f22084c5e3945fbf89bb6ce269eede45c89c4a539cdd002e96d9,2026-04,City of London Police,City of London Police,-0.100888,51.514448,On or near Amen Corner,E01032739,City of London 001F,Theft from the person,Investigation complete; no suspect identified,
9b55301384c449cd88b5c430844c92e851a4dbe4152d9caae18589811a7b5506,2026-04,City of London Police,City of London Police,-0.104276,51.513712,On or near A201,E01032739,City of London 001F,Theft from the person,Unable to prosecute suspect,
df0275e67ea6eec8572a855213ff708d275fa4be8fbf7475c7dc9926ff507558,2026-04,City of London Police,City of London Police,-0.079521,51.511196,On or near New London Street,E01032739,City of London 001F,Theft from the person,Investigation complete; no suspect identified,
891d8427b5706f1f094c46585bcda3f3ab34cedb653c7ef1e27338279c634e72,2026-04,City of London Police,City of London Police,-0.082993,51.516360,On or near Wormwood Street,E01032739,City of London 001F,Theft from the person,Investigation complete; no suspect identified,
9245944b88acfac4770e94187c7cd0f5e31871069c73c8cbfeddbb9a6282af89,2026-04,City of London Police,City of London Police,-0.081902,51.517296,On or near Liverpool Street,E01032739,City of London 001F,Theft from the person,Under investigation,
5e7c9e86a86bc22eae6ec3ac69ef0b61d819b0547bcbb287fb2f6af1dc79556f,2026-04,City of London Police,City of London Police,-0.078278,51.513666,On or near Mitre Street,E01032739,City of London 001F,Theft from the person,Under investigation,
ffd7ad7827c80a57a07e088c6a9350803fe5cb5498ee9084f363b6617554cba5,2026-04,City of London Police,City of London Police,-0.091947,51.513188,On or near Pancras Lane,E01032739,City of London 001F,Theft from the person,Investigation complete; no suspect identified,
cba6cc93ed8017b00ec636d9f88dc6e3e73f2bcc4a61888303d1a258f578e4d2,2026-04,City of London Police,City of London Police,-0.087772,51.510665,On or near Martin Lane,E01032739,City of London 001F,Theft from the person,Investigation complete; no suspect identified,
e87d74c01e95d685ccf1ab4bb4a3d8d35cea223369215456ef7862766cd755f6,2026-04,City of London Police,City of London Police,-0.101393,51.512685,On or near St Andrew'S Hill,E01032739,City of London 001F,Theft from the person,Investigation complete; no suspect identified,
3763a4667e3c7369e19a112fdab8b0d0bf7dbcb751fc9b7bda5c11f4df430c1a,2026-04,City of London Police,City of London Police,-0.081113,51.516869,On or near Bishopsgate,E01032739,City of London 001F,Theft from the person,Under investigation,
d5ee98e24fc56c9b8617f344a4a5f2757da5c616dce2e2b09d0485216bedbcad,2026-04,City of London Police,City of London Police,-0.081113,51.516869,On or near Bishopsgate,E01032739,City of London 001F,Theft from the person,Under investigation,
9c1e7be5229eaa929357b0daa80e90d892dcfaca2cc66108b25bd3d4515c29b6,2026-04,City of London Police,City of London Police,-0.100888,51.514448,On or near Amen Corner,E01032739,City of London 001F,Theft from the person,Investigation complete; no suspect identified,
ff3b3cbfeb5c2215854f6ad333ff0737f35c5e062b1cae831ecbf4548100a16b,2026-04,City of London Police,City of London Police,-0.100201,51.513286,On or near Dean'S Court,E01032739,City of London 001F,Theft from the person,Under investigation,
bf87ebe91e9d39f98cc7eb9d383e1abc4be05d97c662355a268a5f5540fc96c1,2026-04,City of London Police,City of London Police,-0.101906,51.511794,On or near Theatre/Concert Hall,E01032739,City of London 001F,Theft from the person,Under investigation,
8b3882b4482f538f49c9fe6c2614183b10a919b3761ada776d6bfdc6ddfe0959,2026-04,City of London Police,City of London Police,-0.079138,51.508312,On or near Lower Thames Street,E01032739,City of London 001F,Theft from the person,Under investigation,
13a4471f04e39f01d5411134c96ebe20bc002714834676bd00736bc645431224,2026-04,City of London Police,City of London Police,-0.092633,51.509872,On or near Bell Wharf Lane,E01032739,City of London 001F,Vehicle crime,Under investigation,
d9f50311a965fc735febea3e72f6b47e11d43ff6999c13680adf557d9629feef,2026-04,City of London Police,City of London Police,-0.092633,51.509872,On or near Bell Wharf Lane,E01032739,City of London 001F,Vehicle crime,Investigation complete; no suspect identified,
dee3ba96e4cd83e8623be91d54a8ee422ac82d6cfc05691b25e643a0523ddfdb,2026-04,City of London Police,City of London Police,-0.092633,51.509872,On or near Bell Wharf Lane,E01032739,City of London 001F,Vehicle crime,Under investigation,
fc5dcd5be18625ca3a973f6b47100c0db3752b678c7c5a5c1af1e07f219f3a06,2026-04,City of London Police,City of London Police,-0.092633,51.509872,On or near Bell Wharf Lane,E01032739,City of London 001F,Vehicle crime,Investigation complete; no suspect identified,
0859a4f05d5413cf867c9f813e415823aedd9774f7bda7a61617c1f823b2848d,2026-04,City of London Police,City of London Police,-0.092633,51.509872,On or near Bell Wharf Lane,E01032739,City of London 001F,Vehicle crime,Under investigation,
e594d3804aabc85939c027e5111059b5961bf545a0abb3b07d5bc194b208df85,2026-04,City of London Police,City of London Police,-0.092633,51.509872,On or near Bell Wharf Lane,E01032739,City of London 001F,Vehicle crime,Under investigation,
09b09c8483b097ac3b9e853561b97d53a22ce5e02269ca5af1cbc4e3254e74a5,2026-04,City of London Police,City of London Police,-0.078937,51.514109,On or near Heneage Place,E01032739,City of London 001F,Vehicle crime,Under investigation,
5eb2e7b784d8f7befa62be6fadbc3472c4c821816544e9b9961feee8f6d5e5e8,2026-04,City of London Police,City of London Police,-0.092633,51.509872,On or near Bell Wharf Lane,E01032739,City of London 001F,Vehicle crime,Investigation complete; no suspect identified,
4f60bac94b9cf1db1e536213fbd4250c9034dec9b741062a105ca57c2469ca0e,2026-04,City of London Police,City of London Police,-0.086815,51.517007,On or near Circus Place,E01032739,City of London 001F,Vehicle crime,Investigation complete; no suspect identified,
a1173b9555485026ccd9cd4ca1f6aa35b0557a71281ec4336303895a41e18740,2026-04,City of London Police,City of London Police,-0.092633,51.509872,On or near Bell Wharf Lane,E01032739,City of London 001F,Vehicle crime,Under investigation,
568a37e2f12aec3a8fa6d65f81c3a314ec3436f9aee87a9bc7e76da1bf6cff3d,2026-04,City of London Police,City of London Police,-0.095054,51.510559,On or near Queenhithe,E01032739,City of London 001F,Violence and sexual offences,Under investigation,
191f3827a43108e0a08ef7d0857926e80c9d86c780a48a2d3c1ce8d1916bcf26,2026-04,City of London Police,City of London Police,-0.081512,51.518692,On or near London Liverpool Street,E01032739,City of London 001F,Violence and sexual offences,Under investigation,
4d839e3c50514a1a601e686877a46cec00cc81b5286b8902bd6b63e6536b2cad,2026-04,City of London Police,City of London Police,-0.100201,51.513286,On or near Dean'S Court,E01032739,City of London 001F,Violence and sexual offences,Under investigation,
3473926fcb49d8a1b0705a306c390a2b4e193905793ce57c078aa8a42ea582d3,2026-04,City of London Police,City of London Police,-0.078755,51.518440,On or near Artillery Lane,E01032739,City of London 001F,Violence and sexual offences,Investigation complete; no suspect identified,
84feedca09a0aa9be60c733860a579ca54489a8d9300bc9cb21d702d1723b5ab,2026-04,City of London Police,City of London Police,-0.085228,51.511190,On or near Talbot Court,E01032739,City of London 001F,Violence and sexual offences,Unable to prosecute suspect,
fcfe9c6adec501378aafccd312e19d2b259d4f7ed545d259a5128f3bc0c785d5,2026-04,City of London Police,City of London Police,-0.100201,51.513286,On or near Dean'S Court,E01032739,City of London 001F,Violence and sexual offences,Under investigation,
f6360b70246707de33d266d6474b011f80129da5da8dff1bc2aec76d6ea295b3,2026-04,City of London Police,City of London Police,-0.082993,51.516360,On or near Wormwood Street,E01032739,City of London 001F,Violence and sexual offences,Unable to prosecute suspect,
d62f74c487b99ba1d4364359f959f50defa434166d9c2f2ad79bf87da27035d5,2026-04,City of London Police,City of London Police,-0.083977,51.510441,On or near Lovat Lane,E01032739,City of London 001F,Violence and sexual offences,Under investigation,
53f071a3a8e3292f2d0d322dc6f69ebb642dd3f1b22a191c0e07d98ee5982e0e,2026-04,City of London Police,City of London Police,-0.083977,51.510441,On or near Lovat Lane,E01032739,City of London 001F,Violence and sexual offences,Unable to prosecute suspect,
6391b5c9811bd66ac50c3e5d66f59144548af5bb2433a5a2b73c8dbc6d47afeb,2026-04,City of London Police,City of London Police,-0.085228,51.511190,On or near Talbot Court,E01032739,City of London 001F,Violence and sexual offences,Under investigation,
a9018175767256ea883ff445c48702c7649cece8bd880d8d5d9dfbbfba8d2299,2026-04,City of London Police,City of London Police,-0.083977,51.510441,On or near Lovat Lane,E01032739,City of London 001F,Violence and sexual offences,Unable to prosecute suspect,
ae0de6db7f41947e1673f6455ce3968f85f669d3f44bf8e7d92704401502e046,2026-04,City of London Police,City of London Police,-0.081113,51.516869,On or near Bishopsgate,E01032739,City of London 001F,Violence and sexual offences,Under investigation,
7f581cdfa4b63437b87b041aa7e4f2c357cadaeefd2342477f116376ca22daa1,2026-04,City of London Police,City of London Police,-0.088785,51.517102,On or near Moorgate,E01032739,City of London 001F,Violence and sexual offences,Under investigation,
12e5bfe049527953f1ff3a8c607e123f5f7909e9bfd15c17011fa8c0c7d3cb7a,2026-04,City of London Police,City of London Police,-0.087772,51.510665,On or near Martin Lane,E01032739,City of London 001F,Violence and sexual offences,Unable to prosecute suspect,
d276d9110ebb9f318d5c93c47f73ffad34bc70ec6b8ba4bb0a29e3859f6975c0,2026-04,City of London Police,City of London Police,-0.081113,51.516869,On or near Bishopsgate,E01032739,City of London 001F,Violence and sexual offences,Under investigation,
efcf9724055cffb8e9ec4d2905156d40be9210fc65bd25c05e474061ac37388b,2026-04,City of London Police,City of London Police,-0.087157,51.512624,On or near Lombard Street,E01032739,City of London 001F,Violence and sexual offences,Unable to prosecute suspect,
5a6330fd34925458bca86d81965d28e54dcf22add40f070f2644903b0905eb43,2026-04,City of London Police,City of London Police,-0.078424,51.518093,On or near Widegate Street,E01032739,City of London 001F,Violence and sexual offences,Under investigation,
345287bb923d9d2071277fae2e80f2401c0827e313ac7d0c8fe10b9321dfa472,2026-04,City of London Police,City of London Police,-0.091947,51.513188,On or near Pancras Lane,E01032739,City of London 001F,Violence and sexual offences,Under investigation,
2d252e0d38823d30b398bb219b3aca70ea5337eee4f3749b35340586316c1d4b,2026-04,City of London Police,City of London Police,-0.077959,51.511332,On or near Crutched Friars,E01032739,City of London 001F,Violence and sexual offences,Under investigation,
e576adbfd42bf7e85f4a3d5e65a171e1120d0ddde62fe5018adb5ce9670c2af4,2026-04,City of London Police,City of London Police,-0.079883,51.517326,On or near New Street,E01032739,City of London 001F,Violence and sexual offences,Unable to prosecute suspect,
0107804f3899e148e8ba62c2731326553631c77dbe4cf542774560ad856e5218,2026-04,City of London Police,City of London Police,-0.079907,51.517785,On or near Victoria Avenue,E01032739,City of London 001F,Violence and sexual offences,Under investigation,
45c1f2bab5965035aa4ac0373c6c840df7f4aea136d489d43b0c3495e0e3b4c3,2026-04,City of London Police,City of London Police,-0.088785,51.517102,On or near Moorgate,E01032739,City of London 001F,Violence and sexual offences,Unable to prosecute suspect,
a28e460283282637e18e344ce79a39d0ecabcb5efd2383d3bf15f3345850fd3c,2026-04,City of London Police,City of London Police,-0.079907,51.517785,On or near Victoria Avenue,E01032739,City of London 001F,Violence and sexual offences,Under investigation,
fcbf31ed1bc26c7c9ee230e0baef972699f5d3d620522907a803b618877c3b1c,2026-04,City of London Police,City of London Police,-0.086815,51.517007,On or near Circus Place,E01032739,City of London 001F,Violence and sexual offences,Under investigation,
c1dc504ae0bfb242f7d35889849015dc7deee27aab48fda7a594fd736bc6fdf3,2026-04,City of London Police,City of London Police,-0.089822,51.516103,On or near Coleman Street,E01032739,City of London 001F,Violence and sexual offences,Under investigation,
0b76690763b6300a37f7591ea0c7b38253ddae5d3207873690dde32533763919,2026-04,City of London Police,City of London Police,-0.101906,51.511794,On or near Theatre/Concert Hall,E01032739,City of London 001F,Violence and sexual offences,Investigation complete; no suspect identified,
66187d3405fae55ffba5505a5b5ec60b74fdb1c7ed088e577798bf256258c4d9,2026-04,City of London Police,City of London Police,-0.081091,51.508820,On or near Water Lane,E01032739,City of London 001F,Violence and sexual offences,Under investigation,
475dd38c66af30cd281d776d4280aaf577b0cabf908b4425ed83d9eb7eb87de1,2026-04,City of London Police,City of London Police,-0.080448,51.520689,On or near Primrose Street,E01032739,City of London 001F,Violence and sexual offences,Under investigation,
e87eae734faf7b3e10f9485574bcc89686535c3d3431162375b078cfbe1458ff,2026-04,City of London Police,City of London Police,-0.087772,51.510665,On or near Martin Lane,E01032739,City of London 001F,Violence and sexual offences,Under investigation,
b0161562e50dd369e73761f1408a05e1f3379f7e389851bd5daba5bcdb883502,2026-04,City of London Police,City of London Police,-0.078937,51.514109,On or near Heneage Place,E01032739,City of London 001F,Violence and sexual offences,Under investigation,
7eeb1ff0510d769c1f09165d670b04a6cd27a8d13d8511ce3c28e2030b6df711,2026-04,City of London Police,City of London Police,-0.080291,51.514814,On or near Bury Court,E01032739,City of London 001F,Violence and sexual offences,Unable to prosecute suspect,
7fb168463cee2ece533787eb6e1faa12fd079d5345b5ef565fe5a9f25cad537a,2026-04,City of London Police,City of London Police,-0.079907,51.517785,On or near Victoria Avenue,E01032739,City of London 001F,Violence and sexual offences,Investigation complete; no suspect identified,
4072a55ff346f266e7c9636c5f64acc7c16c7c12032b696530665ee0182b3fa2,2026-04,City of London Police,City of London Police,-0.097176,51.510836,On or near Trig Lane,E01032739,City of London 001F,Violence and sexual offences,Unable to prosecute suspect,
fb6ea285dcaccef67ffd8e99c9d727ce9873d89cb9a2ac521dc641095a735c64,2026-04,City of London Police,City of London Police,-0.081902,51.517296,On or near Liverpool Street,E01032739,City of London 001F,Violence and sexual offences,Under investigation,
50005409cb63350c3b2f1c41dc4873413556bb2bc2a9877f02ff30159816acc1,2026-04,City of London Police,City of London Police,-0.085228,51.511190,On or near Talbot Court,E01032739,City of London 001F,Violence and sexual offences,Unable to prosecute suspect,
7d15b06e739d28fef929c60e0d6059471c708acf9a6fa3103dd288b5d3252847,2026-04,City of London Police,City of London Police,-0.079907,51.517785,On or near Victoria Avenue,E01032739,City of London 001F,Violence and sexual offences,Unable to prosecute suspect,
b23353b0d2ed4e45a42d49393f7cc4c500b4cbf47e8f0cc41b7a0bfa53cff5cb,2026-04,City of London Police,City of London Police,-0.081113,51.516869,On or near Bishopsgate,E01032739,City of London 001F,Violence and sexual offences,Unable to prosecute suspect,
2dc0a09d44b71f609f07458dc481f3ecf6193d6a631053d95b8ae47f6e6ee101,2026-04,City of London Police,City of London Police,-0.082993,51.516360,On or near Wormwood Street,E01032739,City of London 001F,Violence and sexual offences,Under investigation,
cc4a1ec8cd2ba8265454452a6010ac6b329a91bb0ad68e08a02b44299ed2db29,2026-04,City of London Police,City of London Police,-0.096274,51.511037,On or near Gardners Lane,E01032739,City of London 001F,Violence and sexual offences,Under investigation,
25f751716cff778bdf5558293139d31d4c16046a0848ce906e9adafa17ef95e1,2026-04,City of London Police,City of London Police,-0.079907,51.517785,On or near Victoria Avenue,E01032739,City of London 001F,Violence and sexual offences,Investigation complete; no suspect identified,
3f3977dae72fe944e08b24c66ccb96738c1c4b3f8b4162c5dea03b921ce28afa,2026-04,City of London Police,City of London Police,-0.081902,51.517296,On or near Liverpool Street,E01032739,City of London 001F,Violence and sexual offences,Unable to prosecute suspect,
b071d976ef6e692dcd878aa3ee3597ffe7c4287d766b70d4246bc67fdc966a71,2026-04,City of London Police,City of London Police,-0.078424,51.518093,On or near Widegate Street,E01032739,City of London 001F,Violence and sexual offences,Unable to prosecute suspect,
ba64334b848033aaa8daa9aab03e4e41c0481918586fc2b50853b9372c8daae7,2026-04,City of London Police,City of London Police,-0.079907,51.517785,On or near Victoria Avenue,E01032739,City of London 001F,Violence and sexual offences,Under investigation,
c1491a13c2abc13ba2d5953206516280d6ccd9f32e222404c3cef49cca74ccef,2026-04,City of London Police,City of London Police,-0.091947,51.513188,On or near Pancras Lane,E01032739,City of London 001F,Violence and sexual offences,Unable to prosecute suspect,
c17e27be6e4b41910ad0498df2dda04e1ab56c6e0e9018a53eeaf076ec6bf498,2026-04,City of London Police,City of London Police,-0.095224,51.513736,On or near Shopping Area,E01032739,City of London 001F,Violence and sexual offences,Under investigation,
1564a457f04102f640105e8128c0dbe7423059f89f38d78673dc1bfed3db6632,2026-04,City of London Police,City of London Police,-0.086815,51.517007,On or near Circus Place,E01032739,City of London 001F,Violence and sexual offences,Under investigation,
39a4661208a04df9792153aad31f4a9637ba7d38203f90b534d6444f1ff5b477,2026-04,City of London Police,City of London Police,-0.086815,51.517007,On or near Circus Place,E01032739,City of London 001F,Violence and sexual offences,Under investigation,
06ff811ba378c70d0ccc8fdbbd797a6eb195d2a41434b46c9fa0dd284a9e456f,2026-04,City of London Police,City of London Police,-0.078278,51.513666,On or near Mitre Street,E01032739,City of London 001F,Violence and sexual offences,Under investigation,
90645fa2f194bd2e3c331d00d5a707cfda7da2d062741fd17423926f0ffa1486,2026-04,City of London Police,City of London Police,-0.086815,51.517007,On or near Circus Place,E01032739,City of London 001F,Violence and sexual offences,Under investigation,
e2ece92ca21fa0c5c6bff76f27d1f86d72faea0676fa314a663b696d4242a30b,2026-04,City of London Police,City of London Police,-0.079907,51.517785,On or near Victoria Avenue,E01032739,City of London 001F,Violence and sexual offences,Under investigation,
5facafa4a701ffebfe80edea3647956787a463b789b8a1a307b961c770215c1b,2026-04,City of London Police,City of London Police,-0.085228,51.511190,On or near Talbot Court,E01032739,City of London 001F,Violence and sexual offences,Unable to prosecute suspect,
41f5f87750db4638b3772f7e675029a2954a68b8831c8b0dd706742cb4825c96,2026-04,City of London Police,City of London Police,-0.083977,51.510441,On or near Lovat Lane,E01032739,City of London 001F,Violence and sexual offences,Investigation complete; no suspect identified,
81315bd98395db79abaf89eed219a2890ad40c2b98036008fe778e3b42e44de1,2026-04,City of London Police,City of London Police,-0.078937,51.514109,On or near Heneage Place,E01032739,City of London 001F,Violence and sexual offences,Under investigation,
9f5abd4ab69690ac5efc883cbe5a1cdf4bc2d7ef5b8b15fd7ef5c694d9d6aaf4,2026-04,City of London Police,City of London Police,-0.081902,51.517296,On or near Liverpool Street,E01032739,City of London 001F,Violence and sexual offences,Under investigation,
6b193c9a90d9c140b307f864752eb18876b84f2b5d9c969f94b6454429e350f1,2026-04,City of London Police,City of London Police,-0.101292,51.514770,On or near Amen Court,E01032739,City of London 001F,Violence and sexual offences,Under investigation,
bee15e937d3dd53d6a73be46e05cf7e9536a58b2b6948a15e8a3496005d013f3,2026-04,City of London Police,City of London Police,-0.083977,51.510441,On or near Lovat Lane,E01032739,City of London 001F,Violence and sexual offences,Under investigation,
1d363400fe9fd1961c789dcbfeaab567a54a6b599ef04ac7c89d2e8659706800,2026-04,City of London Police,City of London Police,-0.079521,51.511196,On or near New London Street,E01032739,City of London 001F,Violence and sexual offences,Unable to prosecute suspect,
59ea172509108db2babe2dc478f4df8fb0952dc52d3cf02b09ae8e5e25498841,2026-04,City of London Police,City of London Police,-0.079907,51.517785,On or near Victoria Avenue,E01032739,City of London 001F,Violence and sexual offences,Under investigation,
356f5e00665993397b392c42938ecf0001d79799ff597ab3812f238afce53f2b,2026-04,City of London Police,City of London Police,-0.085228,51.511190,On or near Talbot Court,E01032739,City of London 001F,Violence and sexual offences,Under investigation,
6a516674805845c99e8e865509c8c1f418aaa6b56362bab0cc27409a0ef981d5,2026-04,City of London Police,City of London Police,-0.086019,51.513631,On or near Finch Lane,E01032739,City of London 001F,Violence and sexual offences,Under investigation,
04d58a184ab2f8aa7c5e3cc2ac2412e47ba45b3ee2dffb0f12276ad58c3c1039,2026-04,City of London Police,City of London Police,-0.085089,51.512105,On or near Gracechurch Street,E01032739,City of London 001F,Violence and sexual offences,Under investigation,
f01abb15b92c51aae5d4da3bec299cd559923cbb7f7ba1244e749e1d889bec66,2026-04,City of London Police,City of London Police,-0.085228,51.511190,On or near Talbot Court,E01032739,City of London 001F,Violence and sexual offences,Unable to prosecute suspect,
cded39947d76e80170dce435fe1421748045b05fb8fd1c38a658e36847e93d61,2026-04,City of London Police,City of London Police,-0.094900,51.513209,On or near Bread Street,E01032739,City of London 001F,Violence and sexual offences,Under investigation,
b4a9614ee83f192af60e3d855aff08a7bf1bad3feb726bb0b85d25b6fb002353,2026-04,City of London Police,City of London Police,-0.083977,51.510441,On or near Lovat Lane,E01032739,City of London 001F,Violence and sexual offences,Under investigation,
769c0a777c8cadf76645f41b7e93f4d5cb542b11be960ba32bc5dd6ca3bb0c03,2026-04,City of London Police,City of London Police,-0.084910,51.512588,On or near Bell Inn Yard,E01032739,City of London 001F,Violence and sexual offences,Under investigation,
d2628d7ba755063a6b5ab3af4ef6ee62707e9d085792c94e8f6948f6d0255e4d,2026-04,City of London Police,City of London Police,-0.083349,51.514830,On or near Shopping Area,E01032739,City of London 001F,Violence and sexual offences,Under investigation,
f3db0dd7741cb29dc499b4b96dced62218db351b9cf12cd82aeae60d5f5e6c87,2026-04,City of London Police,City of London Police,-0.078424,51.518093,On or near Widegate Street,E01032739,City of London 001F,Violence and sexual offences,Under investigation,
067c1054d30b1e48bc4eb20709a8e75822a04e88b29256d42b3c6422e4b93616,2026-04,City of London Police,City of London Police,-0.091947,51.513188,On or near Pancras Lane,E01032739,City of London 001F,Violence and sexual offences,Under investigation,
4629131a9b3d6a38344fb4b82965c70703bb0cf3504b69440f9ca222957eb2f5,2026-04,City of London Police,City of London Police,-0.088456,51.514975,On or near Tokenhouse Yard,E01032739,City of London 001F,Other crime,Further action is not in the public interest,
89c67c25a3084bcbc203fabbd52d781b17b4c7b72db2d8b4870e9c02b4a3b7f1,2026-04,City of London Police,City of London Police,-0.081113,51.516869,On or near Bishopsgate,E01032739,City of London 001F,Other crime,Awaiting court outcome,
1b77f9e8484be95330c5b7d56fcc17edacecb9223e3a97035588c1c996ad51d7,2026-04,City of London Police,City of London Police,-0.081113,51.516869,On or near Bishopsgate,E01032739,City of London 001F,Other crime,Awaiting court outcome,
,2026-04,City of London Police,City of London Police,-0.104980,51.512033,On or near Kingscote Street,E01032740,City of London 001G,Anti-social behaviour,,
,2026-04,City of London Police,City of London Police,-0.110690,51.517916,On or near Further/Higher Educational Building,E01032740,City of London 001G,Anti-social behaviour,,
,2026-04,City of London Police,City of London Police,-0.107979,51.515480,On or near East Harding Street,E01032740,City of London 001G,Anti-social behaviour,,
36274e1a70be021ffacd9bdef9ff72fba4ccf8b52faab564759b6fc2ffa485b3,2026-04,City of London Police,City of London Police,-0.101359,51.518700,On or near Parking Area,E01032740,City of London 001G,Bicycle theft,Under investigation,
dbb26972e6753a650c999ae075592811c750a1da8e8c269045c3c08867cfdc2c,2026-04,City of London Police,City of London Police,-0.098017,51.519689,On or near Cloth Street,E01032740,City of London 001G,Bicycle theft,Under investigation,
8f2ca6fc8433c486a0a4fa2e785df2fbd20be87785a97ccc0b9d9422b86f6018,2026-04,City of London Police,City of London Police,-0.101621,51.516906,On or near Giltspur Street,E01032740,City of London 001G,Bicycle theft,Investigation complete; no suspect identified,
89eb27a39e5a3d88606907d3b44c86b689c8a227b296bc795ddb308db624f3f6,2026-04,City of London Police,City of London Police,-0.111296,51.516136,On or near Further/Higher Educational Building,E01032740,City of London 001G,Bicycle theft,Under investigation,
3054c9e0d5317044807d53450d955d55ecf557d94e3a73be26c8499ee14b7481,2026-04,City of London Police,City of London Police,-0.104980,51.512033,On or near Kingscote Street,E01032740,City of London 001G,Burglary,Investigation complete; no suspect identified,
6bf83bd88b2b22da2c68f0d1cf83c3d801ef6b8a27a3b08d9878aacae8a52b66,2026-04,City of London Police,City of London Police,-0.110746,51.516523,On or near Cursitor Street,E01032740,City of London 001G,Burglary,Investigation complete; no suspect identified,
256604b11545135e871c9349d4e87c5a8e8649a09c9eeb4521f5d773a2908bdf,2026-04,City of London Police,City of London Police,-0.099301,51.519674,On or near Hayne Street,E01032740,City of London 001G,Burglary,Under investigation,
c16b41a42f5730a1aca9fdfb1d55c0a234dbfd22571c2a71ac357593a4d3d7c6,2026-04,City of London Police,City of London Police,-0.101621,51.516906,On or near Giltspur Street,E01032740,City of London 001G,Burglary,Under investigation,
6e600e49d2a8af08aa99530c89914741a0ecf18256b1c1f4e21281851e744ea8,2026-04,City of London Police,City of London Police,-0.098204,51.517984,On or near Albion Way,E01032740,City of London 001G,Burglary,Investigation complete; no suspect identified,
29a4e808f1989b5a7fb6ff651bf47902f53d761f0b67f247e91f3389224a7668,2026-04,City of London Police,City of London Police,-0.109387,51.513839,On or near Old Mitre Court,E01032740,City of London 001G,Burglary,Under investigation,
da5fbbcd2b6ffa700d903a47f410187cef385c3497591677fad5bd21e9f3bf40,2026-04,City of London Police,City of London Police,-0.101621,51.516906,On or near Giltspur Street,E01032740,City of London 001G,Criminal damage and arson,Unable to prosecute suspect,
653c71ea43df01b690fe893b3579752a9cac90fe3233fa723ce8ad5d118f1e0c,2026-04,City of London Police,City of London Police,-0.099301,51.519674,On or near Hayne Street,E01032740,City of London 001G,Criminal damage and arson,Under investigation,
e01fb0cbe1928c67d2195f4e6952f96ded40e0f6c43933cd4e145d1c29dd7741,2026-04,City of London Police,City of London Police,-0.106076,51.517239,On or near Conference/Exhibition Centre,E01032740,City of London 001G,Criminal damage and arson,Under investigation,
4bae0865cafe4077c188b3926af6b69574509fd740ddfe93f89dd86d573c0b36,2026-04,City of London Police,City of London Police,-0.107201,51.514092,On or near Conference/Exhibition Centre,E01032740,City of London 001G,Criminal damage and arson,Under investigation,
1c50f0bd2398325709a100993a7452772e149df07dced571cc9b518929d6ad8b,2026-04,City of London Police,City of London Police,-0.102812,51.517051,On or near Police Station,E01032740,City of London 001G,Criminal damage and arson,Under investigation,
dd257f54ad887d943f873d34d27afbd89f5ae12d0f960bc49ac9ed3cdb1f9ba8,2026-04,City of London Police,City of London Police,-0.098875,51.518831,On or near Bartholomew Close,E01032740,City of London 001G,Drugs,Under investigation,
53c4a2f0812ed82ed1a10f0431a378ecbf03366efa0dfd23652af62993dd8e8e,2026-04,City of London Police,City of London Police,-0.104980,51.512033,On or near Kingscote Street,E01032740,City of London 001G,Other theft,Investigation complete; no suspect identified,
7bcf1be86f48f7b09fd19f6db298a6104ce87f591b2f5c2ab2a3d4050bf71e59,2026-04,City of London Police,City of London Police,-0.104980,51.512033,On or near Kingscote Street,E01032740,City of London 001G,Other theft,Investigation complete; no suspect identified,
7954b6e042830e730d27514bb5759b8a316ceeae15f960189b0bb6e11f72702e,2026-04,City of London Police,City of London Police,-0.104980,51.512033,On or near Kingscote Street,E01032740,City of London 001G,Other theft,Investigation complete; no suspect identified,
04a44db4fe24167e5113ccbc1be9dd20c41faf3bb7f74e3d8c4aecb3f3bd4e52,2026-04,City of London Police,City of London Police,-0.104980,51.512033,On or near Kingscote Street,E01032740,City of London 001G,Other theft,Investigation complete; no suspect identified,
c4d959df8e15c0de2e4c9957e8a52385b518c58cb9b0f7c40483107e4aa4425d,2026-04,City of London Police,City of London Police,-0.102812,51.517051,On or near Police Station,E01032740,City of London 001G,Other theft,Investigation complete; no suspect identified,
7024fe09cef549fb0f2d42cf28c6a66029926d0138856383a7841eb43491acde,2026-04,City of London Police,City of London Police,-0.102812,51.517051,On or near Police Station,E01032740,City of London 001G,Other theft,Investigation complete; no suspect identified,
28a85175530a6821d9bdba7d6760f3207b6da06ca89dfbc999d9d400d9c01a24,2026-04,City of London Police,City of London Police,-0.102812,51.517051,On or near Police Station,E01032740,City of London 001G,Other theft,Investigation complete; no suspect identified,
a98e12ee4eeaa12b5559290cd6991e8021f91ef323058bf3474fe3d36ec4e780,2026-04,City of London Police,City of London Police,-0.104980,51.512033,On or near Kingscote Street,E01032740,City of London 001G,Other theft,Under investigation,
0450c18f8d9e9e9828dbe61bb71a4708e58c0cb93e0aefea78d15250726fb59d,2026-04,City of London Police,City of London Police,-0.104980,51.512033,On or near Kingscote Street,E01032740,City of London 001G,Other theft,Investigation complete; no suspect identified,
ef93637d0c01ad6dad8c26667c1d23ce135c58e5edc9510f9f6cd4330302751c,2026-04,City of London Police,City of London Police,-0.101621,51.516906,On or near Giltspur Street,E01032740,City of London 001G,Other theft,Investigation complete; no suspect identified,
507238d6575b8669333f8119b99f72bd9179a6891bd6061860654a13f8bb5b72,2026-04,City of London Police,City of London Police,-0.108017,51.514213,On or near Fleet Street,E01032740,City of London 001G,Other theft,Under investigation,
dca14333ed9ba29eed05a8d3a0c9c4731951d704831e62f1288451de139dd28c,2026-04,City of London Police,City of London Police,-0.105131,51.513941,On or near Bride Lane,E01032740,City of London 001G,Other theft,Unable to prosecute suspect,
26c5c3ae2b7d3f960c99db87060f6aad15f14064000dbac6335c1d1d884fc22b,2026-04,City of London Police,City of London Police,-0.106076,51.517239,On or near Conference/Exhibition Centre,E01032740,City of London 001G,Other theft,Under investigation,
979e778eb12b90ab3d4a30733cd41934c39cb82e461c74e230b7227df416d02f,2026-04,City of London Police,City of London Police,-0.110690,51.517916,On or near Further/Higher Educational Building,E01032740,City of London 001G,Other theft,Under investigation,
c3cfd9c7309a376b091ae6e6f73df2e10701e369f3a458a3729a56f3a37e598a,2026-04,City of London Police,City of London Police,-0.104980,51.512033,On or near Kingscote Street,E01032740,City of London 001G,Other theft,Under investigation,
67decf788fbc7c7bddabe1a7b94c5e74c90a291b034caee8449d5b6c60010540,2026-04,City of London Police,City of London Police,-0.101621,51.516906,On or near Giltspur Street,E01032740,City of London 001G,Possession of weapons,Awaiting court outcome,
3ef0a75403fd1cadb61f53e19104c0eeea55ae40758c2d09c462e5c713e3022f,2026-04,City of London Police,City of London Police,-0.102726,51.513911,On or near Pageantmaster Court,E01032740,City of London 001G,Public order,Under investigation,
9a89c29d48ed0e086916cad4c6d088cc30d52239a37bf02ef375901393f09042,2026-04,City of London Police,City of London Police,-0.102812,51.517051,On or near Police Station,E01032740,City of London 001G,Public order,Unable to prosecute suspect,
05113d2f0bd5e57a75f2d53d2c80227af8435eb0d38cd37325452b06faa8f469,2026-04,City of London Police,City of London Police,-0.101621,51.516906,On or near Giltspur Street,E01032740,City of London 001G,Public order,Unable to prosecute suspect,
cb6af07504b2c720a85ce84c05d08ff8f9a6eb4dac7a20ea75ad2270569ec6bd,2026-04,City of London Police,City of London Police,-0.101621,51.516906,On or near Giltspur Street,E01032740,City of London 001G,Public order,Unable to prosecute suspect,
55128ad11b579852af13c87b806164428ea86a7aaf8341100480164bb8314205,2026-04,City of London Police,City of London Police,-0.112111,51.517687,On or near Parking Area,E01032740,City of London 001G,Public order,Under investigation,
dcb4249b2f85edbdde361fca43fa1c8c5c967c914dda4e04e6b5247dc3bd03e5,2026-04,City of London Police,City of London Police,-0.102812,51.517051,On or near Police Station,E01032740,City of London 001G,Public order,Under investigation,
ce9404964c4f3b9b36fb427d3202fe984ee4ee32a1f0c286890498d7aa272911,2026-04,City of London Police,City of London Police,-0.104980,51.512033,On or near Kingscote Street,E01032740,City of London 001G,Theft from the person,Investigation complete; no suspect identified,
b7fb920fe7d69fe38d16a8796a70b43e0367047fc999a1ae9773d5e703a204de,2026-04,City of London Police,City of London Police,-0.111065,51.512302,On or near Middle Temple Lane,E01032740,City of London 001G,Theft from the person,Investigation complete; no suspect identified,
5be887b710fe344801669ee3e54bd051995454365bc73ce2068600a32b9dafbb,2026-04,City of London Police,City of London Police,-0.105909,51.513262,On or near Dorset Buildings,E01032740,City of London 001G,Theft from the person,Investigation complete; no suspect identified,
18d61c6edad92eecc3ff5010d21a87f4b99b823f8d626eed55c5bb3b4525774f,2026-04,City of London Police,City of London Police,-0.108027,51.511884,On or near Temple Avenue,E01032740,City of London 001G,Theft from the person,Investigation complete; no suspect identified,
3b3d92790e2e51f1dac10540323cbe8c9525693c01c8b5b57445a359fb74488d,2026-04,City of London Police,City of London Police,-0.108017,51.514213,On or near Fleet Street,E01032740,City of London 001G,Theft from the person,Investigation complete; no suspect identified,
b406cad296b094f90a73d7621ab89e6a4ba5ede94f800e385ad743a8ed7e4b84,2026-04,City of London Police,City of London Police,-0.108027,51.511884,On or near Temple Avenue,E01032740,City of London 001G,Theft from the person,Investigation complete; no suspect identified,
5561d59b200ee2d56880c503891fa95df8f2472faa36fae81a6f43b4535109a9,2026-04,City of London Police,City of London Police,-0.102726,51.513911,On or near Pageantmaster Court,E01032740,City of London 001G,Theft from the person,Investigation complete; no suspect identified,
4e41483d018c3ddac97a04322bcefbd7313c6eb15a6d737d73472ad6f5ecdab0,2026-04,City of London Police,City of London Police,-0.101359,51.518700,On or near Parking Area,E01032740,City of London 001G,Theft from the person,Investigation complete; no suspect identified,
096a97ab4f0c9d794002d35e54aebadc91c2781fe41a66558d3e1cf08776c088,2026-04,City of London Police,City of London Police,-0.112019,51.516067,On or near Chancery Lane,E01032740,City of London 001G,Theft from the person,Investigation complete; no suspect identified,
1ad39a74af29c8e5061df9b8cbcc244c1c886bb25442bdd689f7137f983e0da6,2026-04,City of London Police,City of London Police,-0.108450,51.514202,On or near Fleet Street,E01032740,City of London 001G,Theft from the person,Under investigation,
d386055d4c4c354afe13e8a3abe240c89b7d364728aa6a258ceb28b25b3c1c1e,2026-04,City of London Police,City of London Police,-0.106076,51.517239,On or near Conference/Exhibition Centre,E01032740,City of London 001G,Theft from the person,Under investigation,
e6b30334d95ae581f523bf40cd1365556d60f8510206bd17ec47d7e12ab9091a,2026-04,City of London Police,City of London Police,-0.105131,51.513941,On or near Bride Lane,E01032740,City of London 001G,Theft from the person,Unable to prosecute suspect,
cf4f21bedcb2538edc98fda750b301be9369dcf0950a3593dcf875fc3852110d,2026-04,City of London Police,City of London Police,-0.107443,51.515534,On or near Printer Street,E01032740,City of London 001G,Theft from the person,Under investigation,
845204af8e10a73b0e9ebe2cc53c828f4f1776dd4d08aac806259fddca291756,2026-04,City of London Police,City of London Police,-0.108450,51.514202,On or near Fleet Street,E01032740,City of London 001G,Theft from the person,Investigation complete; no suspect identified,
d8180f3931e8e98331518e0bfc2305765de06f7ea680fdd955d8a0229285d650,2026-04,City of London Police,City of London Police,-0.101359,51.518700,On or near Parking Area,E01032740,City of London 001G,Vehicle crime,Investigation complete; no suspect identified,
9a4489ad1c2b8c6a74df1f420714951030189b296e67de51f4351459363cbfbc,2026-04,City of London Police,City of London Police,-0.106076,51.517239,On or near Conference/Exhibition Centre,E01032740,City of London 001G,Vehicle crime,Investigation complete; no suspect identified,
b325c7716b2862455c3d447ed06460615b3f85e81ac8b5c33fea13b371370d9d,2026-04,City of London Police,City of London Police,-0.108450,51.514202,On or near Fleet Street,E01032740,City of London 001G,Violence and sexual offences,Unable to prosecute suspect,
b739d086f68e35775c28fb96a6bba2c4d70778b539052ea67a13bdd9dd083158,2026-04,City of London Police,City of London Police,-0.108027,51.511884,On or near Temple Avenue,E01032740,City of London 001G,Violence and sexual offences,Awaiting court outcome,
dc4e7d9901b66f165b896ba191596b648f1d75c17e3ac1ddd32cda955379d871,2026-04,City of London Police,City of London Police,-0.107443,51.515534,On or near Printer Street,E01032740,City of London 001G,Violence and sexual offences,Unable to prosecute suspect,
ec624caa62a1ed43e5273b7b624da58f4aad239bac185cb912cc0f65e5988a77,2026-04,City of London Police,City of London Police,-0.105909,51.513262,On or near Dorset Buildings,E01032740,City of London 001G,Violence and sexual offences,Unable to prosecute suspect,
4e76b1d5c93c3556a342e5169c2d117b8ee518bb6525b6a4dba2f3170f5079c2,2026-04,City of London Police,City of London Police,-0.104980,51.512033,On or near Kingscote Street,E01032740,City of London 001G,Violence and sexual offences,Under investigation,
3407ba802f41950f7f046b4009667b2a4076015fb3358f0a87bba897c1d5276f,2026-04,City of London Police,City of London Police,-0.105909,51.513262,On or near Dorset Buildings,E01032740,City of London 001G,Violence and sexual offences,Under investigation,
1b96235d5c87db4df51a4a66927fc3421d2d399fa786a9244c4e09840ffe359b,2026-04,City of London Police,City of London Police,-0.106076,51.517239,On or near Conference/Exhibition Centre,E01032740,City of London 001G,Violence and sexual offences,Under investigation,
bfb617ef227aae6b6f4c7fa10c0b31096362d9f298ee6e4f2551e0b4173b60e3,2026-04,City of London Police,City of London Police,-0.101621,51.516906,On or near Giltspur Street,E01032740,City of London 001G,Violence and sexual offences,Awaiting court outcome,
306b7dbd077ee085dd7f10808289f2981c8ac8e536fd62e305ed5964ad875e40,2026-04,City of London Police,City of London Police,-0.099803,51.519026,On or near Cloth Fair,E01032740,City of London 001G,Violence and sexual offences,Under investigation,
bc94bee506a23248a0a3210a0b9bbc0abc2cd9a070933b2117beee9e879de5fd,2026-04,City of London Police,City of London Police,-0.103490,51.513897,On or near City Thameslink,E01032740,City of London 001G,Violence and sexual offences,Under investigation,
0b6241471f7741a178574e82e9f1ae6cc8fdc73889a711b23b5b277036496249,2026-04,City of London Police,City of London Police,-0.105909,51.513262,On or near Dorset Buildings,E01032740,City of London 001G,Violence and sexual offences,Under investigation,
58e167be6bef3c6beedd7f12a3b2e816a39aa73a7e4b9b8e4bbdaed459d86778,2026-04,City of London Police,City of London Police,-0.097819,51.376244,On or near Supermarket,E01034148,Croydon 046B,Criminal damage and arson,Under investigation,
1b145ff499addef1b566a2f947bdc0c85341a1797a48dae4131c41260912e03d,2026-04,City of London Police,City of London Police,-1.021861,53.442229,On or near Parking Area,E01007609,Doncaster 038B,Other crime,Under investigation,
df2a352272153d3c3892a6404c9f41180991b75b5e18a0f522c723a8065e0af7,2026-04,City of London Police,City of London Police,-0.358477,51.515683,On or near Baird Avenue,E01001220,Ealing 029B,Violence and sexual offences,Under investigation,
83811b419358bdbdcdb2eed4463de9036b29885b3a4410a7e98ae17a12e2a93a,2026-04,City of London Police,City of London Police,-0.065520,51.536873,On or near Magnin Close,E01001821,Hackney 024F,Other crime,Under investigation,
7ed5472441a3392b5fed325b60b91c842ffc18bab14fbdfe7bcc65c11f67580c,2026-04,City of London Police,City of London Police,-0.082648,51.520455,On or near Earl Street,E01033708,Hackney 033C,Other theft,Investigation complete; no suspect identified,
4ae0248d11a133cec2a20e441cda7aecbca7ed20e6c2e6b0819f33da47d8f4f9,2026-04,City of London Police,City of London Police,-0.082648,51.520455,On or near Earl Street,E01033708,Hackney 033C,Public order,Under investigation,
985d192484d690755ceb6c54177ff69a4c7b65356e9cde4179e25551cd9a0d05,2026-04,City of London Police,City of London Police,-0.078684,51.522531,On or near Bowl Court,E01033708,Hackney 033C,Violence and sexual offences,Under investigation,
4da8a2be0a907d7c9170fba565b81d7a3e15e0e3e78b7c893886c4bc5df2bf53,2026-04,City of London Police,City of London Police,-0.920242,52.473734,On or near Parking Area,E01025806,Harborough 008D,Violence and sexual offences,Under investigation,
6043d7589aa5c6b7de0e6060f0a8ea2045f94422848daecdf4c8e754f1e97e29,2026-04,City of London Police,City of London Police,-0.072860,51.583288,On or near Shopping Area,E01002069,Haringey 024B,Theft from the person,Investigation complete; no suspect identified,
67dcbc00c7111c1b5275d8baed3b580114733be7ad76e55f147849cc79bafea8,2026-04,City of London Police,City of London Police,-0.061081,51.587032,On or near Supermarket,E01002068,Haringey 025B,Other theft,Action to be taken by another organisation,
755e0d3755cd6443db4e30637bc9bbf37139171fcd0e4f776614f449344ead33,2026-04,City of London Police,City of London Police,-0.369395,51.467403,On or near Further/Higher Educational Building,E01034038,Hounslow 017F,Public order,Under investigation,
9bcba800c8a6a24705c833d570e6d548262abdc1c9fe749259f84a1b7c0ccecd,2026-04,City of London Police,City of London Police,-0.106396,51.549464,On or near Fieldway Crescent,E01002739,Islington 013A,Drugs,Under investigation,
d0eea2c71608d66bfcd60bcc729d51776f83d10a1b1b7eacc85f6749a00fa5a1,2026-04,City of London Police,City of London Police,-0.115524,51.531725,On or near Cumming Street,E01002697,Islington 019B,Vehicle crime,Under investigation,
abdfc3bd1e57bc04466f840982a4edced1529f1f23725b09a5db03c1e8e6ebc3,2026-04,City of London Police,City of London Police,-0.119727,51.531190,On or near Theatre/Concert Hall,E01002711,Islington 021B,Theft from the person,Under investigation,
ae42bede54227666189ee3c2cdad7c7c3050c5a555e64806182b735b64677b93,2026-04,City of London Police,City of London Police,-0.106997,51.522137,On or near Farringdon Road,E01002724,Islington 022D,Drugs,Awaiting court outcome,
f655e84bc777d83a7269ae27f4f1afee71cc2a9ccac29057e3f661c83f162ead,2026-04,City of London Police,City of London Police,-0.098500,51.520551,On or near Carthusian Street,E01033490,Islington 022H,Robbery,Under investigation,
fb0fee119dad48c27d89661932309d45e4bd568226cc80aab8530fb04e5dcde2,2026-04,City of London Police,City of London Police,-0.098500,51.520551,On or near Carthusian Street,E01033490,Islington 022H,Shoplifting,Investigation complete; no suspect identified,
96e4b5bb9501021cfe6edb28758b20ed0eafa682547cd7d1c90904285fb79000,2026-04,City of London Police,City of London Police,-0.092405,51.522026,On or near Supermarket,E01002704,Islington 023D,Bicycle theft,Investigation complete; no suspect identified,
eea3902ff4c798baadf58dda9339cd36be76f85e44f6d99d824a5f36cf1f2a3a,2026-04,City of London Police,City of London Police,-0.105835,51.507415,On or near Supermarket,E01003934,Southwark 002C,Theft from the person,Investigation complete; no suspect identified,
d2e285a747568def9a44edc4902496528bb15e497b641a9d232eef8e7a1a75a6,2026-04,City of London Police,City of London Police,-0.105835,51.507415,On or near Supermarket,E01003934,Southwark 002C,Theft from the person,Investigation complete; no suspect identified,
3d4f88e3809b4578f013bee10b2b677bffd508260aa45d8b3b7885e0801d2ba1,2026-04,City of London Police,City of London Police,-0.078861,51.481662,On or near Bibury Close,E01004012,Southwark 019C,Other theft,Under investigation,
2fe72448087b3bcbd416a567d7202ed9ef1d3b5c6e4effebe9f1c3b05b44b8e4,2026-04,City of London Police,City of London Police,-0.077597,51.518907,On or near Steward Street,E01004307,Tower Hamlets 015B,Other theft,Investigation complete; no suspect identified,
9f6cc430bd903eec66606257b8775740f6e214913a76c9d80711813326866d49,2026-04,City of London Police,City of London Police,-0.078757,51.520455,On or near Spital Square,E01004307,Tower Hamlets 015B,Other theft,Investigation complete; no suspect identified,
12aa693c247876163d0c2cf24e0fb2ab4dad44529126e840cbac0f0e8867a9bb,2026-04,City of London Police,City of London Police,-0.077597,51.518907,On or near Steward Street,E01004307,Tower Hamlets 015B,Other theft,Investigation complete; no suspect identified,
b5d792332d19f903d80dffdf949cf54c8e739e8300667368d7d83bf46aa55bad,2026-04,City of London Police,City of London Police,-0.072542,51.513100,On or near Further/Higher Educational Building,E01032767,Tower Hamlets 021F,Drugs,Under investigation,
851979d972438cd3c82462b37e4138a3fd42256c07acc8deace763d6ca9e1037,2026-04,City of London Police,City of London Police,-0.072463,51.512141,On or near West Tenter Street,E01032767,Tower Hamlets 021F,Other theft,Under investigation,
4fcc4c2c17082c7210b4742e77277dd0aa9de3b1c6308f2b9e3552342c3f9f6b,2026-04,City of London Police,City of London Police,-0.070746,51.513893,On or near Alie Street,E01032767,Tower Hamlets 021F,Theft from the person,Under investigation,
dc70a98e595f30de8be73694fdcdc51e4659dccf714d5b824d4a512671fcf3f9,2026-04,City of London Police,City of London Police,-0.072542,51.513100,On or near Further/Higher Educational Building,E01032767,Tower Hamlets 021F,Theft from the person,Investigation complete; no suspect identified,
ed7fc7d558e77c3fd115874786c2efe17dd60bf37a851c33ac885a96d6223f6c,2026-04,City of London Police,City of London Police,-0.072542,51.513100,On or near Further/Higher Educational Building,E01032767,Tower Hamlets 021F,Violence and sexual offences,Under investigation,
b74be57376a4c9957a2746686ea227b3f9c941784380499303793bdad8eb070e,2026-04,City of London Police,City of London Police,-0.076667,51.509485,On or near A3211,E01004293,Tower Hamlets 027B,Other theft,Investigation complete; no suspect identified,
4653d9a0267745988da9a36864e9a2d12959088b540d7d084f650bfa900b15e9,2026-04,City of London Police,City of London Police,-0.074039,51.508588,On or near Tower Bridge Approach,E01004293,Tower Hamlets 027B,Public order,Investigation complete; no suspect identified,
46c0082c64e045567c1b18088a89e993056482187bb2021100c172ad572dee85,2026-04,City of London Police,City of London Police,-0.074039,51.508588,On or near Tower Bridge Approach,E01004293,Tower Hamlets 027B,Violence and sexual offences,Unable to prosecute suspect,
62542c58763be4a9db01709f047558cb63b73b4efab7cb66ecfbd80c5d2d6478,2026-04,City of London Police,City of London Police,-0.052644,51.507120,On or near Monza Street,E01004297,Tower Hamlets 027C,Drugs,Unable to prosecute suspect,
caf1466c6e4ed5af49d5f569623a1f73c6de5d86b11c445218c8da10e4e3f3dd,2026-04,City of London Police,City of London Police,-0.025314,51.504648,On or near Park Place,E01032771,Tower Hamlets 033B,Violence and sexual offences,Under investigation,
0d5ae40711d9c5f9b3147040cdfcbfe0a61e3379e57cefb2493f44514f450d88,2026-04,City of London Police,City of London Police,-0.020928,51.505114,On or near Canary Wharf,E01032771,Tower Hamlets 033B,Other crime,Under investigation,
f9d3d9b5964474b502beef9d7a9b93bce6aadeed808a076b9c5a75fdf09ceba7,2026-04,City of London Police,City of London Police,-0.129438,51.513064,On or near Shaftesbury Avenue,E01004763,Westminster 013B,Other theft,Under investigation,
f612ca58411af71f0bb055a6e35e789c481af099dbfdc3de797b51ba0cd80a7c,2026-04,City of London Police,City of London Police,-0.143408,51.514365,On or near Princes Street,E01035716,Westminster 013G,Theft from the person,Under investigation,
92692e5465d6909298afca5c6b6e09867ecea150ac615631a5cfd321eec709f7,2026-04,City of London Police,City of London Police,-0.172915,51.517103,On or near Praed Street,E01033594,Westminster 015G,Other theft,Investigation complete; no suspect identified,
bc9a4e8f0eb9c5161606c661fd5d4cd462bda01843e3a67ffd26aabc1c79cd14,2026-04,City of London Police,City of London Police,-0.129023,51.512994,On or near Charing Cross Road,E01004734,Westminster 018A,Other theft,Under investigation,
9178849a5062dfdf0ba543711527c3a4714c672995d2702623b31a362316358c,2026-04,City of London Police,City of London Police,-0.112811,51.512590,On or near Essex Street,E01004735,Westminster 018B,Burglary,Under investigation,
d27653c7be53741ce2ab977b758011307e49c78e23449708cba3f4aaea24287d,2026-04,City of London Police,City of London Police,-0.112811,51.512590,On or near Essex Street,E01004735,Westminster 018B,Burglary,Under investigation,
c8fd92dadf5e6e2860886b3c7ae998415182ba8160437e38b07d23b50b2d4124,2026-04,City of London Police,City of London Police,-0.112051,51.514602,On or near Bell Yard,E01004735,Westminster 018B,Criminal damage and arson,Unable to prosecute suspect,
473aa199df7da5d68a1551b974e9c22679a8a55099a38d74fd55d541490874f1,2026-04,City of London Police,City of London Police,-0.111567,51.513757,On or near Middle Temple Lane,E01004735,Westminster 018B,Theft from the person,Investigation complete; no suspect identified,
063e681ade799cbf2178b21dca5bd3816bca39ec6d4edfd126b487e54da937bc,2026-04,City of London Police,City of London Police,-0.124975,51.506985,On or near Northumberland Avenue,E01004736,Westminster 018C,Possession of weapons,Awaiting court outcome,
7a12c52b53788f842c34df06915f5aea74011c117b34831e52fab2e5f22ae2f6,2026-04,City of London Police,City of London Police,-0.147050,51.512336,On or near Brook'S Mews,E01004761,Westminster 018D,Other theft,Under investigation,
e57d0d25089cb7c4a5ba8128e3747858055d549cded84bbaa8fabfe5a5d0ece1,2026-04,City of London Police,City of London Police,-0.136464,51.492043,On or near A202,E01004747,Westminster 021E,Other theft,Under investigation,
2486d11c118ebf2260aaed275f70685724cee0a27a89d40cfead46a00db55675,2026-04,City of London Police,City of London Police,-0.146028,51.488166,On or near Westmoreland Terrace,E01004668,Westminster 023D,Theft from the person,Under investigation,
1eeb3c21ab73feec6f77d65080f417de932a26de40923c0559c93aad7bd3757a,2026-04,City of London Police,City of London Police,-2.118045,52.590344,On or near Field Street,E01010472,Wolverhampton 015B,Violence and sexual offences,Under investigation,
,2026-04,City of London Police,City of London Police,,,No Location,,,Anti-social behaviour,,
,2026-04,City of London Police,City of London Police,,,No Location,,,Anti-social behaviour,,
f63a60006005658c961c1611438d4e1ac90fb1b2fc5d745f579b69d35de5c3fe,2026-04,City of London Police,City of London Police,,,No Location,,,Bicycle theft,Under investigation,
126b234cea3b46ae41dd1f8418469facb01a58edc30dd7e9618291787fd3d590,2026-04,City of London Police,City of London Police,,,No Location,,,Bicycle theft,Under investigation,
f52b13b663f5bb73aafd75c9aa5e4c6740602445320c80f2bb5ac9a53ec8c71c,2026-04,City of London Police,City of London Police,,,No Location,,,Bicycle theft,Under investigation,
1a1d4be4645c394dc321bad2be3bdc8fd53d689c3f7c214b9c723076f4906710,2026-04,City of London Police,City of London Police,,,No Location,,,Criminal damage and arson,Investigation complete; no suspect identified,
15bb32e156ed30dd51ff915fd49c76d9fae9dabe5c3282549c51c7e47d4314c9,2026-04,City of London Police,City of London Police,,,No Location,,,Criminal damage and arson,Unable to prosecute suspect,
42b7a2c9aaf1d8e0ab9d5a0c285c33746c7ea8f28f83f47bd4662333e4a4f47f,2026-04,City of London Police,City of London Police,,,No Location,,,Criminal damage and arson,Investigation complete; no suspect identified,
d8ae598dd3976273a0050640862096f483f65d6abd8bec98878c896f468d4801,2026-04,City of London Police,City of London Police,,,No Location,,,Drugs,Under investigation,
bcfe6740c8ad16930335947fdcb5b4a0786d7e46cfefab023859138f079bf4f7,2026-04,City of London Police,City of London Police,,,No Location,,,Drugs,Under investigation,
b3c0bedd51149d2b07fd07e3ea25a2c0a285fdaba5bd6f132e7a60df817464f1,2026-04,City of London Police,City of London Police,,,No Location,,,Drugs,Under investigation,
8784c82efc7408661a4812510444a51bcdbaf3e029503ba7f62335f747825028,2026-04,City of London Police,City of London Police,,,No Location,,,Drugs,Local resolution,
60a10c957d1eea365a8dc8fe89462ec9a896c378e6ee9ca99ceaffb687a8de37,2026-04,City of London Police,City of London Police,,,No Location,,,Drugs,Under investigation,
bc4b2e98830d5b9ded252f4cfb541d74dac79d894f3a87a7c00f6a0ae0639746,2026-04,City of London Police,City of London Police,,,No Location,,,Drugs,Under investigation,
06c62749c927cd976b8e7451afc416aca99db8aede0ef39708b25f4a70dbec0a,2026-04,City of London Police,City of London Police,,,No Location,,,Other theft,Investigation complete; no suspect identified,
5e97942d748ba739f790e9dce608ca65a4d47cf315e4ee36b8ee375e292af2f8,2026-04,City of London Police,City of London Police,,,No Location,,,Other theft,Under investigation,
481a79a6c3be5e4b04cbae1546959fa612fac703dd10bec78338e468c6ed4b63,2026-04,City of London Police,City of London Police,,,No Location,,,Other theft,Investigation complete; no suspect identified,
7be344d558965c619c2d7bb2f9fce7d4c9d9cbae53ac8cc143d803a094dbf8f2,2026-04,City of London Police,City of London Police,,,No Location,,,Other theft,Investigation complete; no suspect identified,
3f843dce445caf1ef300c859d8976272545202afd74a8db3639b18be7c0dd10d,2026-04,City of London Police,City of London Police,,,No Location,,,Other theft,Investigation complete; no suspect identified,
0f53967b8c0e03d90e7a63ec8c04093e45e54ffafc49892b388799c9741994b1,2026-04,City of London Police,City of London Police,,,No Location,,,Other theft,Under investigation,
7f2ea3104f01307e0aaa2df0d155a8b002e142b9fc2ce4f8031b8648fca4788d,2026-04,City of London Police,City of London Police,,,No Location,,,Other theft,Investigation complete; no suspect identified,
60f3a41b889351692263a322c784bafe0156b09d3e2bd9a9f14b6f1f548226ed,2026-04,City of London Police,City of London Police,,,No Location,,,Public order,Unable to prosecute suspect,
4f1f7cf3168ba1c599be3a7a41aad3389c994e180e4eb3d0f280693a70171da7,2026-04,City of London Police,City of London Police,,,No Location,,,Public order,Under investigation,
922510542b6218c4cd233b35169defad07af345af5cb047930831ff3e7f3cae8,2026-04,City of London Police,City of London Police,,,No Location,,,Public order,Investigation complete; no suspect identified,
cb8ec341c151b4bcea0f610f1709e0c8328656377a6292a3ca8f05bbd89ee2fc,2026-04,City of London Police,City of London Police,,,No Location,,,Public order,Under investigation,
2a5e749b3e2ae3d6aeb2259fedf072b55aa9cb058cdc2300df33e4d1b67d081a,2026-04,City of London Police,City of London Police,,,No Location,,,Robbery,Under investigation,
aacad47bf97866a70f107ebb5154e6aa52791635fb19e03d3b34fc53f1e91f81,2026-04,City of London Police,City of London Police,,,No Location,,,Shoplifting,Unable to prosecute suspect,
f318f40e2254b7392cb463b5f40d81154d357d66ac1e0c77e926c738aa0ed90a,2026-04,City of London Police,City of London Police,,,No Location,,,Shoplifting,Awaiting court outcome,
6f4060d250a9523eb3c28dcf7e86b04377f052784b321590ac9e65703d7f8c62,2026-04,City of London Police,City of London Police,,,No Location,,,Theft from the person,Investigation complete; no suspect identified,
487ea9b14e5070a3c31b11e7a479dcd8efb6e4266b1479b18960895c71f6f586,2026-04,City of London Police,City of London Police,,,No Location,,,Theft from the person,Under investigation,
cb9ae8b53e65f472f45a20e72eb13da6f84e7dae3287c2c6e0ce2590c6aecf86,2026-04,City of London Police,City of London Police,,,No Location,,,Theft from the person,Investigation complete; no suspect identified,
8bf2d6593d6ba30843a9af279fa1cd940f6ba637e4cf4449e987131d1579dda8,2026-04,City of London Police,City of London Police,,,No Location,,,Theft from the person,Under investigation,
38b352cf5185f6e7c8fc25ee8664a1c2b7919eb81f7e024d980c54c2b53051e2,2026-04,City of London Police,City of London Police,,,No Location,,,Theft from the person,Under investigation,
285ee5dfd1ff3651da97e04802f8a2d4f631c0f3cc3eacb839adb6ea949d791e,2026-04,City of London Police,City of London Police,,,No Location,,,Theft from the person,Under investigation,
0a2345a8e462cf98794fa3c650261bce8321e5a3da7b68c592a6851c81fa0756,2026-04,City of London Police,City of London Police,,,No Location,,,Violence and sexual offences,Under investigation,
910fc5234dd307aa0c5e0565ec97a2379bf8128506c510435d1f4adeb80c74b1,2026-04,City of London Police,City of London Police,,,No Location,,,Violence and sexual offences,Investigation complete; no suspect identified,
46da0c295b02b77db20fdc5f316cfa8c0fda657503d1852cd9625ac887a6b8fd,2026-04,City of London Police,City of London Police,,,No Location,,,Violence and sexual offences,Under investigation,
a59690f3a248ec0090a815b669b64c7e78aac90263b9f3c9d807248e38f6b4e0,2026-04,City of London Police,City of London Police,,,No Location,,,Violence and sexual offences,Under investigation,
0940a0c26e8419bc1fe945e5e678491b90bb652d6d8ebe94b65f59c69c20b838,2026-04,City of London Police,City of London Police,,,No Location,,,Violence and sexual offences,Under investigation,
b41953f1ae46a366b64c12ba7ec50d5c1fb10b5747da02bdcf450bd4526f0fe5,2026-04,City of London Police,City of London Police,,,No Location,,,Violence and sexual offences,Under investigation,
d1553176adeb0840d7667043753d46b2d1bdae2121574f2ad4fe9757504ea1d7,2026-04,City of London Police,City of London Police,,,No Location,,,Violence and sexual offences,Under investigation,
